Timestamp,BrokerServerTime,UTCTime,AccountMasked,Symbol,Magic,SignalBarTime,Direction,H1_EMA50,H1_EMA200,H1_ADX,M15_EMA20,M15_ATR,Median_ATR,Spread,SignalClose,EntryPrice,StopLoss,TakeProfit,StopDistance,RiskPercentage,RiskMoney,RawVolume,FinalVolume,MinVolume,VolumeStep,EstimatedMargin,DailyLossStatus,WeeklyLossStatus,DrawdownStatus,NewsStatus,SessionStatus,ConnectionOK,DataOK,SessionOK,ExposureOK,DailyLossOK,WeeklyLossOK,DrawdownOK,NewsOK,TrendOK,PullbackOK,BreakoutOK,VolatilityOK,SpreadOK,PriceDistanceOK,StopOK,RiskOK,VolumeOK,MarginOK,OrderCheckOK,RejectionReason,OrderRequestResult,TradeServerRetcode,DealTicket,PositionTicket,ActualEntryPrice,ActualSpread,EstimatedSlippage,ExitPrice,ExitReason,ResultMoney,ResultR
2026.09.01 01:15:00,2026.09.01 01:15:00,2026.09.01 01:15:00,"10****84",XAUUSD,108151,2026.09.01 01:00:00,NONE,0.00000,0.00000,0.00,0.00000,0.00000,0.00000,0.00000,0.00000,0.00000,0.00000,0.00000,0.00000,0.00,0.00,0.00,0.00,0.00,0.00,0.00,"","","","","OutsideUTCWindow",TRUE,TRUE,FALSE,FALSE,FALSE,FALSE,FALSE,FALSE,FALSE,FALSE,FALSE,FALSE,FALSE,FALSE,FALSE,FALSE,FALSE,FALSE,FALSE,"Outside UTC session (08:00 - 16:00 UTC, Current: 01:15)","",0,0,0,0.00000,0.00000,0.00000,0.00000,"",0.00,0.00
2026.09.01 01:30:00,2026.09.01 01:30:00,2026.09.01 01:30:00,"10****84",XAUUSD,108151,2026.09.01 01:15:00,NONE,0.00000,0.00000,0.00,0.00000,0.00000,0.00000,0.00000,0.00000,0.00000,0.00000,0.00000,0.00000,0.00,0.00,0.00,0.00,0.00,0.00,0.00,"","","","","OutsideUTCWindow",TRUE,TRUE,FALSE,FALSE,FALSE,FALSE,FALSE,FALSE,FALSE,FALSE,FALSE,FALSE,FALSE,FALSE,FALSE,FALSE,FALSE,FALSE,FALSE,"Outside UTC session (08:00 - 16:00 UTC, Current: 01:30)","",0,0,0,0.00000,0.00000,0.00000,0.00000,"",0.00,0.00
2026.09.01 01:45:00,2026.09.01 01:45:00,2026.09.01 01:45:00,"10****84",XAUUSD,108151,2026.09.01 01:30:00,NONE,0.00000,0.00000,0.00,0.00000,0.00000,0.00000,0.00000,0.00000,0.00000,0.00000,0.00000,0.00000,0.00,0.00,0.00,0.00,0.00,0.00,0.00,"","","","","OutsideUTCWindow",TRUE,TRUE,FALSE,FALSE,FALSE,FALSE,FALSE,FALSE,FALSE,FALSE,FALSE,FALSE,FALSE,FALSE,FALSE,FALSE,FALSE,FALSE,FALSE,"Outside UTC session (08:00 - 16:00 UTC, Current: 01:45)","",0,0,0,0.00000,0.00000,0.00000,0.00000,"",0.00,0.00
2026.09.01 02:00:00,2026.09.01 02:00:00,2026.09.01 02:00:00,"10****84",XAUUSD,108151,2026.09.01 01:45:00,NONE,0.00000,0.00000,0.00,0.00000,0.00000,0.00000,0.00000,0.00000,0.00000,0.00000,0.00000,0.00000,0.00,0.00,0.00,0.00,0.00,0.00,0.00,"","","","","OutsideUTCWindow",TRUE,TRUE,FALSE,FALSE,FALSE,FALSE,FALSE,FALSE,FALSE,FALSE,FALSE,FALSE,FALSE,FALSE,FALSE,FALSE,FALSE,FALSE,FALSE,"Outside UTC session (08:00 - 16:00 UTC, Current: 02:00)","",0,0,0,0.00000,0.00000,0.00000,0.00000,"",0.00,0.00
2026.09.01 02:15:00,2026.09.01 02:15:00,2026.09.01 02:15:00,"10****84",XAUUSD,108151,2026.09.01 02:00:00,NONE,0.00000,0.00000,0.00,0.00000,0.00000,0.00000,0.00000,0.00000,0.00000,0.00000,0.00000,0.00000,0.00,0.00,0.00,0.00,0.00,0.00,0.00,"","","","","OutsideUTCWindow",TRUE,TRUE,FALSE,FALSE,FALSE,FALSE,FALSE,FALSE,FALSE,FALSE,FALSE,FALSE,FALSE,FALSE,FALSE,FALSE,FALSE,FALSE,FALSE,"Outside UTC session (08:00 - 16:00 UTC, Current: 02:15)","",0,0,0,0.00000,0.00000,0.00000,0.00000,"",0.00,0.00
2026.09.01 02:30:00,2026.09.01 02:30:00,2026.09.01 02:30:00,"10****84",XAUUSD,108151,2026.09.01 02:15:00,NONE,0.00000,0.00000,0.00,0.00000,0.00000,0.00000,0.00000,0.00000,0.00000,0.00000,0.00000,0.00000,0.00,0.00,0.00,0.00,0.00,0.00,0.00,"","","","","OutsideUTCWindow",TRUE,TRUE,FALSE,FALSE,FALSE,FALSE,FALSE,FALSE,FALSE,FALSE,FALSE,FALSE,FALSE,FALSE,FALSE,FALSE,FALSE,FALSE,FALSE,"Outside UTC session (08:00 - 16:00 UTC, Current: 02:30)","",0,0,0,0.00000,0.00000,0.00000,0.00000,"",0.00,0.00
2026.09.01 02:45:00,2026.09.01 02:45:00,2026.09.01 02:45:00,"10****84",XAUUSD,108151,2026.09.01 02:30:00,NONE,0.00000,0.00000,0.00,0.00000,0.00000,0.00000,0.00000,0.00000,0.00000,0.00000,0.00000,0.00000,0.00,0.00,0.00,0.00,0.00,0.00,0.00,"","","","","OutsideUTCWindow",TRUE,TRUE,FALSE,FALSE,FALSE,FALSE,FALSE,FALSE,FALSE,FALSE,FALSE,FALSE,FALSE,FALSE,FALSE,FALSE,FALSE,FALSE,FALSE,"Outside UTC session (08:00 - 16:00 UTC, Current: 02:45)","",0,0,0,0.00000,0.00000,0.00000,0.00000,"",0.00,0.00
2026.09.01 03:00:00,2026.09.01 03:00:00,2026.09.01 03:00:00,"10****84",XAUUSD,108151,2026.09.01 02:45:00,NONE,0.00000,0.00000,0.00,0.00000,0.00000,0.00000,0.00000,0.00000,0.00000,0.00000,0.00000,0.00000,0.00,0.00,0.00,0.00,0.00,0.00,0.00,"","","","","OutsideUTCWindow",TRUE,TRUE,FALSE,FALSE,FALSE,FALSE,FALSE,FALSE,FALSE,FALSE,FALSE,FALSE,FALSE,FALSE,FALSE,FALSE,FALSE,FALSE,FALSE,"Outside UTC session (08:00 - 16:00 UTC, Current: 03:00)","",0,0,0,0.00000,0.00000,0.00000,0.00000,"",0.00,0.00
2026.09.01 03:15:00,2026.09.01 03:15:00,2026.09.01 03:15:00,"10****84",XAUUSD,108151,2026.09.01 03:00:00,NONE,0.00000,0.00000,0.00,0.00000,0.00000,0.00000,0.00000,0.00000,0.00000,0.00000,0.00000,0.00000,0.00,0.00,0.00,0.00,0.00,0.00,0.00,"","","","","OutsideUTCWindow",TRUE,TRUE,FALSE,FALSE,FALSE,FALSE,FALSE,FALSE,FALSE,FALSE,FALSE,FALSE,FALSE,FALSE,FALSE,FALSE,FALSE,FALSE,FALSE,"Outside UTC session (08:00 - 16:00 UTC, Current: 03:15)","",0,0,0,0.00000,0.00000,0.00000,0.00000,"",0.00,0.00
2026.09.01 03:30:00,2026.09.01 03:30:00,2026.09.01 03:30:00,"10****84",XAUUSD,108151,2026.09.01 03:15:00,NONE,0.00000,0.00000,0.00,0.00000,0.00000,0.00000,0.00000,0.00000,0.00000,0.00000,0.00000,0.00000,0.00,0.00,0.00,0.00,0.00,0.00,0.00,"","","","","OutsideUTCWindow",TRUE,TRUE,FALSE,FALSE,FALSE,FALSE,FALSE,FALSE,FALSE,FALSE,FALSE,FALSE,FALSE,FALSE,FALSE,FALSE,FALSE,FALSE,FALSE,"Outside UTC session (08:00 - 16:00 UTC, Current: 03:30)","",0,0,0,0.00000,0.00000,0.00000,0.00000,"",0.00,0.00
2026.09.01 03:45:00,2026.09.01 03:45:00,2026.09.01 03:45:00,"10****84",XAUUSD,108151,2026.09.01 03:30:00,NONE,0.00000,0.00000,0.00,0.00000,0.00000,0.00000,0.00000,0.00000,0.00000,0.00000,0.00000,0.00000,0.00,0.00,0.00,0.00,0.00,0.00,0.00,"","","","","OutsideUTCWindow",TRUE,TRUE,FALSE,FALSE,FALSE,FALSE,FALSE,FALSE,FALSE,FALSE,FALSE,FALSE,FALSE,FALSE,FALSE,FALSE,FALSE,FALSE,FALSE,"Outside UTC session (08:00 - 16:00 UTC, Current: 03:45)","",0,0,0,0.00000,0.00000,0.00000,0.00000,"",0.00,0.00
2026.09.01 04:00:00,2026.09.01 04:00:00,2026.09.01 04:00:00,"10****84",XAUUSD,108151,2026.09.01 03:45:00,NONE,0.00000,0.00000,0.00,0.00000,0.00000,0.00000,0.00000,0.00000,0.00000,0.00000,0.00000,0.00000,0.00,0.00,0.00,0.00,0.00,0.00,0.00,"","","","","OutsideUTCWindow",TRUE,TRUE,FALSE,FALSE,FALSE,FALSE,FALSE,FALSE,FALSE,FALSE,FALSE,FALSE,FALSE,FALSE,FALSE,FALSE,FALSE,FALSE,FALSE,"Outside UTC session (08:00 - 16:00 UTC, Current: 04:00)","",0,0,0,0.00000,0.00000,0.00000,0.00000,"",0.00,0.00
2026.09.01 04:15:00,2026.09.01 04:15:00,2026.09.01 04:15:00,"10****84",XAUUSD,108151,2026.09.01 04:00:00,NONE,0.00000,0.00000,0.00,0.00000,0.00000,0.00000,0.00000,0.00000,0.00000,0.00000,0.00000,0.00000,0.00,0.00,0.00,0.00,0.00,0.00,0.00,"","","","","OutsideUTCWindow",TRUE,TRUE,FALSE,FALSE,FALSE,FALSE,FALSE,FALSE,FALSE,FALSE,FALSE,FALSE,FALSE,FALSE,FALSE,FALSE,FALSE,FALSE,FALSE,"Outside UTC session (08:00 - 16:00 UTC, Current: 04:15)","",0,0,0,0.00000,0.00000,0.00000,0.00000,"",0.00,0.00
2026.09.01 04:30:00,2026.09.01 04:30:00,2026.09.01 04:30:00,"10****84",XAUUSD,108151,2026.09.01 04:15:00,NONE,0.00000,0.00000,0.00,0.00000,0.00000,0.00000,0.00000,0.00000,0.00000,0.00000,0.00000,0.00000,0.00,0.00,0.00,0.00,0.00,0.00,0.00,"","","","","OutsideUTCWindow",TRUE,TRUE,FALSE,FALSE,FALSE,FALSE,FALSE,FALSE,FALSE,FALSE,FALSE,FALSE,FALSE,FALSE,FALSE,FALSE,FALSE,FALSE,FALSE,"Outside UTC session (08:00 - 16:00 UTC, Current: 04:30)","",0,0,0,0.00000,0.00000,0.00000,0.00000,"",0.00,0.00
2026.09.01 04:45:00,2026.09.01 04:45:00,2026.09.01 04:45:00,"10****84",XAUUSD,108151,2026.09.01 04:30:00,NONE,0.00000,0.00000,0.00,0.00000,0.00000,0.00000,0.00000,0.00000,0.00000,0.00000,0.00000,0.00000,0.00,0.00,0.00,0.00,0.00,0.00,0.00,"","","","","OutsideUTCWindow",TRUE,TRUE,FALSE,FALSE,FALSE,FALSE,FALSE,FALSE,FALSE,FALSE,FALSE,FALSE,FALSE,FALSE,FALSE,FALSE,FALSE,FALSE,FALSE,"Outside UTC session (08:00 - 16:00 UTC, Current: 04:45)","",0,0,0,0.00000,0.00000,0.00000,0.00000,"",0.00,0.00
2026.09.01 05:00:00,2026.09.01 05:00:00,2026.09.01 05:00:00,"10****84",XAUUSD,108151,2026.09.01 04:45:00,NONE,0.00000,0.00000,0.00,0.00000,0.00000,0.00000,0.00000,0.00000,0.00000,0.00000,0.00000,0.00000,0.00,0.00,0.00,0.00,0.00,0.00,0.00,"","","","","OutsideUTCWindow",TRUE,TRUE,FALSE,FALSE,FALSE,FALSE,FALSE,FALSE,FALSE,FALSE,FALSE,FALSE,FALSE,FALSE,FALSE,FALSE,FALSE,FALSE,FALSE,"Outside UTC session (08:00 - 16:00 UTC, Current: 05:00)","",0,0,0,0.00000,0.00000,0.00000,0.00000,"",0.00,0.00
2026.09.01 05:15:00,2026.09.01 05:15:00,2026.09.01 05:15:00,"10****84",XAUUSD,108151,2026.09.01 05:00:00,NONE,0.00000,0.00000,0.00,0.00000,0.00000,0.00000,0.00000,0.00000,0.00000,0.00000,0.00000,0.00000,0.00,0.00,0.00,0.00,0.00,0.00,0.00,"","","","","OutsideUTCWindow",TRUE,TRUE,FALSE,FALSE,FALSE,FALSE,FALSE,FALSE,FALSE,FALSE,FALSE,FALSE,FALSE,FALSE,FALSE,FALSE,FALSE,FALSE,FALSE,"Outside UTC session (08:00 - 16:00 UTC, Current: 05:15)","",0,0,0,0.00000,0.00000,0.00000,0.00000,"",0.00,0.00
2026.09.01 05:30:00,2026.09.01 05:30:00,2026.09.01 05:30:00,"10****84",XAUUSD,108151,2026.09.01 05:15:00,NONE,0.00000,0.00000,0.00,0.00000,0.00000,0.00000,0.00000,0.00000,0.00000,0.00000,0.00000,0.00000,0.00,0.00,0.00,0.00,0.00,0.00,0.00,"","","","","OutsideUTCWindow",TRUE,TRUE,FALSE,FALSE,FALSE,FALSE,FALSE,FALSE,FALSE,FALSE,FALSE,FALSE,FALSE,FALSE,FALSE,FALSE,FALSE,FALSE,FALSE,"Outside UTC session (08:00 - 16:00 UTC, Current: 05:30)","",0,0,0,0.00000,0.00000,0.00000,0.00000,"",0.00,0.00
2026.09.01 05:45:00,2026.09.01 05:45:00,2026.09.01 05:45:00,"10****84",XAUUSD,108151,2026.09.01 05:30:00,NONE,0.00000,0.00000,0.00,0.00000,0.00000,0.00000,0.00000,0.00000,0.00000,0.00000,0.00000,0.00000,0.00,0.00,0.00,0.00,0.00,0.00,0.00,"","","","","OutsideUTCWindow",TRUE,TRUE,FALSE,FALSE,FALSE,FALSE,FALSE,FALSE,FALSE,FALSE,FALSE,FALSE,FALSE,FALSE,FALSE,FALSE,FALSE,FALSE,FALSE,"Outside UTC session (08:00 - 16:00 UTC, Current: 05:45)","",0,0,0,0.00000,0.00000,0.00000,0.00000,"",0.00,0.00
2026.09.01 06:00:00,2026.09.01 06:00:00,2026.09.01 06:00:00,"10****84",XAUUSD,108151,2026.09.01 05:45:00,NONE,0.00000,0.00000,0.00,0.00000,0.00000,0.00000,0.00000,0.00000,0.00000,0.00000,0.00000,0.00000,0.00,0.00,0.00,0.00,0.00,0.00,0.00,"","","","","OutsideUTCWindow",TRUE,TRUE,FALSE,FALSE,FALSE,FALSE,FALSE,FALSE,FALSE,FALSE,FALSE,FALSE,FALSE,FALSE,FALSE,FALSE,FALSE,FALSE,FALSE,"Outside UTC session (08:00 - 16:00 UTC, Current: 06:00)","",0,0,0,0.00000,0.00000,0.00000,0.00000,"",0.00,0.00
2026.09.01 06:15:00,2026.09.01 06:15:00,2026.09.01 06:15:00,"10****84",XAUUSD,108151,2026.09.01 06:00:00,NONE,0.00000,0.00000,0.00,0.00000,0.00000,0.00000,0.00000,0.00000,0.00000,0.00000,0.00000,0.00000,0.00,0.00,0.00,0.00,0.00,0.00,0.00,"","","","","OutsideUTCWindow",TRUE,TRUE,FALSE,FALSE,FALSE,FALSE,FALSE,FALSE,FALSE,FALSE,FALSE,FALSE,FALSE,FALSE,FALSE,FALSE,FALSE,FALSE,FALSE,"Outside UTC session (08:00 - 16:00 UTC, Current: 06:15)","",0,0,0,0.00000,0.00000,0.00000,0.00000,"",0.00,0.00
2026.09.01 06:30:00,2026.09.01 06:30:00,2026.09.01 06:30:00,"10****84",XAUUSD,108151,2026.09.01 06:15:00,NONE,0.00000,0.00000,0.00,0.00000,0.00000,0.00000,0.00000,0.00000,0.00000,0.00000,0.00000,0.00000,0.00,0.00,0.00,0.00,0.00,0.00,0.00,"","","","","OutsideUTCWindow",TRUE,TRUE,FALSE,FALSE,FALSE,FALSE,FALSE,FALSE,FALSE,FALSE,FALSE,FALSE,FALSE,FALSE,FALSE,FALSE,FALSE,FALSE,FALSE,"Outside UTC session (08:00 - 16:00 UTC, Current: 06:30)","",0,0,0,0.00000,0.00000,0.00000,0.00000,"",0.00,0.00
2026.09.01 06:45:00,2026.09.01 06:45:00,2026.09.01 06:45:00,"10****84",XAUUSD,108151,2026.09.01 06:30:00,NONE,0.00000,0.00000,0.00,0.00000,0.00000,0.00000,0.00000,0.00000,0.00000,0.00000,0.00000,0.00000,0.00,0.00,0.00,0.00,0.00,0.00,0.00,"","","","","OutsideUTCWindow",TRUE,TRUE,FALSE,FALSE,FALSE,FALSE,FALSE,FALSE,FALSE,FALSE,FALSE,FALSE,FALSE,FALSE,FALSE,FALSE,FALSE,FALSE,FALSE,"Outside UTC session (08:00 - 16:00 UTC, Current: 06:45)","",0,0,0,0.00000,0.00000,0.00000,0.00000,"",0.00,0.00
2026.09.01 07:00:00,2026.09.01 07:00:00,2026.09.01 07:00:00,"10****84",XAUUSD,108151,2026.09.01 06:45:00,NONE,0.00000,0.00000,0.00,0.00000,0.00000,0.00000,0.00000,0.00000,0.00000,0.00000,0.00000,0.00000,0.00,0.00,0.00,0.00,0.00,0.00,0.00,"","","","","OutsideUTCWindow",TRUE,TRUE,FALSE,FALSE,FALSE,FALSE,FALSE,FALSE,FALSE,FALSE,FALSE,FALSE,FALSE,FALSE,FALSE,FALSE,FALSE,FALSE,FALSE,"Outside UTC session (08:00 - 16:00 UTC, Current: 07:00)","",0,0,0,0.00000,0.00000,0.00000,0.00000,"",0.00,0.00
2026.09.01 07:15:00,2026.09.01 07:15:00,2026.09.01 07:15:00,"10****84",XAUUSD,108151,2026.09.01 07:00:00,NONE,0.00000,0.00000,0.00,0.00000,0.00000,0.00000,0.00000,0.00000,0.00000,0.00000,0.00000,0.00000,0.00,0.00,0.00,0.00,0.00,0.00,0.00,"","","","","OutsideUTCWindow",TRUE,TRUE,FALSE,FALSE,FALSE,FALSE,FALSE,FALSE,FALSE,FALSE,FALSE,FALSE,FALSE,FALSE,FALSE,FALSE,FALSE,FALSE,FALSE,"Outside UTC session (08:00 - 16:00 UTC, Current: 07:15)","",0,0,0,0.00000,0.00000,0.00000,0.00000,"",0.00,0.00
2026.09.01 07:30:00,2026.09.01 07:30:00,2026.09.01 07:30:00,"10****84",XAUUSD,108151,2026.09.01 07:15:00,NONE,0.00000,0.00000,0.00,0.00000,0.00000,0.00000,0.00000,0.00000,0.00000,0.00000,0.00000,0.00000,0.00,0.00,0.00,0.00,0.00,0.00,0.00,"","","","","OutsideUTCWindow",TRUE,TRUE,FALSE,FALSE,FALSE,FALSE,FALSE,FALSE,FALSE,FALSE,FALSE,FALSE,FALSE,FALSE,FALSE,FALSE,FALSE,FALSE,FALSE,"Outside UTC session (08:00 - 16:00 UTC, Current: 07:30)","",0,0,0,0.00000,0.00000,0.00000,0.00000,"",0.00,0.00
2026.09.01 07:45:00,2026.09.01 07:45:00,2026.09.01 07:45:00,"10****84",XAUUSD,108151,2026.09.01 07:30:00,NONE,0.00000,0.00000,0.00,0.00000,0.00000,0.00000,0.00000,0.00000,0.00000,0.00000,0.00000,0.00000,0.00,0.00,0.00,0.00,0.00,0.00,0.00,"","","","","OutsideUTCWindow",TRUE,TRUE,FALSE,FALSE,FALSE,FALSE,FALSE,FALSE,FALSE,FALSE,FALSE,FALSE,FALSE,FALSE,FALSE,FALSE,FALSE,FALSE,FALSE,"Outside UTC session (08:00 - 16:00 UTC, Current: 07:45)","",0,0,0,0.00000,0.00000,0.00000,0.00000,"",0.00,0.00
2026.09.01 08:00:00,2026.09.01 08:00:00,2026.09.01 08:00:00,"10****84",XAUUSD,108151,2026.09.01 07:45:00,NONE,4484.05258,4518.21043,15.66,4437.33815,7.42643,9.34893,0.00000,4426.53000,0.00000,0.00000,0.00000,0.00000,0.00,0.00,0.00,0.00,0.00,0.00,0.00,"Loss: $0.00 (Max $50.00) | Losses: 0/Max 2","Loss: 0.00% / Max: 20.00%","DD: 0.00% / Max: 20.00% (HWM: $500.00)","BypassedInTester","ActiveSession",TRUE,TRUE,TRUE,TRUE,TRUE,TRUE,TRUE,TRUE,FALSE,FALSE,FALSE,TRUE,FALSE,FALSE,FALSE,FALSE,FALSE,FALSE,FALSE,"Short trend exists but H1 ADX (15.66) < MinADX (20.00)","",0,0,0,0.00000,0.00000,0.00000,0.00000,"",0.00,0.00
2026.09.01 08:15:00,2026.09.01 08:15:00,2026.09.01 08:15:00,"10****84",XAUUSD,108151,2026.09.01 08:00:00,NONE,4484.05258,4518.21043,15.66,4436.57642,7.20857,9.34214,0.00000,4429.34000,0.00000,0.00000,0.00000,0.00000,0.00,0.00,0.00,0.00,0.00,0.00,0.00,"Loss: $0.00 (Max $50.00) | Losses: 0/Max 2","Loss: 0.00% / Max: 20.00%","DD: 0.00% / Max: 20.00% (HWM: $500.00)","BypassedInTester","ActiveSession",TRUE,TRUE,TRUE,TRUE,TRUE,TRUE,TRUE,TRUE,FALSE,FALSE,FALSE,TRUE,FALSE,FALSE,FALSE,FALSE,FALSE,FALSE,FALSE,"Short trend exists but H1 ADX (15.66) < MinADX (20.00)","",0,0,0,0.00000,0.00000,0.00000,0.00000,"",0.00,0.00
2026.09.01 08:30:00,2026.09.01 08:30:00,2026.09.01 08:30:00,"10****84",XAUUSD,108151,2026.09.01 08:15:00,NONE,4484.05258,4518.21043,15.66,4435.64438,7.07214,9.30964,0.00000,4426.79000,0.00000,0.00000,0.00000,0.00000,0.00,0.00,0.00,0.00,0.00,0.00,0.00,"Loss: $0.00 (Max $50.00) | Losses: 0/Max 2","Loss: 0.00% / Max: 20.00%","DD: 0.00% / Max: 20.00% (HWM: $500.00)","BypassedInTester","ActiveSession",TRUE,TRUE,TRUE,TRUE,TRUE,TRUE,TRUE,TRUE,FALSE,FALSE,FALSE,TRUE,FALSE,FALSE,FALSE,FALSE,FALSE,FALSE,FALSE,"Short trend exists but H1 ADX (15.66) < MinADX (20.00)","",0,0,0,0.00000,0.00000,0.00000,0.00000,"",0.00,0.00
2026.09.01 08:45:00,2026.09.01 08:45:00,2026.09.01 08:45:00,"10****84",XAUUSD,108151,2026.09.01 08:30:00,NONE,4484.05258,4518.21043,15.66,4436.30491,7.94786,9.25250,0.00000,4442.58000,0.00000,0.00000,0.00000,0.00000,0.00,0.00,0.00,0.00,0.00,0.00,0.00,"Loss: $0.00 (Max $50.00) | Losses: 0/Max 2","Loss: 0.00% / Max: 20.00%","DD: 0.00% / Max: 20.00% (HWM: $500.00)","BypassedInTester","ActiveSession",TRUE,TRUE,TRUE,TRUE,TRUE,TRUE,TRUE,TRUE,FALSE,FALSE,FALSE,TRUE,FALSE,FALSE,FALSE,FALSE,FALSE,FALSE,FALSE,"Short trend exists but H1 ADX (15.66) < MinADX (20.00)","",0,0,0,0.00000,0.00000,0.00000,0.00000,"",0.00,0.00
2026.09.01 09:00:00,2026.09.01 09:00:00,2026.09.01 09:00:00,"10****84",XAUUSD,108151,2026.09.01 08:45:00,NONE,4482.33091,4517.43371,15.24,4436.67111,7.79429,9.21250,0.00000,4440.15000,0.00000,0.00000,0.00000,0.00000,0.00,0.00,0.00,0.00,0.00,0.00,0.00,"Loss: $0.00 (Max $50.00) | Losses: 0/Max 2","Loss: 0.00% / Max: 20.00%","DD: 0.00% / Max: 20.00% (HWM: $500.00)","BypassedInTester","ActiveSession",TRUE,TRUE,TRUE,TRUE,TRUE,TRUE,TRUE,TRUE,FALSE,FALSE,FALSE,TRUE,FALSE,FALSE,FALSE,FALSE,FALSE,FALSE,FALSE,"Short trend exists but H1 ADX (15.24) < MinADX (20.00)","",0,0,0,0.00000,0.00000,0.00000,0.00000,"",0.00,0.00
2026.09.01 09:15:00,2026.09.01 09:15:00,2026.09.01 09:15:00,"10****84",XAUUSD,108151,2026.09.01 09:00:00,NONE,4482.33091,4517.43371,15.24,4436.31101,7.75286,9.14571,0.00000,4432.89000,0.00000,0.00000,0.00000,0.00000,0.00,0.00,0.00,0.00,0.00,0.00,0.00,"Loss: $0.00 (Max $50.00) | Losses: 0/Max 2","Loss: 0.00% / Max: 20.00%","DD: 0.00% / Max: 20.00% (HWM: $500.00)","BypassedInTester","ActiveSession",TRUE,TRUE,TRUE,TRUE,TRUE,TRUE,TRUE,TRUE,FALSE,FALSE,FALSE,TRUE,FALSE,FALSE,FALSE,FALSE,FALSE,FALSE,FALSE,"Short trend exists but H1 ADX (15.24) < MinADX (20.00)","",0,0,0,0.00000,0.00000,0.00000,0.00000,"",0.00,0.00
2026.09.01 09:30:00,2026.09.01 09:30:00,2026.09.01 09:30:00,"10****84",XAUUSD,108151,2026.09.01 09:15:00,NONE,4482.33091,4517.43371,15.24,4435.61282,7.18571,9.06464,0.00000,4428.98000,0.00000,0.00000,0.00000,0.00000,0.00,0.00,0.00,0.00,0.00,0.00,0.00,"Loss: $0.00 (Max $50.00) | Losses: 0/Max 2","Loss: 0.00% / Max: 20.00%","DD: 0.00% / Max: 20.00% (HWM: $500.00)","BypassedInTester","ActiveSession",TRUE,TRUE,TRUE,TRUE,TRUE,TRUE,TRUE,TRUE,FALSE,FALSE,FALSE,TRUE,FALSE,FALSE,FALSE,FALSE,FALSE,FALSE,FALSE,"Short trend exists but H1 ADX (15.24) < MinADX (20.00)","",0,0,0,0.00000,0.00000,0.00000,0.00000,"",0.00,0.00
2026.09.01 09:45:00,2026.09.01 09:45:00,2026.09.01 09:45:00,"10****84",XAUUSD,108151,2026.09.01 09:30:00,NONE,4482.33091,4517.43371,15.24,4435.54017,7.26500,8.96786,0.00000,4434.85000,0.00000,0.00000,0.00000,0.00000,0.00,0.00,0.00,0.00,0.00,0.00,0.00,"Loss: $0.00 (Max $50.00) | Losses: 0/Max 2","Loss: 0.00% / Max: 20.00%","DD: 0.00% / Max: 20.00% (HWM: $500.00)","BypassedInTester","ActiveSession",TRUE,TRUE,TRUE,TRUE,TRUE,TRUE,TRUE,TRUE,FALSE,FALSE,FALSE,TRUE,FALSE,FALSE,FALSE,FALSE,FALSE,FALSE,FALSE,"Short trend exists but H1 ADX (15.24) < MinADX (20.00)","",0,0,0,0.00000,0.00000,0.00000,0.00000,"",0.00,0.00
2026.09.01 10:00:00,2026.09.01 10:00:00,2026.09.01 10:00:00,"10****84",XAUUSD,108151,2026.09.01 09:45:00,NONE,4480.26146,4516.55934,14.88,4434.97063,7.15571,8.84607,0.00000,4429.56000,0.00000,0.00000,0.00000,0.00000,0.00,0.00,0.00,0.00,0.00,0.00,0.00,"Loss: $0.00 (Max $50.00) | Losses: 0/Max 2","Loss: 0.00% / Max: 20.00%","DD: 0.00% / Max: 20.00% (HWM: $500.00)","BypassedInTester","ActiveSession",TRUE,TRUE,TRUE,TRUE,TRUE,TRUE,TRUE,TRUE,FALSE,FALSE,FALSE,TRUE,FALSE,FALSE,FALSE,FALSE,FALSE,FALSE,FALSE,"Short trend exists but H1 ADX (14.88) < MinADX (20.00)","",0,0,0,0.00000,0.00000,0.00000,0.00000,"",0.00,0.00
2026.09.01 10:15:00,2026.09.01 10:15:00,2026.09.01 10:15:00,"10****84",XAUUSD,108151,2026.09.01 10:00:00,NONE,4480.26146,4516.55934,14.88,4434.79057,7.15929,8.70107,0.00000,4433.08000,0.00000,0.00000,0.00000,0.00000,0.00,0.00,0.00,0.00,0.00,0.00,0.00,"Loss: $0.00 (Max $50.00) | Losses: 0/Max 2","Loss: 0.00% / Max: 20.00%","DD: 0.00% / Max: 20.00% (HWM: $500.00)","BypassedInTester","ActiveSession",TRUE,TRUE,TRUE,TRUE,TRUE,TRUE,TRUE,TRUE,FALSE,FALSE,FALSE,TRUE,FALSE,FALSE,FALSE,FALSE,FALSE,FALSE,FALSE,"Short trend exists but H1 ADX (14.88) < MinADX (20.00)","",0,0,0,0.00000,0.00000,0.00000,0.00000,"",0.00,0.00
2026.09.01 10:30:00,2026.09.01 10:30:00,2026.09.01 10:30:00,"10****84",XAUUSD,108151,2026.09.01 10:15:00,NONE,4480.26146,4516.55934,14.88,4433.96480,7.23857,8.48500,0.00000,4426.12000,0.00000,0.00000,0.00000,0.00000,0.00,0.00,0.00,0.00,0.00,0.00,0.00,"Loss: $0.00 (Max $50.00) | Losses: 0/Max 2","Loss: 0.00% / Max: 20.00%","DD: 0.00% / Max: 20.00% (HWM: $500.00)","BypassedInTester","ActiveSession",TRUE,TRUE,TRUE,TRUE,TRUE,TRUE,TRUE,TRUE,FALSE,FALSE,FALSE,TRUE,FALSE,FALSE,FALSE,FALSE,FALSE,FALSE,FALSE,"Short trend exists but H1 ADX (14.88) < MinADX (20.00)","",0,0,0,0.00000,0.00000,0.00000,0.00000,"",0.00,0.00
2026.09.01 10:45:00,2026.09.01 10:45:00,2026.09.01 10:45:00,"10****84",XAUUSD,108151,2026.09.01 10:30:00,NONE,4480.26146,4516.55934,14.88,4432.45006,7.85571,8.36143,0.00000,4418.06000,0.00000,0.00000,0.00000,0.00000,0.00,0.00,0.00,0.00,0.00,0.00,0.00,"Loss: $0.00 (Max $50.00) | Losses: 0/Max 2","Loss: 0.00% / Max: 20.00%","DD: 0.00% / Max: 20.00% (HWM: $500.00)","BypassedInTester","ActiveSession",TRUE,TRUE,TRUE,TRUE,TRUE,TRUE,TRUE,TRUE,FALSE,FALSE,FALSE,TRUE,FALSE,FALSE,FALSE,FALSE,FALSE,FALSE,FALSE,"Short trend exists but H1 ADX (14.88) < MinADX (20.00)","",0,0,0,0.00000,0.00000,0.00000,0.00000,"",0.00,0.00
2026.09.01 11:00:00,2026.09.01 11:00:00,2026.09.01 11:00:00,"10****84",XAUUSD,108151,2026.09.01 10:45:00,NONE,4477.90258,4515.59965,17.51,4431.27481,8.01929,8.16036,0.00000,4420.11000,0.00000,0.00000,0.00000,0.00000,0.00,0.00,0.00,0.00,0.00,0.00,0.00,"Loss: $0.00 (Max $50.00) | Losses: 0/Max 2","Loss: 0.00% / Max: 20.00%","DD: 0.00% / Max: 20.00% (HWM: $500.00)","BypassedInTester","ActiveSession",TRUE,TRUE,TRUE,TRUE,TRUE,TRUE,TRUE,TRUE,FALSE,FALSE,FALSE,TRUE,FALSE,FALSE,FALSE,FALSE,FALSE,FALSE,FALSE,"Short trend exists but H1 ADX (17.51) < MinADX (20.00)","",0,0,0,0.00000,0.00000,0.00000,0.00000,"",0.00,0.00
2026.09.01 11:15:00,2026.09.01 11:15:00,2026.09.01 11:15:00,"10****84",XAUUSD,108151,2026.09.01 11:00:00,NONE,4477.90258,4515.59965,17.51,4428.81150,9.93571,7.99107,0.00000,4405.41000,0.00000,0.00000,0.00000,0.00000,0.00,0.00,0.00,0.00,0.00,0.00,0.00,"Loss: $0.00 (Max $50.00) | Losses: 0/Max 2","Loss: 0.00% / Max: 20.00%","DD: 0.00% / Max: 20.00% (HWM: $500.00)","BypassedInTester","ActiveSession",TRUE,TRUE,TRUE,TRUE,TRUE,TRUE,TRUE,TRUE,FALSE,FALSE,FALSE,TRUE,FALSE,FALSE,FALSE,FALSE,FALSE,FALSE,FALSE,"Short trend exists but H1 ADX (17.51) < MinADX (20.00)","",0,0,0,0.00000,0.00000,0.00000,0.00000,"",0.00,0.00
2026.09.01 11:30:00,2026.09.01 11:30:00,2026.09.01 11:30:00,"10****84",XAUUSD,108151,2026.09.01 11:15:00,NONE,4477.90258,4515.59965,17.51,4424.45135,11.35000,7.99107,0.00000,4383.03000,0.00000,0.00000,0.00000,0.00000,0.00,0.00,0.00,0.00,0.00,0.00,0.00,"Loss: $0.00 (Max $50.00) | Losses: 0/Max 2","Loss: 0.00% / Max: 20.00%","DD: 0.00% / Max: 20.00% (HWM: $500.00)","BypassedInTester","ActiveSession",TRUE,TRUE,TRUE,TRUE,TRUE,TRUE,TRUE,TRUE,FALSE,FALSE,FALSE,TRUE,FALSE,FALSE,FALSE,FALSE,FALSE,FALSE,FALSE,"Short trend exists but H1 ADX (17.51) < MinADX (20.00)","",0,0,0,0.00000,0.00000,0.00000,0.00000,"",0.00,0.00
2026.09.01 11:45:00,2026.09.01 11:45:00,2026.09.01 11:45:00,"10****84",XAUUSD,108151,2026.09.01 11:30:00,NONE,4477.90258,4515.59965,17.51,4419.78932,11.88500,7.99107,0.00000,4375.50000,0.00000,0.00000,0.00000,0.00000,0.00,0.00,0.00,0.00,0.00,0.00,0.00,"Loss: $0.00 (Max $50.00) | Losses: 0/Max 2","Loss: 0.00% / Max: 20.00%","DD: 0.00% / Max: 20.00% (HWM: $500.00)","BypassedInTester","ActiveSession",TRUE,TRUE,TRUE,TRUE,TRUE,TRUE,TRUE,TRUE,FALSE,FALSE,FALSE,TRUE,FALSE,FALSE,FALSE,FALSE,FALSE,FALSE,FALSE,"Short trend exists but H1 ADX (17.51) < MinADX (20.00)","",0,0,0,0.00000,0.00000,0.00000,0.00000,"",0.00,0.00
2026.09.01 12:00:00,2026.09.01 12:00:00,2026.09.01 12:00:00,"10****84",XAUUSD,108151,2026.09.01 11:45:00,SELL,4473.69582,4514.15716,22.12,4415.10748,12.16429,8.18857,0.00000,4370.63000,0.00000,0.00000,0.00000,0.00000,0.00,0.00,0.00,0.00,0.00,0.00,0.00,"Loss: $0.00 (Max $50.00) | Losses: 0/Max 2","Loss: 0.00% / Max: 20.00%","DD: 0.00% / Max: 20.00% (HWM: $500.00)","BypassedInTester","ActiveSession",TRUE,TRUE,TRUE,TRUE,TRUE,TRUE,TRUE,TRUE,TRUE,FALSE,FALSE,TRUE,FALSE,FALSE,FALSE,FALSE,FALSE,FALSE,FALSE,"No M15 candle in shifts 2-4 touched above EMA20","",0,0,0,0.00000,0.00000,0.00000,0.00000,"",0.00,0.00
2026.09.01 12:15:00,2026.09.01 12:15:00,2026.09.01 12:15:00,"10****84",XAUUSD,108151,2026.09.01 12:00:00,SELL,4473.69582,4514.15716,22.12,4411.38391,11.45786,8.36143,0.00000,4376.01000,0.00000,0.00000,0.00000,0.00000,0.00,0.00,0.00,0.00,0.00,0.00,0.00,"Loss: $0.00 (Max $50.00) | Losses: 0/Max 2","Loss: 0.00% / Max: 20.00%","DD: 0.00% / Max: 20.00% (HWM: $500.00)","BypassedInTester","ActiveSession",TRUE,TRUE,TRUE,TRUE,TRUE,TRUE,TRUE,TRUE,TRUE,FALSE,FALSE,TRUE,FALSE,FALSE,FALSE,FALSE,FALSE,FALSE,FALSE,"No M15 candle in shifts 2-4 touched above EMA20","",0,0,0,0.00000,0.00000,0.00000,0.00000,"",0.00,0.00
2026.09.01 12:30:00,2026.09.01 12:30:00,2026.09.01 12:30:00,"10****84",XAUUSD,108151,2026.09.01 12:15:00,SELL,4473.69582,4514.15716,22.12,4407.71497,11.57714,8.58107,0.00000,4372.86000,0.00000,0.00000,0.00000,0.00000,0.00,0.00,0.00,0.00,0.00,0.00,0.00,"Loss: $0.00 (Max $50.00) | Losses: 0/Max 2","Loss: 0.00% / Max: 20.00%","DD: 0.00% / Max: 20.00% (HWM: $500.00)","BypassedInTester","ActiveSession",TRUE,TRUE,TRUE,TRUE,TRUE,TRUE,TRUE,TRUE,TRUE,FALSE,FALSE,TRUE,FALSE,FALSE,FALSE,FALSE,FALSE,FALSE,FALSE,"No M15 candle in shifts 2-4 touched above EMA20","",0,0,0,0.00000,0.00000,0.00000,0.00000,"",0.00,0.00
2026.09.01 12:45:00,2026.09.01 12:45:00,2026.09.01 12:45:00,"10****84",XAUUSD,108151,2026.09.01 12:30:00,SELL,4473.69582,4514.15716,22.12,4404.27545,11.48286,8.84607,0.00000,4371.60000,0.00000,0.00000,0.00000,0.00000,0.00,0.00,0.00,0.00,0.00,0.00,0.00,"Loss: $0.00 (Max $50.00) | Losses: 0/Max 2","Loss: 0.00% / Max: 20.00%","DD: 0.00% / Max: 20.00% (HWM: $500.00)","BypassedInTester","ActiveSession",TRUE,TRUE,TRUE,TRUE,TRUE,TRUE,TRUE,TRUE,TRUE,FALSE,FALSE,TRUE,FALSE,FALSE,FALSE,FALSE,FALSE,FALSE,FALSE,"No M15 candle in shifts 2-4 touched above EMA20","",0,0,0,0.00000,0.00000,0.00000,0.00000,"",0.00,0.00
2026.09.01 13:00:00,2026.09.01 13:00:00,2026.09.01 13:00:00,"10****84",XAUUSD,108151,2026.09.01 12:45:00,SELL,4469.41637,4512.66874,26.83,4400.49398,11.59857,8.96786,0.00000,4364.57000,0.00000,0.00000,0.00000,0.00000,0.00,0.00,0.00,0.00,0.00,0.00,0.00,"Loss: $0.00 (Max $50.00) | Losses: 0/Max 2","Loss: 0.00% / Max: 20.00%","DD: 0.00% / Max: 20.00% (HWM: $500.00)","BypassedInTester","ActiveSession",TRUE,TRUE,TRUE,TRUE,TRUE,TRUE,TRUE,TRUE,TRUE,FALSE,FALSE,TRUE,FALSE,FALSE,FALSE,FALSE,FALSE,FALSE,FALSE,"No M15 candle in shifts 2-4 touched above EMA20","",0,0,0,0.00000,0.00000,0.00000,0.00000,"",0.00,0.00
2026.09.01 13:15:00,2026.09.01 13:15:00,2026.09.01 13:15:00,"10****84",XAUUSD,108151,2026.09.01 13:00:00,SELL,4469.41637,4512.66874,26.83,4398.37360,12.37286,9.06464,0.00000,4378.23000,0.00000,0.00000,0.00000,0.00000,0.00,0.00,0.00,0.00,0.00,0.00,0.00,"Loss: $0.00 (Max $50.00) | Losses: 0/Max 2","Loss: 0.00% / Max: 20.00%","DD: 0.00% / Max: 20.00% (HWM: $500.00)","BypassedInTester","ActiveSession",TRUE,TRUE,TRUE,TRUE,TRUE,TRUE,TRUE,TRUE,TRUE,FALSE,FALSE,TRUE,FALSE,FALSE,FALSE,FALSE,FALSE,FALSE,FALSE,"No M15 candle in shifts 2-4 touched above EMA20","",0,0,0,0.00000,0.00000,0.00000,0.00000,"",0.00,0.00
2026.09.01 13:30:00,2026.09.01 13:30:00,2026.09.01 13:30:00,"10****84",XAUUSD,108151,2026.09.01 13:15:00,SELL,4469.41637,4512.66874,26.83,4397.09135,12.38286,9.14571,0.00000,4384.91000,0.00000,0.00000,0.00000,0.00000,0.00,0.00,0.00,0.00,0.00,0.00,0.00,"Loss: $0.00 (Max $50.00) | Losses: 0/Max 2","Loss: 0.00% / Max: 20.00%","DD: 0.00% / Max: 20.00% (HWM: $500.00)","BypassedInTester","ActiveSession",TRUE,TRUE,TRUE,TRUE,TRUE,TRUE,TRUE,TRUE,TRUE,FALSE,FALSE,TRUE,FALSE,FALSE,FALSE,FALSE,FALSE,FALSE,FALSE,"No M15 candle in shifts 2-4 touched above EMA20","",0,0,0,0.00000,0.00000,0.00000,0.00000,"",0.00,0.00
2026.09.01 13:45:00,2026.09.01 13:45:00,2026.09.01 13:45:00,"10****84",XAUUSD,108151,2026.09.01 13:30:00,SELL,4469.41637,4512.66874,26.83,4395.60170,12.29786,9.21250,0.00000,4381.45000,0.00000,0.00000,0.00000,0.00000,0.00,0.00,0.00,0.00,0.00,0.00,0.00,"Loss: $0.00 (Max $50.00) | Losses: 0/Max 2","Loss: 0.00% / Max: 20.00%","DD: 0.00% / Max: 20.00% (HWM: $500.00)","BypassedInTester","ActiveSession",TRUE,TRUE,TRUE,TRUE,TRUE,TRUE,TRUE,TRUE,TRUE,FALSE,FALSE,TRUE,FALSE,FALSE,FALSE,FALSE,FALSE,FALSE,FALSE,"No M15 candle in shifts 2-4 touched above EMA20","",0,0,0,0.00000,0.00000,0.00000,0.00000,"",0.00,0.00
2026.09.01 14:00:00,2026.09.01 14:00:00,2026.09.01 14:00:00,"10****84",XAUUSD,108151,2026.09.01 13:45:00,SELL,4465.83259,4511.32905,28.44,4393.92820,12.21214,9.21250,0.00000,4378.03000,0.00000,0.00000,0.00000,0.00000,0.00,0.00,0.00,0.00,0.00,0.00,0.00,"Loss: $0.00 (Max $50.00) | Losses: 0/Max 2","Loss: 0.00% / Max: 20.00%","DD: 0.00% / Max: 20.00% (HWM: $500.00)","BypassedInTester","ActiveSession",TRUE,TRUE,TRUE,TRUE,TRUE,TRUE,TRUE,TRUE,TRUE,FALSE,FALSE,TRUE,FALSE,FALSE,FALSE,FALSE,FALSE,FALSE,FALSE,"No M15 candle in shifts 2-4 touched above EMA20","",0,0,0,0.00000,0.00000,0.00000,0.00000,"",0.00,0.00
2026.09.01 14:15:00,2026.09.01 14:15:00,2026.09.01 14:15:00,"10****84",XAUUSD,108151,2026.09.01 14:00:00,SELL,4465.83259,4511.32905,28.44,4392.33123,11.56714,9.21250,0.00000,4377.16000,0.00000,0.00000,0.00000,0.00000,0.00,0.00,0.00,0.00,0.00,0.00,0.00,"Loss: $0.00 (Max $50.00) | Losses: 0/Max 2","Loss: 0.00% / Max: 20.00%","DD: 0.00% / Max: 20.00% (HWM: $500.00)","BypassedInTester","ActiveSession",TRUE,TRUE,TRUE,TRUE,TRUE,TRUE,TRUE,TRUE,TRUE,FALSE,FALSE,TRUE,FALSE,FALSE,FALSE,FALSE,FALSE,FALSE,FALSE,"No M15 candle in shifts 2-4 touched above EMA20","",0,0,0,0.00000,0.00000,0.00000,0.00000,"",0.00,0.00
2026.09.01 14:30:00,2026.09.01 14:30:00,2026.09.01 14:30:00,"10****84",XAUUSD,108151,2026.09.01 14:15:00,SELL,4465.83259,4511.32905,28.44,4391.19873,11.61071,9.21250,0.00000,4380.44000,0.00000,0.00000,0.00000,0.00000,0.00,0.00,0.00,0.00,0.00,0.00,0.00,"Loss: $0.00 (Max $50.00) | Losses: 0/Max 2","Loss: 0.00% / Max: 20.00%","DD: 0.00% / Max: 20.00% (HWM: $500.00)","BypassedInTester","ActiveSession",TRUE,TRUE,TRUE,TRUE,TRUE,TRUE,TRUE,TRUE,TRUE,FALSE,FALSE,TRUE,FALSE,FALSE,FALSE,FALSE,FALSE,FALSE,FALSE,"No M15 candle in shifts 2-4 touched above EMA20","",0,0,0,0.00000,0.00000,0.00000,0.00000,"",0.00,0.00
2026.09.01 14:45:00,2026.09.01 14:45:00,2026.09.01 14:45:00,"10****84",XAUUSD,108151,2026.09.01 14:30:00,SELL,4465.83259,4511.32905,28.44,4390.51409,9.87571,9.21250,0.00000,4384.01000,0.00000,0.00000,0.00000,0.00000,0.00,0.00,0.00,0.00,0.00,0.00,0.00,"Loss: $0.00 (Max $50.00) | Losses: 0/Max 2","Loss: 0.00% / Max: 20.00%","DD: 0.00% / Max: 20.00% (HWM: $500.00)","BypassedInTester","ActiveSession",TRUE,TRUE,TRUE,TRUE,TRUE,TRUE,TRUE,TRUE,TRUE,FALSE,FALSE,TRUE,FALSE,FALSE,FALSE,FALSE,FALSE,FALSE,FALSE,"No M15 candle in shifts 2-4 touched above EMA20","",0,0,0,0.00000,0.00000,0.00000,0.00000,"",0.00,0.00
2026.09.01 15:00:00,2026.09.01 15:00:00,2026.09.01 15:00:00,"10****84",XAUUSD,108151,2026.09.01 14:45:00,SELL,4462.24582,4509.96627,29.25,4388.97656,9.24643,9.21250,0.00000,4374.37000,0.00000,0.00000,0.00000,0.00000,0.00,0.00,0.00,0.00,0.00,0.00,0.00,"Loss: $0.00 (Max $50.00) | Losses: 0/Max 2","Loss: 0.00% / Max: 20.00%","DD: 0.00% / Max: 20.00% (HWM: $500.00)","BypassedInTester","ActiveSession",TRUE,TRUE,TRUE,TRUE,TRUE,TRUE,TRUE,TRUE,TRUE,FALSE,FALSE,TRUE,FALSE,FALSE,FALSE,FALSE,FALSE,FALSE,FALSE,"No M15 candle in shifts 2-4 touched above EMA20","",0,0,0,0.00000,0.00000,0.00000,0.00000,"",0.00,0.00
2026.09.01 15:15:00,2026.09.01 15:15:00,2026.09.01 15:15:00,"10****84",XAUUSD,108151,2026.09.01 15:00:00,SELL,4462.24582,4509.96627,29.25,4387.25117,8.80571,9.23429,0.00000,4370.86000,0.00000,0.00000,0.00000,0.00000,0.00,0.00,0.00,0.00,0.00,0.00,0.00,"Loss: $0.00 (Max $50.00) | Losses: 0/Max 2","Loss: 0.00% / Max: 20.00%","DD: 0.00% / Max: 20.00% (HWM: $500.00)","BypassedInTester","ActiveSession",TRUE,TRUE,TRUE,TRUE,TRUE,TRUE,TRUE,TRUE,TRUE,FALSE,FALSE,TRUE,FALSE,FALSE,FALSE,FALSE,FALSE,FALSE,FALSE,"No M15 candle in shifts 2-4 touched above EMA20","",0,0,0,0.00000,0.00000,0.00000,0.00000,"",0.00,0.00
2026.09.01 15:30:00,2026.09.01 15:30:00,2026.09.01 15:30:00,"10****84",XAUUSD,108151,2026.09.01 15:15:00,SELL,4462.24582,4509.96627,29.25,4385.46058,8.86857,9.23429,0.00000,4368.45000,0.00000,0.00000,0.00000,0.00000,0.00,0.00,0.00,0.00,0.00,0.00,0.00,"Loss: $0.00 (Max $50.00) | Losses: 0/Max 2","Loss: 0.00% / Max: 20.00%","DD: 0.00% / Max: 20.00% (HWM: $500.00)","BypassedInTester","ActiveSession",TRUE,TRUE,TRUE,TRUE,TRUE,TRUE,TRUE,TRUE,TRUE,FALSE,FALSE,TRUE,FALSE,FALSE,FALSE,FALSE,FALSE,FALSE,FALSE,"No M15 candle in shifts 2-4 touched above EMA20","",0,0,0,0.00000,0.00000,0.00000,0.00000,"",0.00,0.00
2026.09.01 15:45:00,2026.09.01 15:45:00,2026.09.01 15:45:00,"10****84",XAUUSD,108151,2026.09.01 15:30:00,SELL,4462.24582,4509.96627,29.25,4383.47767,9.37857,9.14357,0.00000,4364.64000,0.00000,0.00000,0.00000,0.00000,0.00,0.00,0.00,0.00,0.00,0.00,0.00,"Loss: $0.00 (Max $50.00) | Losses: 0/Max 2","Loss: 0.00% / Max: 20.00%","DD: 0.00% / Max: 20.00% (HWM: $500.00)","BypassedInTester","ActiveSession",TRUE,TRUE,TRUE,TRUE,TRUE,TRUE,TRUE,TRUE,TRUE,FALSE,FALSE,TRUE,FALSE,FALSE,FALSE,FALSE,FALSE,FALSE,FALSE,"No M15 candle in shifts 2-4 touched above EMA20","",0,0,0,0.00000,0.00000,0.00000,0.00000,"",0.00,0.00
2026.09.01 16:00:00,2026.09.01 16:00:00,2026.09.01 16:00:00,"10****84",XAUUSD,108151,2026.09.01 15:45:00,NONE,0.00000,0.00000,0.00,0.00000,0.00000,0.00000,0.00000,0.00000,0.00000,0.00000,0.00000,0.00000,0.00,0.00,0.00,0.00,0.00,0.00,0.00,"","","","","OutsideUTCWindow",TRUE,TRUE,FALSE,FALSE,FALSE,FALSE,FALSE,FALSE,FALSE,FALSE,FALSE,FALSE,FALSE,FALSE,FALSE,FALSE,FALSE,FALSE,FALSE,"Outside UTC session (08:00 - 16:00 UTC, Current: 16:00)","",0,0,0,0.00000,0.00000,0.00000,0.00000,"",0.00,0.00
2026.09.01 16:15:00,2026.09.01 16:15:00,2026.09.01 16:15:00,"10****84",XAUUSD,108151,2026.09.01 16:00:00,NONE,0.00000,0.00000,0.00,0.00000,0.00000,0.00000,0.00000,0.00000,0.00000,0.00000,0.00000,0.00000,0.00,0.00,0.00,0.00,0.00,0.00,0.00,"","","","","OutsideUTCWindow",TRUE,TRUE,FALSE,FALSE,FALSE,FALSE,FALSE,FALSE,FALSE,FALSE,FALSE,FALSE,FALSE,FALSE,FALSE,FALSE,FALSE,FALSE,FALSE,"Outside UTC session (08:00 - 16:00 UTC, Current: 16:15)","",0,0,0,0.00000,0.00000,0.00000,0.00000,"",0.00,0.00
2026.09.01 16:30:00,2026.09.01 16:30:00,2026.09.01 16:30:00,"10****84",XAUUSD,108151,2026.09.01 16:15:00,NONE,0.00000,0.00000,0.00,0.00000,0.00000,0.00000,0.00000,0.00000,0.00000,0.00000,0.00000,0.00000,0.00,0.00,0.00,0.00,0.00,0.00,0.00,"","","","","OutsideUTCWindow",TRUE,TRUE,FALSE,FALSE,FALSE,FALSE,FALSE,FALSE,FALSE,FALSE,FALSE,FALSE,FALSE,FALSE,FALSE,FALSE,FALSE,FALSE,FALSE,"Outside UTC session (08:00 - 16:00 UTC, Current: 16:30)","",0,0,0,0.00000,0.00000,0.00000,0.00000,"",0.00,0.00
2026.09.01 16:45:00,2026.09.01 16:45:00,2026.09.01 16:45:00,"10****84",XAUUSD,108151,2026.09.01 16:30:00,NONE,0.00000,0.00000,0.00,0.00000,0.00000,0.00000,0.00000,0.00000,0.00000,0.00000,0.00000,0.00000,0.00,0.00,0.00,0.00,0.00,0.00,0.00,"","","","","OutsideUTCWindow",TRUE,TRUE,FALSE,FALSE,FALSE,FALSE,FALSE,FALSE,FALSE,FALSE,FALSE,FALSE,FALSE,FALSE,FALSE,FALSE,FALSE,FALSE,FALSE,"Outside UTC session (08:00 - 16:00 UTC, Current: 16:45)","",0,0,0,0.00000,0.00000,0.00000,0.00000,"",0.00,0.00
2026.09.01 17:00:00,2026.09.01 17:00:00,2026.09.01 17:00:00,"10****84",XAUUSD,108151,2026.09.01 16:45:00,NONE,0.00000,0.00000,0.00,0.00000,0.00000,0.00000,0.00000,0.00000,0.00000,0.00000,0.00000,0.00000,0.00,0.00,0.00,0.00,0.00,0.00,0.00,"","","","","OutsideUTCWindow",TRUE,TRUE,FALSE,FALSE,FALSE,FALSE,FALSE,FALSE,FALSE,FALSE,FALSE,FALSE,FALSE,FALSE,FALSE,FALSE,FALSE,FALSE,FALSE,"Outside UTC session (08:00 - 16:00 UTC, Current: 17:00)","",0,0,0,0.00000,0.00000,0.00000,0.00000,"",0.00,0.00
2026.09.01 17:15:00,2026.09.01 17:15:00,2026.09.01 17:15:00,"10****84",XAUUSD,108151,2026.09.01 17:00:00,NONE,0.00000,0.00000,0.00,0.00000,0.00000,0.00000,0.00000,0.00000,0.00000,0.00000,0.00000,0.00000,0.00,0.00,0.00,0.00,0.00,0.00,0.00,"","","","","OutsideUTCWindow",TRUE,TRUE,FALSE,FALSE,FALSE,FALSE,FALSE,FALSE,FALSE,FALSE,FALSE,FALSE,FALSE,FALSE,FALSE,FALSE,FALSE,FALSE,FALSE,"Outside UTC session (08:00 - 16:00 UTC, Current: 17:15)","",0,0,0,0.00000,0.00000,0.00000,0.00000,"",0.00,0.00
2026.09.01 17:30:00,2026.09.01 17:30:00,2026.09.01 17:30:00,"10****84",XAUUSD,108151,2026.09.01 17:15:00,NONE,0.00000,0.00000,0.00,0.00000,0.00000,0.00000,0.00000,0.00000,0.00000,0.00000,0.00000,0.00000,0.00,0.00,0.00,0.00,0.00,0.00,0.00,"","","","","OutsideUTCWindow",TRUE,TRUE,FALSE,FALSE,FALSE,FALSE,FALSE,FALSE,FALSE,FALSE,FALSE,FALSE,FALSE,FALSE,FALSE,FALSE,FALSE,FALSE,FALSE,"Outside UTC session (08:00 - 16:00 UTC, Current: 17:30)","",0,0,0,0.00000,0.00000,0.00000,0.00000,"",0.00,0.00
2026.09.01 17:45:00,2026.09.01 17:45:00,2026.09.01 17:45:00,"10****84",XAUUSD,108151,2026.09.01 17:30:00,NONE,0.00000,0.00000,0.00,0.00000,0.00000,0.00000,0.00000,0.00000,0.00000,0.00000,0.00000,0.00000,0.00,0.00,0.00,0.00,0.00,0.00,0.00,"","","","","OutsideUTCWindow",TRUE,TRUE,FALSE,FALSE,FALSE,FALSE,FALSE,FALSE,FALSE,FALSE,FALSE,FALSE,FALSE,FALSE,FALSE,FALSE,FALSE,FALSE,FALSE,"Outside UTC session (08:00 - 16:00 UTC, Current: 17:45)","",0,0,0,0.00000,0.00000,0.00000,0.00000,"",0.00,0.00
2026.09.01 18:00:00,2026.09.01 18:00:00,2026.09.01 18:00:00,"10****84",XAUUSD,108151,2026.09.01 17:45:00,NONE,0.00000,0.00000,0.00,0.00000,0.00000,0.00000,0.00000,0.00000,0.00000,0.00000,0.00000,0.00000,0.00,0.00,0.00,0.00,0.00,0.00,0.00,"","","","","OutsideUTCWindow",TRUE,TRUE,FALSE,FALSE,FALSE,FALSE,FALSE,FALSE,FALSE,FALSE,FALSE,FALSE,FALSE,FALSE,FALSE,FALSE,FALSE,FALSE,FALSE,"Outside UTC session (08:00 - 16:00 UTC, Current: 18:00)","",0,0,0,0.00000,0.00000,0.00000,0.00000,"",0.00,0.00
2026.09.01 18:15:00,2026.09.01 18:15:00,2026.09.01 18:15:00,"10****84",XAUUSD,108151,2026.09.01 18:00:00,NONE,0.00000,0.00000,0.00,0.00000,0.00000,0.00000,0.00000,0.00000,0.00000,0.00000,0.00000,0.00000,0.00,0.00,0.00,0.00,0.00,0.00,0.00,"","","","","OutsideUTCWindow",TRUE,TRUE,FALSE,FALSE,FALSE,FALSE,FALSE,FALSE,FALSE,FALSE,FALSE,FALSE,FALSE,FALSE,FALSE,FALSE,FALSE,FALSE,FALSE,"Outside UTC session (08:00 - 16:00 UTC, Current: 18:15)","",0,0,0,0.00000,0.00000,0.00000,0.00000,"",0.00,0.00
2026.09.01 18:30:00,2026.09.01 18:30:00,2026.09.01 18:30:00,"10****84",XAUUSD,108151,2026.09.01 18:15:00,NONE,0.00000,0.00000,0.00,0.00000,0.00000,0.00000,0.00000,0.00000,0.00000,0.00000,0.00000,0.00000,0.00,0.00,0.00,0.00,0.00,0.00,0.00,"","","","","OutsideUTCWindow",TRUE,TRUE,FALSE,FALSE,FALSE,FALSE,FALSE,FALSE,FALSE,FALSE,FALSE,FALSE,FALSE,FALSE,FALSE,FALSE,FALSE,FALSE,FALSE,"Outside UTC session (08:00 - 16:00 UTC, Current: 18:30)","",0,0,0,0.00000,0.00000,0.00000,0.00000,"",0.00,0.00
2026.09.01 18:45:00,2026.09.01 18:45:00,2026.09.01 18:45:00,"10****84",XAUUSD,108151,2026.09.01 18:30:00,NONE,0.00000,0.00000,0.00,0.00000,0.00000,0.00000,0.00000,0.00000,0.00000,0.00000,0.00000,0.00000,0.00,0.00,0.00,0.00,0.00,0.00,0.00,"","","","","OutsideUTCWindow",TRUE,TRUE,FALSE,FALSE,FALSE,FALSE,FALSE,FALSE,FALSE,FALSE,FALSE,FALSE,FALSE,FALSE,FALSE,FALSE,FALSE,FALSE,FALSE,"Outside UTC session (08:00 - 16:00 UTC, Current: 18:45)","",0,0,0,0.00000,0.00000,0.00000,0.00000,"",0.00,0.00
2026.09.01 19:00:00,2026.09.01 19:00:00,2026.09.01 19:00:00,"10****84",XAUUSD,108151,2026.09.01 18:45:00,NONE,0.00000,0.00000,0.00,0.00000,0.00000,0.00000,0.00000,0.00000,0.00000,0.00000,0.00000,0.00000,0.00,0.00,0.00,0.00,0.00,0.00,0.00,"","","","","OutsideUTCWindow",TRUE,TRUE,FALSE,FALSE,FALSE,FALSE,FALSE,FALSE,FALSE,FALSE,FALSE,FALSE,FALSE,FALSE,FALSE,FALSE,FALSE,FALSE,FALSE,"Outside UTC session (08:00 - 16:00 UTC, Current: 19:00)","",0,0,0,0.00000,0.00000,0.00000,0.00000,"",0.00,0.00
2026.09.01 19:15:00,2026.09.01 19:15:00,2026.09.01 19:15:00,"10****84",XAUUSD,108151,2026.09.01 19:00:00,NONE,0.00000,0.00000,0.00,0.00000,0.00000,0.00000,0.00000,0.00000,0.00000,0.00000,0.00000,0.00000,0.00,0.00,0.00,0.00,0.00,0.00,0.00,"","","","","OutsideUTCWindow",TRUE,TRUE,FALSE,FALSE,FALSE,FALSE,FALSE,FALSE,FALSE,FALSE,FALSE,FALSE,FALSE,FALSE,FALSE,FALSE,FALSE,FALSE,FALSE,"Outside UTC session (08:00 - 16:00 UTC, Current: 19:15)","",0,0,0,0.00000,0.00000,0.00000,0.00000,"",0.00,0.00
2026.09.01 19:30:00,2026.09.01 19:30:00,2026.09.01 19:30:00,"10****84",XAUUSD,108151,2026.09.01 19:15:00,NONE,0.00000,0.00000,0.00,0.00000,0.00000,0.00000,0.00000,0.00000,0.00000,0.00000,0.00000,0.00000,0.00,0.00,0.00,0.00,0.00,0.00,0.00,"","","","","OutsideUTCWindow",TRUE,TRUE,FALSE,FALSE,FALSE,FALSE,FALSE,FALSE,FALSE,FALSE,FALSE,FALSE,FALSE,FALSE,FALSE,FALSE,FALSE,FALSE,FALSE,"Outside UTC session (08:00 - 16:00 UTC, Current: 19:30)","",0,0,0,0.00000,0.00000,0.00000,0.00000,"",0.00,0.00
2026.09.01 19:45:00,2026.09.01 19:45:00,2026.09.01 19:45:00,"10****84",XAUUSD,108151,2026.09.01 19:30:00,NONE,0.00000,0.00000,0.00,0.00000,0.00000,0.00000,0.00000,0.00000,0.00000,0.00000,0.00000,0.00000,0.00,0.00,0.00,0.00,0.00,0.00,0.00,"","","","","OutsideUTCWindow",TRUE,TRUE,FALSE,FALSE,FALSE,FALSE,FALSE,FALSE,FALSE,FALSE,FALSE,FALSE,FALSE,FALSE,FALSE,FALSE,FALSE,FALSE,FALSE,"Outside UTC session (08:00 - 16:00 UTC, Current: 19:45)","",0,0,0,0.00000,0.00000,0.00000,0.00000,"",0.00,0.00
2026.09.01 20:00:00,2026.09.01 20:00:00,2026.09.01 20:00:00,"10****84",XAUUSD,108151,2026.09.01 19:45:00,NONE,0.00000,0.00000,0.00,0.00000,0.00000,0.00000,0.00000,0.00000,0.00000,0.00000,0.00000,0.00000,0.00,0.00,0.00,0.00,0.00,0.00,0.00,"","","","","OutsideUTCWindow",TRUE,TRUE,FALSE,FALSE,FALSE,FALSE,FALSE,FALSE,FALSE,FALSE,FALSE,FALSE,FALSE,FALSE,FALSE,FALSE,FALSE,FALSE,FALSE,"Outside UTC session (08:00 - 16:00 UTC, Current: 20:00)","",0,0,0,0.00000,0.00000,0.00000,0.00000,"",0.00,0.00
2026.09.01 20:15:00,2026.09.01 20:15:00,2026.09.01 20:15:00,"10****84",XAUUSD,108151,2026.09.01 20:00:00,NONE,0.00000,0.00000,0.00,0.00000,0.00000,0.00000,0.00000,0.00000,0.00000,0.00000,0.00000,0.00000,0.00,0.00,0.00,0.00,0.00,0.00,0.00,"","","","","OutsideUTCWindow",TRUE,TRUE,FALSE,FALSE,FALSE,FALSE,FALSE,FALSE,FALSE,FALSE,FALSE,FALSE,FALSE,FALSE,FALSE,FALSE,FALSE,FALSE,FALSE,"Outside UTC session (08:00 - 16:00 UTC, Current: 20:15)","",0,0,0,0.00000,0.00000,0.00000,0.00000,"",0.00,0.00
2026.09.01 20:30:00,2026.09.01 20:30:00,2026.09.01 20:30:00,"10****84",XAUUSD,108151,2026.09.01 20:15:00,NONE,0.00000,0.00000,0.00,0.00000,0.00000,0.00000,0.00000,0.00000,0.00000,0.00000,0.00000,0.00000,0.00,0.00,0.00,0.00,0.00,0.00,0.00,"","","","","OutsideUTCWindow",TRUE,TRUE,FALSE,FALSE,FALSE,FALSE,FALSE,FALSE,FALSE,FALSE,FALSE,FALSE,FALSE,FALSE,FALSE,FALSE,FALSE,FALSE,FALSE,"Outside UTC session (08:00 - 16:00 UTC, Current: 20:30)","",0,0,0,0.00000,0.00000,0.00000,0.00000,"",0.00,0.00
2026.09.01 20:45:00,2026.09.01 20:45:00,2026.09.01 20:45:00,"10****84",XAUUSD,108151,2026.09.01 20:30:00,NONE,0.00000,0.00000,0.00,0.00000,0.00000,0.00000,0.00000,0.00000,0.00000,0.00000,0.00000,0.00000,0.00,0.00,0.00,0.00,0.00,0.00,0.00,"","","","","OutsideUTCWindow",TRUE,TRUE,FALSE,FALSE,FALSE,FALSE,FALSE,FALSE,FALSE,FALSE,FALSE,FALSE,FALSE,FALSE,FALSE,FALSE,FALSE,FALSE,FALSE,"Outside UTC session (08:00 - 16:00 UTC, Current: 20:45)","",0,0,0,0.00000,0.00000,0.00000,0.00000,"",0.00,0.00
2026.09.01 21:00:00,2026.09.01 21:00:00,2026.09.01 21:00:00,"10****84",XAUUSD,108151,2026.09.01 20:45:00,NONE,0.00000,0.00000,0.00,0.00000,0.00000,0.00000,0.00000,0.00000,0.00000,0.00000,0.00000,0.00000,0.00,0.00,0.00,0.00,0.00,0.00,0.00,"","","","","OutsideUTCWindow",TRUE,TRUE,FALSE,FALSE,FALSE,FALSE,FALSE,FALSE,FALSE,FALSE,FALSE,FALSE,FALSE,FALSE,FALSE,FALSE,FALSE,FALSE,FALSE,"Outside UTC session (08:00 - 16:00 UTC, Current: 21:00)","",0,0,0,0.00000,0.00000,0.00000,0.00000,"",0.00,0.00
2026.09.01 21:15:00,2026.09.01 21:15:00,2026.09.01 21:15:00,"10****84",XAUUSD,108151,2026.09.01 21:00:00,NONE,0.00000,0.00000,0.00,0.00000,0.00000,0.00000,0.00000,0.00000,0.00000,0.00000,0.00000,0.00000,0.00,0.00,0.00,0.00,0.00,0.00,0.00,"","","","","OutsideUTCWindow",TRUE,TRUE,FALSE,FALSE,FALSE,FALSE,FALSE,FALSE,FALSE,FALSE,FALSE,FALSE,FALSE,FALSE,FALSE,FALSE,FALSE,FALSE,FALSE,"Outside UTC session (08:00 - 16:00 UTC, Current: 21:15)","",0,0,0,0.00000,0.00000,0.00000,0.00000,"",0.00,0.00
2026.09.01 21:30:00,2026.09.01 21:30:00,2026.09.01 21:30:00,"10****84",XAUUSD,108151,2026.09.01 21:15:00,NONE,0.00000,0.00000,0.00,0.00000,0.00000,0.00000,0.00000,0.00000,0.00000,0.00000,0.00000,0.00000,0.00,0.00,0.00,0.00,0.00,0.00,0.00,"","","","","OutsideUTCWindow",TRUE,TRUE,FALSE,FALSE,FALSE,FALSE,FALSE,FALSE,FALSE,FALSE,FALSE,FALSE,FALSE,FALSE,FALSE,FALSE,FALSE,FALSE,FALSE,"Outside UTC session (08:00 - 16:00 UTC, Current: 21:30)","",0,0,0,0.00000,0.00000,0.00000,0.00000,"",0.00,0.00
2026.09.01 21:45:00,2026.09.01 21:45:00,2026.09.01 21:45:00,"10****84",XAUUSD,108151,2026.09.01 21:30:00,NONE,0.00000,0.00000,0.00,0.00000,0.00000,0.00000,0.00000,0.00000,0.00000,0.00000,0.00000,0.00000,0.00,0.00,0.00,0.00,0.00,0.00,0.00,"","","","","OutsideUTCWindow",TRUE,TRUE,FALSE,FALSE,FALSE,FALSE,FALSE,FALSE,FALSE,FALSE,FALSE,FALSE,FALSE,FALSE,FALSE,FALSE,FALSE,FALSE,FALSE,"Outside UTC session (08:00 - 16:00 UTC, Current: 21:45)","",0,0,0,0.00000,0.00000,0.00000,0.00000,"",0.00,0.00
2026.09.01 22:00:00,2026.09.01 22:00:00,2026.09.01 22:00:00,"10****84",XAUUSD,108151,2026.09.01 21:45:00,NONE,0.00000,0.00000,0.00,0.00000,0.00000,0.00000,0.00000,0.00000,0.00000,0.00000,0.00000,0.00000,0.00,0.00,0.00,0.00,0.00,0.00,0.00,"","","","","OutsideUTCWindow",TRUE,TRUE,FALSE,FALSE,FALSE,FALSE,FALSE,FALSE,FALSE,FALSE,FALSE,FALSE,FALSE,FALSE,FALSE,FALSE,FALSE,FALSE,FALSE,"Outside UTC session (08:00 - 16:00 UTC, Current: 22:00)","",0,0,0,0.00000,0.00000,0.00000,0.00000,"",0.00,0.00
2026.09.01 22:15:00,2026.09.01 22:15:00,2026.09.01 22:15:00,"10****84",XAUUSD,108151,2026.09.01 22:00:00,NONE,0.00000,0.00000,0.00,0.00000,0.00000,0.00000,0.00000,0.00000,0.00000,0.00000,0.00000,0.00000,0.00,0.00,0.00,0.00,0.00,0.00,0.00,"","","","","OutsideUTCWindow",TRUE,TRUE,FALSE,FALSE,FALSE,FALSE,FALSE,FALSE,FALSE,FALSE,FALSE,FALSE,FALSE,FALSE,FALSE,FALSE,FALSE,FALSE,FALSE,"Outside UTC session (08:00 - 16:00 UTC, Current: 22:15)","",0,0,0,0.00000,0.00000,0.00000,0.00000,"",0.00,0.00
2026.09.01 22:30:00,2026.09.01 22:30:00,2026.09.01 22:30:00,"10****84",XAUUSD,108151,2026.09.01 22:15:00,NONE,0.00000,0.00000,0.00,0.00000,0.00000,0.00000,0.00000,0.00000,0.00000,0.00000,0.00000,0.00000,0.00,0.00,0.00,0.00,0.00,0.00,0.00,"","","","","OutsideUTCWindow",TRUE,TRUE,FALSE,FALSE,FALSE,FALSE,FALSE,FALSE,FALSE,FALSE,FALSE,FALSE,FALSE,FALSE,FALSE,FALSE,FALSE,FALSE,FALSE,"Outside UTC session (08:00 - 16:00 UTC, Current: 22:30)","",0,0,0,0.00000,0.00000,0.00000,0.00000,"",0.00,0.00
2026.09.01 22:45:00,2026.09.01 22:45:00,2026.09.01 22:45:00,"10****84",XAUUSD,108151,2026.09.01 22:30:00,NONE,0.00000,0.00000,0.00,0.00000,0.00000,0.00000,0.00000,0.00000,0.00000,0.00000,0.00000,0.00000,0.00,0.00,0.00,0.00,0.00,0.00,0.00,"","","","","OutsideUTCWindow",TRUE,TRUE,FALSE,FALSE,FALSE,FALSE,FALSE,FALSE,FALSE,FALSE,FALSE,FALSE,FALSE,FALSE,FALSE,FALSE,FALSE,FALSE,FALSE,"Outside UTC session (08:00 - 16:00 UTC, Current: 22:45)","",0,0,0,0.00000,0.00000,0.00000,0.00000,"",0.00,0.00
2026.09.02 01:00:00,2026.09.02 01:00:00,2026.09.02 01:00:00,"10****84",XAUUSD,108151,2026.09.01 22:45:00,NONE,0.00000,0.00000,0.00,0.00000,0.00000,0.00000,0.00000,0.00000,0.00000,0.00000,0.00000,0.00000,0.00,0.00,0.00,0.00,0.00,0.00,0.00,"","","","","OutsideUTCWindow",TRUE,TRUE,FALSE,FALSE,FALSE,FALSE,FALSE,FALSE,FALSE,FALSE,FALSE,FALSE,FALSE,FALSE,FALSE,FALSE,FALSE,FALSE,FALSE,"Outside UTC session (08:00 - 16:00 UTC, Current: 01:00)","",0,0,0,0.00000,0.00000,0.00000,0.00000,"",0.00,0.00
2026.09.02 01:15:00,2026.09.02 01:15:00,2026.09.02 01:15:00,"10****84",XAUUSD,108151,2026.09.02 01:00:00,NONE,0.00000,0.00000,0.00,0.00000,0.00000,0.00000,0.00000,0.00000,0.00000,0.00000,0.00000,0.00000,0.00,0.00,0.00,0.00,0.00,0.00,0.00,"","","","","OutsideUTCWindow",TRUE,TRUE,FALSE,FALSE,FALSE,FALSE,FALSE,FALSE,FALSE,FALSE,FALSE,FALSE,FALSE,FALSE,FALSE,FALSE,FALSE,FALSE,FALSE,"Outside UTC session (08:00 - 16:00 UTC, Current: 01:15)","",0,0,0,0.00000,0.00000,0.00000,0.00000,"",0.00,0.00
2026.09.02 01:30:00,2026.09.02 01:30:00,2026.09.02 01:30:00,"10****84",XAUUSD,108151,2026.09.02 01:15:00,NONE,0.00000,0.00000,0.00,0.00000,0.00000,0.00000,0.00000,0.00000,0.00000,0.00000,0.00000,0.00000,0.00,0.00,0.00,0.00,0.00,0.00,0.00,"","","","","OutsideUTCWindow",TRUE,TRUE,FALSE,FALSE,FALSE,FALSE,FALSE,FALSE,FALSE,FALSE,FALSE,FALSE,FALSE,FALSE,FALSE,FALSE,FALSE,FALSE,FALSE,"Outside UTC session (08:00 - 16:00 UTC, Current: 01:30)","",0,0,0,0.00000,0.00000,0.00000,0.00000,"",0.00,0.00
2026.09.02 01:45:00,2026.09.02 01:45:00,2026.09.02 01:45:00,"10****84",XAUUSD,108151,2026.09.02 01:30:00,NONE,0.00000,0.00000,0.00,0.00000,0.00000,0.00000,0.00000,0.00000,0.00000,0.00000,0.00000,0.00000,0.00,0.00,0.00,0.00,0.00,0.00,0.00,"","","","","OutsideUTCWindow",TRUE,TRUE,FALSE,FALSE,FALSE,FALSE,FALSE,FALSE,FALSE,FALSE,FALSE,FALSE,FALSE,FALSE,FALSE,FALSE,FALSE,FALSE,FALSE,"Outside UTC session (08:00 - 16:00 UTC, Current: 01:45)","",0,0,0,0.00000,0.00000,0.00000,0.00000,"",0.00,0.00
2026.09.02 02:00:00,2026.09.02 02:00:00,2026.09.02 02:00:00,"10****84",XAUUSD,108151,2026.09.02 01:45:00,NONE,0.00000,0.00000,0.00,0.00000,0.00000,0.00000,0.00000,0.00000,0.00000,0.00000,0.00000,0.00000,0.00,0.00,0.00,0.00,0.00,0.00,0.00,"","","","","OutsideUTCWindow",TRUE,TRUE,FALSE,FALSE,FALSE,FALSE,FALSE,FALSE,FALSE,FALSE,FALSE,FALSE,FALSE,FALSE,FALSE,FALSE,FALSE,FALSE,FALSE,"Outside UTC session (08:00 - 16:00 UTC, Current: 02:00)","",0,0,0,0.00000,0.00000,0.00000,0.00000,"",0.00,0.00
2026.09.02 02:15:00,2026.09.02 02:15:00,2026.09.02 02:15:00,"10****84",XAUUSD,108151,2026.09.02 02:00:00,NONE,0.00000,0.00000,0.00,0.00000,0.00000,0.00000,0.00000,0.00000,0.00000,0.00000,0.00000,0.00000,0.00,0.00,0.00,0.00,0.00,0.00,0.00,"","","","","OutsideUTCWindow",TRUE,TRUE,FALSE,FALSE,FALSE,FALSE,FALSE,FALSE,FALSE,FALSE,FALSE,FALSE,FALSE,FALSE,FALSE,FALSE,FALSE,FALSE,FALSE,"Outside UTC session (08:00 - 16:00 UTC, Current: 02:15)","",0,0,0,0.00000,0.00000,0.00000,0.00000,"",0.00,0.00
2026.09.02 02:30:00,2026.09.02 02:30:00,2026.09.02 02:30:00,"10****84",XAUUSD,108151,2026.09.02 02:15:00,NONE,0.00000,0.00000,0.00,0.00000,0.00000,0.00000,0.00000,0.00000,0.00000,0.00000,0.00000,0.00000,0.00,0.00,0.00,0.00,0.00,0.00,0.00,"","","","","OutsideUTCWindow",TRUE,TRUE,FALSE,FALSE,FALSE,FALSE,FALSE,FALSE,FALSE,FALSE,FALSE,FALSE,FALSE,FALSE,FALSE,FALSE,FALSE,FALSE,FALSE,"Outside UTC session (08:00 - 16:00 UTC, Current: 02:30)","",0,0,0,0.00000,0.00000,0.00000,0.00000,"",0.00,0.00
2026.09.02 02:45:00,2026.09.02 02:45:00,2026.09.02 02:45:00,"10****84",XAUUSD,108151,2026.09.02 02:30:00,NONE,0.00000,0.00000,0.00,0.00000,0.00000,0.00000,0.00000,0.00000,0.00000,0.00000,0.00000,0.00000,0.00,0.00,0.00,0.00,0.00,0.00,0.00,"","","","","OutsideUTCWindow",TRUE,TRUE,FALSE,FALSE,FALSE,FALSE,FALSE,FALSE,FALSE,FALSE,FALSE,FALSE,FALSE,FALSE,FALSE,FALSE,FALSE,FALSE,FALSE,"Outside UTC session (08:00 - 16:00 UTC, Current: 02:45)","",0,0,0,0.00000,0.00000,0.00000,0.00000,"",0.00,0.00
2026.09.02 03:00:00,2026.09.02 03:00:00,2026.09.02 03:00:00,"10****84",XAUUSD,108151,2026.09.02 02:45:00,NONE,0.00000,0.00000,0.00,0.00000,0.00000,0.00000,0.00000,0.00000,0.00000,0.00000,0.00000,0.00000,0.00,0.00,0.00,0.00,0.00,0.00,0.00,"","","","","OutsideUTCWindow",TRUE,TRUE,FALSE,FALSE,FALSE,FALSE,FALSE,FALSE,FALSE,FALSE,FALSE,FALSE,FALSE,FALSE,FALSE,FALSE,FALSE,FALSE,FALSE,"Outside UTC session (08:00 - 16:00 UTC, Current: 03:00)","",0,0,0,0.00000,0.00000,0.00000,0.00000,"",0.00,0.00
2026.09.02 03:15:00,2026.09.02 03:15:00,2026.09.02 03:15:00,"10****84",XAUUSD,108151,2026.09.02 03:00:00,NONE,0.00000,0.00000,0.00,0.00000,0.00000,0.00000,0.00000,0.00000,0.00000,0.00000,0.00000,0.00000,0.00,0.00,0.00,0.00,0.00,0.00,0.00,"","","","","OutsideUTCWindow",TRUE,TRUE,FALSE,FALSE,FALSE,FALSE,FALSE,FALSE,FALSE,FALSE,FALSE,FALSE,FALSE,FALSE,FALSE,FALSE,FALSE,FALSE,FALSE,"Outside UTC session (08:00 - 16:00 UTC, Current: 03:15)","",0,0,0,0.00000,0.00000,0.00000,0.00000,"",0.00,0.00
2026.09.02 03:30:00,2026.09.02 03:30:00,2026.09.02 03:30:00,"10****84",XAUUSD,108151,2026.09.02 03:15:00,NONE,0.00000,0.00000,0.00,0.00000,0.00000,0.00000,0.00000,0.00000,0.00000,0.00000,0.00000,0.00000,0.00,0.00,0.00,0.00,0.00,0.00,0.00,"","","","","OutsideUTCWindow",TRUE,TRUE,FALSE,FALSE,FALSE,FALSE,FALSE,FALSE,FALSE,FALSE,FALSE,FALSE,FALSE,FALSE,FALSE,FALSE,FALSE,FALSE,FALSE,"Outside UTC session (08:00 - 16:00 UTC, Current: 03:30)","",0,0,0,0.00000,0.00000,0.00000,0.00000,"",0.00,0.00
2026.09.02 03:45:00,2026.09.02 03:45:00,2026.09.02 03:45:00,"10****84",XAUUSD,108151,2026.09.02 03:30:00,NONE,0.00000,0.00000,0.00,0.00000,0.00000,0.00000,0.00000,0.00000,0.00000,0.00000,0.00000,0.00000,0.00,0.00,0.00,0.00,0.00,0.00,0.00,"","","","","OutsideUTCWindow",TRUE,TRUE,FALSE,FALSE,FALSE,FALSE,FALSE,FALSE,FALSE,FALSE,FALSE,FALSE,FALSE,FALSE,FALSE,FALSE,FALSE,FALSE,FALSE,"Outside UTC session (08:00 - 16:00 UTC, Current: 03:45)","",0,0,0,0.00000,0.00000,0.00000,0.00000,"",0.00,0.00
2026.09.02 04:00:00,2026.09.02 04:00:00,2026.09.02 04:00:00,"10****84",XAUUSD,108151,2026.09.02 03:45:00,NONE,0.00000,0.00000,0.00,0.00000,0.00000,0.00000,0.00000,0.00000,0.00000,0.00000,0.00000,0.00000,0.00,0.00,0.00,0.00,0.00,0.00,0.00,"","","","","OutsideUTCWindow",TRUE,TRUE,FALSE,FALSE,FALSE,FALSE,FALSE,FALSE,FALSE,FALSE,FALSE,FALSE,FALSE,FALSE,FALSE,FALSE,FALSE,FALSE,FALSE,"Outside UTC session (08:00 - 16:00 UTC, Current: 04:00)","",0,0,0,0.00000,0.00000,0.00000,0.00000,"",0.00,0.00
2026.09.02 04:15:00,2026.09.02 04:15:00,2026.09.02 04:15:00,"10****84",XAUUSD,108151,2026.09.02 04:00:00,NONE,0.00000,0.00000,0.00,0.00000,0.00000,0.00000,0.00000,0.00000,0.00000,0.00000,0.00000,0.00000,0.00,0.00,0.00,0.00,0.00,0.00,0.00,"","","","","OutsideUTCWindow",TRUE,TRUE,FALSE,FALSE,FALSE,FALSE,FALSE,FALSE,FALSE,FALSE,FALSE,FALSE,FALSE,FALSE,FALSE,FALSE,FALSE,FALSE,FALSE,"Outside UTC session (08:00 - 16:00 UTC, Current: 04:15)","",0,0,0,0.00000,0.00000,0.00000,0.00000,"",0.00,0.00
2026.09.02 04:30:00,2026.09.02 04:30:00,2026.09.02 04:30:00,"10****84",XAUUSD,108151,2026.09.02 04:15:00,NONE,0.00000,0.00000,0.00,0.00000,0.00000,0.00000,0.00000,0.00000,0.00000,0.00000,0.00000,0.00000,0.00,0.00,0.00,0.00,0.00,0.00,0.00,"","","","","OutsideUTCWindow",TRUE,TRUE,FALSE,FALSE,FALSE,FALSE,FALSE,FALSE,FALSE,FALSE,FALSE,FALSE,FALSE,FALSE,FALSE,FALSE,FALSE,FALSE,FALSE,"Outside UTC session (08:00 - 16:00 UTC, Current: 04:30)","",0,0,0,0.00000,0.00000,0.00000,0.00000,"",0.00,0.00
2026.09.02 04:45:00,2026.09.02 04:45:00,2026.09.02 04:45:00,"10****84",XAUUSD,108151,2026.09.02 04:30:00,NONE,0.00000,0.00000,0.00,0.00000,0.00000,0.00000,0.00000,0.00000,0.00000,0.00000,0.00000,0.00000,0.00,0.00,0.00,0.00,0.00,0.00,0.00,"","","","","OutsideUTCWindow",TRUE,TRUE,FALSE,FALSE,FALSE,FALSE,FALSE,FALSE,FALSE,FALSE,FALSE,FALSE,FALSE,FALSE,FALSE,FALSE,FALSE,FALSE,FALSE,"Outside UTC session (08:00 - 16:00 UTC, Current: 04:45)","",0,0,0,0.00000,0.00000,0.00000,0.00000,"",0.00,0.00
2026.09.02 05:00:00,2026.09.02 05:00:00,2026.09.02 05:00:00,"10****84",XAUUSD,108151,2026.09.02 04:45:00,NONE,0.00000,0.00000,0.00,0.00000,0.00000,0.00000,0.00000,0.00000,0.00000,0.00000,0.00000,0.00000,0.00,0.00,0.00,0.00,0.00,0.00,0.00,"","","","","OutsideUTCWindow",TRUE,TRUE,FALSE,FALSE,FALSE,FALSE,FALSE,FALSE,FALSE,FALSE,FALSE,FALSE,FALSE,FALSE,FALSE,FALSE,FALSE,FALSE,FALSE,"Outside UTC session (08:00 - 16:00 UTC, Current: 05:00)","",0,0,0,0.00000,0.00000,0.00000,0.00000,"",0.00,0.00
2026.09.02 05:15:00,2026.09.02 05:15:00,2026.09.02 05:15:00,"10****84",XAUUSD,108151,2026.09.02 05:00:00,NONE,0.00000,0.00000,0.00,0.00000,0.00000,0.00000,0.00000,0.00000,0.00000,0.00000,0.00000,0.00000,0.00,0.00,0.00,0.00,0.00,0.00,0.00,"","","","","OutsideUTCWindow",TRUE,TRUE,FALSE,FALSE,FALSE,FALSE,FALSE,FALSE,FALSE,FALSE,FALSE,FALSE,FALSE,FALSE,FALSE,FALSE,FALSE,FALSE,FALSE,"Outside UTC session (08:00 - 16:00 UTC, Current: 05:15)","",0,0,0,0.00000,0.00000,0.00000,0.00000,"",0.00,0.00
2026.09.02 05:30:00,2026.09.02 05:30:00,2026.09.02 05:30:00,"10****84",XAUUSD,108151,2026.09.02 05:15:00,NONE,0.00000,0.00000,0.00,0.00000,0.00000,0.00000,0.00000,0.00000,0.00000,0.00000,0.00000,0.00000,0.00,0.00,0.00,0.00,0.00,0.00,0.00,"","","","","OutsideUTCWindow",TRUE,TRUE,FALSE,FALSE,FALSE,FALSE,FALSE,FALSE,FALSE,FALSE,FALSE,FALSE,FALSE,FALSE,FALSE,FALSE,FALSE,FALSE,FALSE,"Outside UTC session (08:00 - 16:00 UTC, Current: 05:30)","",0,0,0,0.00000,0.00000,0.00000,0.00000,"",0.00,0.00
2026.09.02 05:45:00,2026.09.02 05:45:00,2026.09.02 05:45:00,"10****84",XAUUSD,108151,2026.09.02 05:30:00,NONE,0.00000,0.00000,0.00,0.00000,0.00000,0.00000,0.00000,0.00000,0.00000,0.00000,0.00000,0.00000,0.00,0.00,0.00,0.00,0.00,0.00,0.00,"","","","","OutsideUTCWindow",TRUE,TRUE,FALSE,FALSE,FALSE,FALSE,FALSE,FALSE,FALSE,FALSE,FALSE,FALSE,FALSE,FALSE,FALSE,FALSE,FALSE,FALSE,FALSE,"Outside UTC session (08:00 - 16:00 UTC, Current: 05:45)","",0,0,0,0.00000,0.00000,0.00000,0.00000,"",0.00,0.00
2026.09.02 06:00:00,2026.09.02 06:00:00,2026.09.02 06:00:00,"10****84",XAUUSD,108151,2026.09.02 05:45:00,NONE,0.00000,0.00000,0.00,0.00000,0.00000,0.00000,0.00000,0.00000,0.00000,0.00000,0.00000,0.00000,0.00,0.00,0.00,0.00,0.00,0.00,0.00,"","","","","OutsideUTCWindow",TRUE,TRUE,FALSE,FALSE,FALSE,FALSE,FALSE,FALSE,FALSE,FALSE,FALSE,FALSE,FALSE,FALSE,FALSE,FALSE,FALSE,FALSE,FALSE,"Outside UTC session (08:00 - 16:00 UTC, Current: 06:00)","",0,0,0,0.00000,0.00000,0.00000,0.00000,"",0.00,0.00
2026.09.02 06:15:00,2026.09.02 06:15:00,2026.09.02 06:15:00,"10****84",XAUUSD,108151,2026.09.02 06:00:00,NONE,0.00000,0.00000,0.00,0.00000,0.00000,0.00000,0.00000,0.00000,0.00000,0.00000,0.00000,0.00000,0.00,0.00,0.00,0.00,0.00,0.00,0.00,"","","","","OutsideUTCWindow",TRUE,TRUE,FALSE,FALSE,FALSE,FALSE,FALSE,FALSE,FALSE,FALSE,FALSE,FALSE,FALSE,FALSE,FALSE,FALSE,FALSE,FALSE,FALSE,"Outside UTC session (08:00 - 16:00 UTC, Current: 06:15)","",0,0,0,0.00000,0.00000,0.00000,0.00000,"",0.00,0.00
2026.09.02 06:30:00,2026.09.02 06:30:00,2026.09.02 06:30:00,"10****84",XAUUSD,108151,2026.09.02 06:15:00,NONE,0.00000,0.00000,0.00,0.00000,0.00000,0.00000,0.00000,0.00000,0.00000,0.00000,0.00000,0.00000,0.00,0.00,0.00,0.00,0.00,0.00,0.00,"","","","","OutsideUTCWindow",TRUE,TRUE,FALSE,FALSE,FALSE,FALSE,FALSE,FALSE,FALSE,FALSE,FALSE,FALSE,FALSE,FALSE,FALSE,FALSE,FALSE,FALSE,FALSE,"Outside UTC session (08:00 - 16:00 UTC, Current: 06:30)","",0,0,0,0.00000,0.00000,0.00000,0.00000,"",0.00,0.00
2026.09.02 06:45:00,2026.09.02 06:45:00,2026.09.02 06:45:00,"10****84",XAUUSD,108151,2026.09.02 06:30:00,NONE,0.00000,0.00000,0.00,0.00000,0.00000,0.00000,0.00000,0.00000,0.00000,0.00000,0.00000,0.00000,0.00,0.00,0.00,0.00,0.00,0.00,0.00,"","","","","OutsideUTCWindow",TRUE,TRUE,FALSE,FALSE,FALSE,FALSE,FALSE,FALSE,FALSE,FALSE,FALSE,FALSE,FALSE,FALSE,FALSE,FALSE,FALSE,FALSE,FALSE,"Outside UTC session (08:00 - 16:00 UTC, Current: 06:45)","",0,0,0,0.00000,0.00000,0.00000,0.00000,"",0.00,0.00
2026.09.02 07:00:00,2026.09.02 07:00:00,2026.09.02 07:00:00,"10****84",XAUUSD,108151,2026.09.02 06:45:00,NONE,0.00000,0.00000,0.00,0.00000,0.00000,0.00000,0.00000,0.00000,0.00000,0.00000,0.00000,0.00000,0.00,0.00,0.00,0.00,0.00,0.00,0.00,"","","","","OutsideUTCWindow",TRUE,TRUE,FALSE,FALSE,FALSE,FALSE,FALSE,FALSE,FALSE,FALSE,FALSE,FALSE,FALSE,FALSE,FALSE,FALSE,FALSE,FALSE,FALSE,"Outside UTC session (08:00 - 16:00 UTC, Current: 07:00)","",0,0,0,0.00000,0.00000,0.00000,0.00000,"",0.00,0.00
2026.09.02 07:15:00,2026.09.02 07:15:00,2026.09.02 07:15:00,"10****84",XAUUSD,108151,2026.09.02 07:00:00,NONE,0.00000,0.00000,0.00,0.00000,0.00000,0.00000,0.00000,0.00000,0.00000,0.00000,0.00000,0.00000,0.00,0.00,0.00,0.00,0.00,0.00,0.00,"","","","","OutsideUTCWindow",TRUE,TRUE,FALSE,FALSE,FALSE,FALSE,FALSE,FALSE,FALSE,FALSE,FALSE,FALSE,FALSE,FALSE,FALSE,FALSE,FALSE,FALSE,FALSE,"Outside UTC session (08:00 - 16:00 UTC, Current: 07:15)","",0,0,0,0.00000,0.00000,0.00000,0.00000,"",0.00,0.00
2026.09.02 07:30:00,2026.09.02 07:30:00,2026.09.02 07:30:00,"10****84",XAUUSD,108151,2026.09.02 07:15:00,NONE,0.00000,0.00000,0.00,0.00000,0.00000,0.00000,0.00000,0.00000,0.00000,0.00000,0.00000,0.00000,0.00,0.00,0.00,0.00,0.00,0.00,0.00,"","","","","OutsideUTCWindow",TRUE,TRUE,FALSE,FALSE,FALSE,FALSE,FALSE,FALSE,FALSE,FALSE,FALSE,FALSE,FALSE,FALSE,FALSE,FALSE,FALSE,FALSE,FALSE,"Outside UTC session (08:00 - 16:00 UTC, Current: 07:30)","",0,0,0,0.00000,0.00000,0.00000,0.00000,"",0.00,0.00
2026.09.02 07:45:00,2026.09.02 07:45:00,2026.09.02 07:45:00,"10****84",XAUUSD,108151,2026.09.02 07:30:00,NONE,0.00000,0.00000,0.00,0.00000,0.00000,0.00000,0.00000,0.00000,0.00000,0.00000,0.00000,0.00000,0.00,0.00,0.00,0.00,0.00,0.00,0.00,"","","","","OutsideUTCWindow",TRUE,TRUE,FALSE,FALSE,FALSE,FALSE,FALSE,FALSE,FALSE,FALSE,FALSE,FALSE,FALSE,FALSE,FALSE,FALSE,FALSE,FALSE,FALSE,"Outside UTC session (08:00 - 16:00 UTC, Current: 07:45)","",0,0,0,0.00000,0.00000,0.00000,0.00000,"",0.00,0.00
2026.09.02 08:00:00,2026.09.02 08:00:00,2026.09.02 08:00:00,"10****84",XAUUSD,108151,2026.09.02 07:45:00,SELL,4401.73593,4485.04754,62.77,4308.52120,10.90857,10.53286,0.00000,4307.24000,0.00000,0.00000,0.00000,0.00000,0.00,0.00,0.00,0.00,0.00,0.00,0.00,"Loss: $0.00 (Max $50.00) | Losses: 0/Max 2","Loss: 0.00% / Max: 20.00%","DD: 0.00% / Max: 20.00% (HWM: $500.00)","BypassedInTester","ActiveSession",TRUE,TRUE,TRUE,TRUE,TRUE,TRUE,TRUE,TRUE,TRUE,FALSE,FALSE,TRUE,FALSE,FALSE,FALSE,FALSE,FALSE,FALSE,FALSE,"No M15 candle in shifts 2-4 touched above EMA20","",0,0,0,0.00000,0.00000,0.00000,0.00000,"",0.00,0.00
2026.09.02 08:15:00,2026.09.02 08:15:00,2026.09.02 08:15:00,"10****84",XAUUSD,108151,2026.09.02 08:00:00,SELL,4401.73593,4485.04754,62.77,4308.65252,10.41929,10.53286,0.00000,4309.90000,0.00000,0.00000,0.00000,0.00000,0.00,0.00,0.00,0.00,0.00,0.00,0.00,"Loss: $0.00 (Max $50.00) | Losses: 0/Max 2","Loss: 0.00% / Max: 20.00%","DD: 0.00% / Max: 20.00% (HWM: $500.00)","BypassedInTester","ActiveSession",TRUE,TRUE,TRUE,TRUE,TRUE,TRUE,TRUE,TRUE,TRUE,FALSE,FALSE,TRUE,FALSE,FALSE,FALSE,FALSE,FALSE,FALSE,FALSE,"No M15 candle in shifts 2-4 touched above EMA20","",0,0,0,0.00000,0.00000,0.00000,0.00000,"",0.00,0.00
2026.09.02 08:30:00,2026.09.02 08:30:00,2026.09.02 08:30:00,"10****84",XAUUSD,108151,2026.09.02 08:15:00,SELL,4401.73593,4485.04754,62.77,4309.06656,9.36071,10.47357,0.00000,4313.00000,0.00000,0.00000,0.00000,0.00000,0.00,0.00,0.00,0.00,0.00,0.00,0.00,"Loss: $0.00 (Max $50.00) | Losses: 0/Max 2","Loss: 0.00% / Max: 20.00%","DD: 0.00% / Max: 20.00% (HWM: $500.00)","BypassedInTester","ActiveSession",TRUE,TRUE,TRUE,TRUE,TRUE,TRUE,TRUE,TRUE,TRUE,TRUE,FALSE,TRUE,FALSE,FALSE,FALSE,FALSE,FALSE,FALSE,FALSE,"Close[1] (4313.00000) did not close below Low[2] (4303.46000)","",0,0,0,0.00000,0.00000,0.00000,0.00000,"",0.00,0.00
2026.09.02 08:45:00,2026.09.02 08:45:00,2026.09.02 08:45:00,"10****84",XAUUSD,108151,2026.09.02 08:30:00,SELL,4401.73593,4485.04754,62.77,4310.40118,9.14000,10.26821,0.00000,4323.08000,0.00000,0.00000,0.00000,0.00000,0.00,0.00,0.00,0.00,0.00,0.00,0.00,"Loss: $0.00 (Max $50.00) | Losses: 0/Max 2","Loss: 0.00% / Max: 20.00%","DD: 0.00% / Max: 20.00% (HWM: $500.00)","BypassedInTester","ActiveSession",TRUE,TRUE,TRUE,TRUE,TRUE,TRUE,TRUE,TRUE,TRUE,TRUE,FALSE,TRUE,FALSE,FALSE,FALSE,FALSE,FALSE,FALSE,FALSE,"Close[1] (4323.08000) did not close below Low[2] (4306.66000)","",0,0,0,0.00000,0.00000,0.00000,0.00000,"",0.00,0.00
2026.09.02 09:00:00,2026.09.02 09:00:00,2026.09.02 09:00:00,"10****84",XAUUSD,108151,2026.09.02 08:45:00,SELL,4398.52080,4483.40278,55.96,4311.29154,8.92000,10.11429,0.00000,4319.75000,0.00000,0.00000,0.00000,0.00000,0.00,0.00,0.00,0.00,0.00,0.00,0.00,"Loss: $0.00 (Max $50.00) | Losses: 0/Max 2","Loss: 0.00% / Max: 20.00%","DD: 0.00% / Max: 20.00% (HWM: $500.00)","BypassedInTester","ActiveSession",TRUE,TRUE,TRUE,TRUE,TRUE,TRUE,TRUE,TRUE,TRUE,TRUE,FALSE,TRUE,FALSE,FALSE,FALSE,FALSE,FALSE,FALSE,FALSE,"Close[1] (4319.75000) did not close below Low[2] (4313.03000)","",0,0,0,0.00000,0.00000,0.00000,0.00000,"",0.00,0.00
2026.09.02 09:15:00,2026.09.02 09:15:00,2026.09.02 09:15:00,"10****84",XAUUSD,108151,2026.09.02 09:00:00,SELL,4398.52080,4483.40278,55.96,4312.74854,8.67071,9.98821,0.00000,4326.59000,0.00000,0.00000,0.00000,0.00000,0.00,0.00,0.00,0.00,0.00,0.00,0.00,"Loss: $0.00 (Max $50.00) | Losses: 0/Max 2","Loss: 0.00% / Max: 20.00%","DD: 0.00% / Max: 20.00% (HWM: $500.00)","BypassedInTester","ActiveSession",TRUE,TRUE,TRUE,TRUE,TRUE,TRUE,TRUE,TRUE,TRUE,TRUE,FALSE,TRUE,FALSE,FALSE,FALSE,FALSE,FALSE,FALSE,FALSE,"Close[1] (4326.59000) did not close below Low[2] (4319.22000)","",0,0,0,0.00000,0.00000,0.00000,0.00000,"",0.00,0.00
2026.09.02 09:30:00,2026.09.02 09:30:00,2026.09.02 09:30:00,"10****84",XAUUSD,108151,2026.09.02 09:15:00,SELL,4398.52080,4483.40278,55.96,4313.69629,8.44357,9.70571,0.00000,4322.70000,0.00000,0.00000,0.00000,0.00000,0.00,0.00,0.00,0.00,0.00,0.00,0.00,"Loss: $0.00 (Max $50.00) | Losses: 0/Max 2","Loss: 0.00% / Max: 20.00%","DD: 0.00% / Max: 20.00% (HWM: $500.00)","BypassedInTester","ActiveSession",TRUE,TRUE,TRUE,TRUE,TRUE,TRUE,TRUE,TRUE,TRUE,TRUE,FALSE,TRUE,FALSE,FALSE,FALSE,FALSE,FALSE,FALSE,FALSE,"Close[1] (4322.70000) did not close below Low[2] (4317.48000)","",0,0,0,0.00000,0.00000,0.00000,0.00000,"",0.00,0.00
2026.09.02 09:45:00,2026.09.02 09:45:00,2026.09.02 09:45:00,"10****84",XAUUSD,108151,2026.09.02 09:30:00,SELL,4398.52080,4483.40278,55.96,4314.70046,8.59214,9.45357,0.00000,4324.24000,0.00000,0.00000,0.00000,0.00000,0.00,0.00,0.00,0.00,0.00,0.00,0.00,"Loss: $0.00 (Max $50.00) | Losses: 0/Max 2","Loss: 0.00% / Max: 20.00%","DD: 0.00% / Max: 20.00% (HWM: $500.00)","BypassedInTester","ActiveSession",TRUE,TRUE,TRUE,TRUE,TRUE,TRUE,TRUE,TRUE,TRUE,TRUE,FALSE,TRUE,FALSE,FALSE,FALSE,FALSE,FALSE,FALSE,FALSE,"Close[1] (4324.24000) did not close below Low[2] (4320.76000)","",0,0,0,0.00000,0.00000,0.00000,0.00000,"",0.00,0.00
2026.09.02 10:00:00,2026.09.02 10:00:00,2026.09.02 10:00:00,"10****84",XAUUSD,108151,2026.09.02 09:45:00,SELL,4395.50469,4481.79291,49.17,4315.35851,8.39714,9.28857,0.00000,4321.61000,0.00000,0.00000,0.00000,0.00000,0.00,0.00,0.00,0.00,0.00,0.00,0.00,"Loss: $0.00 (Max $50.00) | Losses: 0/Max 2","Loss: 0.00% / Max: 20.00%","DD: 0.00% / Max: 20.00% (HWM: $500.00)","BypassedInTester","ActiveSession",TRUE,TRUE,TRUE,TRUE,TRUE,TRUE,TRUE,TRUE,TRUE,TRUE,FALSE,TRUE,FALSE,FALSE,FALSE,FALSE,FALSE,FALSE,FALSE,"Close[1] (4321.61000) did not close below Low[2] (4316.76000)","",0,0,0,0.00000,0.00000,0.00000,0.00000,"",0.00,0.00
2026.09.02 10:15:00,2026.09.02 10:15:00,2026.09.02 10:15:00,"10****84",XAUUSD,108151,2026.09.02 10:00:00,SELL,4395.50469,4481.79291,49.17,4316.43389,8.42571,9.19179,0.00000,4326.65000,0.00000,0.00000,0.00000,0.00000,0.00,0.00,0.00,0.00,0.00,0.00,0.00,"Loss: $0.00 (Max $50.00) | Losses: 0/Max 2","Loss: 0.00% / Max: 20.00%","DD: 0.00% / Max: 20.00% (HWM: $500.00)","BypassedInTester","ActiveSession",TRUE,TRUE,TRUE,TRUE,TRUE,TRUE,TRUE,TRUE,TRUE,TRUE,FALSE,TRUE,FALSE,FALSE,FALSE,FALSE,FALSE,FALSE,FALSE,"Close[1] (4326.65000) did not close below Low[2] (4314.52000)","",0,0,0,0.00000,0.00000,0.00000,0.00000,"",0.00,0.00
2026.09.02 10:30:00,2026.09.02 10:30:00,2026.09.02 10:30:00,"10****84",XAUUSD,108151,2026.09.02 10:15:00,SELL,4395.50469,4481.79291,49.17,4317.40876,7.63857,9.15357,0.00000,4326.67000,0.00000,0.00000,0.00000,0.00000,0.00,0.00,0.00,0.00,0.00,0.00,0.00,"Loss: $0.00 (Max $50.00) | Losses: 0/Max 2","Loss: 0.00% / Max: 20.00%","DD: 0.00% / Max: 20.00% (HWM: $500.00)","BypassedInTester","ActiveSession",TRUE,TRUE,TRUE,TRUE,TRUE,TRUE,TRUE,TRUE,TRUE,TRUE,FALSE,TRUE,FALSE,FALSE,FALSE,FALSE,FALSE,FALSE,FALSE,"Close[1] (4326.67000) did not close below Low[2] (4319.09000)","",0,0,0,0.00000,0.00000,0.00000,0.00000,"",0.00,0.00
2026.09.02 10:45:00,2026.09.02 10:45:00,2026.09.02 10:45:00,"10****84",XAUUSD,108151,2026.09.02 10:30:00,SELL,4395.50469,4481.79291,49.17,4317.90126,7.97857,9.11821,0.00000,4322.58000,0.00000,0.00000,0.00000,0.00000,0.00,0.00,0.00,0.00,0.00,0.00,0.00,"Loss: $0.00 (Max $50.00) | Losses: 0/Max 2","Loss: 0.00% / Max: 20.00%","DD: 0.00% / Max: 20.00% (HWM: $500.00)","BypassedInTester","ActiveSession",TRUE,TRUE,TRUE,TRUE,TRUE,TRUE,TRUE,TRUE,TRUE,TRUE,FALSE,TRUE,FALSE,FALSE,FALSE,FALSE,FALSE,FALSE,FALSE,"Close[1] (4322.58000) did not close below EMA20[1] (4317.90126)","",0,0,0,0.00000,0.00000,0.00000,0.00000,"",0.00,0.00
2026.09.02 11:00:00,2026.09.02 11:00:00,2026.09.02 11:00:00,"10****84",XAUUSD,108151,2026.09.02 10:45:00,SELL,4392.66764,4480.21447,42.77,4318.40209,8.00286,9.09321,0.00000,4323.16000,0.00000,0.00000,0.00000,0.00000,0.00,0.00,0.00,0.00,0.00,0.00,0.00,"Loss: $0.00 (Max $50.00) | Losses: 0/Max 2","Loss: 0.00% / Max: 20.00%","DD: 0.00% / Max: 20.00% (HWM: $500.00)","BypassedInTester","ActiveSession",TRUE,TRUE,TRUE,TRUE,TRUE,TRUE,TRUE,TRUE,TRUE,TRUE,FALSE,TRUE,FALSE,FALSE,FALSE,FALSE,FALSE,FALSE,FALSE,"Close[1] (4323.16000) did not close below Low[2] (4321.80000)","",0,0,0,0.00000,0.00000,0.00000,0.00000,"",0.00,0.00
2026.09.02 11:15:00,2026.09.02 11:15:00,2026.09.02 11:15:00,"10****84",XAUUSD,108151,2026.09.02 11:00:00,SELL,4392.66764,4480.21447,42.77,4319.07332,8.31286,9.04679,0.00000,4325.45000,0.00000,0.00000,0.00000,0.00000,0.00,0.00,0.00,0.00,0.00,0.00,0.00,"Loss: $0.00 (Max $50.00) | Losses: 0/Max 2","Loss: 0.00% / Max: 20.00%","DD: 0.00% / Max: 20.00% (HWM: $500.00)","BypassedInTester","ActiveSession",TRUE,TRUE,TRUE,TRUE,TRUE,TRUE,TRUE,TRUE,TRUE,TRUE,FALSE,TRUE,FALSE,FALSE,FALSE,FALSE,FALSE,FALSE,FALSE,"Close[1] (4325.45000) did not close below Low[2] (4320.37000)","",0,0,0,0.00000,0.00000,0.00000,0.00000,"",0.00,0.00
2026.09.02 11:30:00,2026.09.02 11:30:00,2026.09.02 11:30:00,"10****84",XAUUSD,108151,2026.09.02 11:15:00,SELL,4392.66764,4480.21447,42.77,4319.44348,8.41071,8.96179,0.00000,4322.96000,0.00000,0.00000,0.00000,0.00000,0.00,0.00,0.00,0.00,0.00,0.00,0.00,"Loss: $0.00 (Max $50.00) | Losses: 0/Max 2","Loss: 0.00% / Max: 20.00%","DD: 0.00% / Max: 20.00% (HWM: $500.00)","BypassedInTester","ActiveSession",TRUE,TRUE,TRUE,TRUE,TRUE,TRUE,TRUE,TRUE,TRUE,TRUE,FALSE,TRUE,FALSE,FALSE,FALSE,FALSE,FALSE,FALSE,FALSE,"Close[1] (4322.96000) did not close below Low[2] (4321.89000)","",0,0,0,0.00000,0.00000,0.00000,0.00000,"",0.00,0.00
2026.09.02 11:45:00,2026.09.02 11:45:00,2026.09.02 11:45:00,"10****84",XAUUSD,108151,2026.09.02 11:30:00,SELL,4392.66764,4480.21447,42.77,4319.67934,8.47429,8.86464,0.00000,4321.92000,0.00000,0.00000,0.00000,0.00000,0.00,0.00,0.00,0.00,0.00,0.00,0.00,"Loss: $0.00 (Max $50.00) | Losses: 0/Max 2","Loss: 0.00% / Max: 20.00%","DD: 0.00% / Max: 20.00% (HWM: $500.00)","BypassedInTester","ActiveSession",TRUE,TRUE,TRUE,TRUE,TRUE,TRUE,TRUE,TRUE,TRUE,TRUE,FALSE,TRUE,FALSE,FALSE,FALSE,FALSE,FALSE,FALSE,FALSE,"Close[1] (4321.92000) did not close below EMA20[1] (4319.67934)","",0,0,0,0.00000,0.00000,0.00000,0.00000,"",0.00,0.00
2026.09.02 12:00:00,2026.09.02 12:00:00,2026.09.02 12:00:00,"10****84",XAUUSD,108151,2026.09.02 11:45:00,SELL,4389.53675,4478.54895,38.57,4319.02702,8.68286,8.77714,0.15000,4312.83000,4312.80000,4332.43000,4234.28000,19.63000,0.25,50.00,0.03,0.02,0.01,0.01,86.26,"Loss: $0.00 (Max $50.00) | Losses: 0/Max 2","Loss: 0.00% / Max: 20.00%","DD: 0.00% / Max: 20.00% (HWM: $500.00)","BypassedInTester","ActiveSession",TRUE,TRUE,TRUE,TRUE,TRUE,TRUE,TRUE,TRUE,TRUE,TRUE,TRUE,TRUE,TRUE,TRUE,TRUE,TRUE,TRUE,TRUE,TRUE,"","Executed successfully. Deal: 2, Price: 4312.80000, Vol: 0.02",10009,2,2,4312.80000,0.15000,0.00000,0.00000,"",0.00,0.00
2026.09.02 12:15:00,2026.09.02 12:15:00,2026.09.02 12:15:00,"10****84",XAUUSD,108151,2026.09.02 12:00:00,NONE,0.00000,0.00000,0.00,0.00000,0.00000,0.00000,0.00000,0.00000,0.00000,0.00000,0.00000,0.00000,0.00,0.00,0.00,0.00,0.00,0.00,0.00,"","","","","ActiveSession",TRUE,TRUE,TRUE,FALSE,FALSE,FALSE,FALSE,FALSE,FALSE,FALSE,FALSE,FALSE,FALSE,FALSE,FALSE,FALSE,FALSE,FALSE,FALSE,"EA already has an active open position","",0,0,0,0.00000,0.00000,0.00000,0.00000,"",0.00,0.00
2026.09.02 12:30:00,2026.09.02 12:30:00,2026.09.02 12:30:00,"10****84",XAUUSD,108151,2026.09.02 12:15:00,NONE,0.00000,0.00000,0.00,0.00000,0.00000,0.00000,0.00000,0.00000,0.00000,0.00000,0.00000,0.00000,0.00,0.00,0.00,0.00,0.00,0.00,0.00,"","","","","ActiveSession",TRUE,TRUE,TRUE,FALSE,FALSE,FALSE,FALSE,FALSE,FALSE,FALSE,FALSE,FALSE,FALSE,FALSE,FALSE,FALSE,FALSE,FALSE,FALSE,"EA already has an active open position","",0,0,0,0.00000,0.00000,0.00000,0.00000,"",0.00,0.00
2026.09.02 12:45:00,2026.09.02 12:45:00,2026.09.02 12:45:00,"10****84",XAUUSD,108151,2026.09.02 12:30:00,NONE,0.00000,0.00000,0.00,0.00000,0.00000,0.00000,0.00000,0.00000,0.00000,0.00000,0.00000,0.00000,0.00,0.00,0.00,0.00,0.00,0.00,0.00,"","","","","ActiveSession",TRUE,TRUE,TRUE,FALSE,FALSE,FALSE,FALSE,FALSE,FALSE,FALSE,FALSE,FALSE,FALSE,FALSE,FALSE,FALSE,FALSE,FALSE,FALSE,"EA already has an active open position","",0,0,0,0.00000,0.00000,0.00000,0.00000,"",0.00,0.00
2026.09.02 13:00:00,2026.09.02 13:00:00,2026.09.02 13:00:00,"10****84",XAUUSD,108151,2026.09.02 12:45:00,NONE,0.00000,0.00000,0.00,0.00000,0.00000,0.00000,0.00000,0.00000,0.00000,0.00000,0.00000,0.00000,0.00,0.00,0.00,0.00,0.00,0.00,0.00,"","","","","ActiveSession",TRUE,TRUE,TRUE,FALSE,FALSE,FALSE,FALSE,FALSE,FALSE,FALSE,FALSE,FALSE,FALSE,FALSE,FALSE,FALSE,FALSE,FALSE,FALSE,"EA already has an active open position","",0,0,0,0.00000,0.00000,0.00000,0.00000,"",0.00,0.00
2026.09.02 13:15:00,2026.09.02 13:15:00,2026.09.02 13:15:00,"10****84",XAUUSD,108151,2026.09.02 13:00:00,NONE,0.00000,0.00000,0.00,0.00000,0.00000,0.00000,0.00000,0.00000,0.00000,0.00000,0.00000,0.00000,0.00,0.00,0.00,0.00,0.00,0.00,0.00,"","","","","ActiveSession",TRUE,TRUE,TRUE,FALSE,FALSE,FALSE,FALSE,FALSE,FALSE,FALSE,FALSE,FALSE,FALSE,FALSE,FALSE,FALSE,FALSE,FALSE,FALSE,"EA already has an active open position","",0,0,0,0.00000,0.00000,0.00000,0.00000,"",0.00,0.00
2026.09.02 13:30:00,2026.09.02 13:30:00,2026.09.02 13:30:00,"10****84",XAUUSD,108151,2026.09.02 13:15:00,NONE,0.00000,0.00000,0.00,0.00000,0.00000,0.00000,0.00000,0.00000,0.00000,0.00000,0.00000,0.00000,0.00,0.00,0.00,0.00,0.00,0.00,0.00,"","","","","ActiveSession",TRUE,TRUE,TRUE,FALSE,FALSE,FALSE,FALSE,FALSE,FALSE,FALSE,FALSE,FALSE,FALSE,FALSE,FALSE,FALSE,FALSE,FALSE,FALSE,"EA already has an active open position","",0,0,0,0.00000,0.00000,0.00000,0.00000,"",0.00,0.00
2026.09.02 13:45:00,2026.09.02 13:45:00,2026.09.02 13:45:00,"10****84",XAUUSD,108151,2026.09.02 13:30:00,NONE,0.00000,0.00000,0.00,0.00000,0.00000,0.00000,0.00000,0.00000,0.00000,0.00000,0.00000,0.00000,0.00,0.00,0.00,0.00,0.00,0.00,0.00,"","","","","ActiveSession",TRUE,TRUE,TRUE,FALSE,FALSE,FALSE,FALSE,FALSE,FALSE,FALSE,FALSE,FALSE,FALSE,FALSE,FALSE,FALSE,FALSE,FALSE,FALSE,"EA already has an active open position","",0,0,0,0.00000,0.00000,0.00000,0.00000,"",0.00,0.00
2026.09.02 14:00:00,2026.09.02 14:00:00,2026.09.02 14:00:00,"10****84",XAUUSD,108151,2026.09.02 13:45:00,NONE,0.00000,0.00000,0.00,0.00000,0.00000,0.00000,0.00000,0.00000,0.00000,0.00000,0.00000,0.00000,0.00,0.00,0.00,0.00,0.00,0.00,0.00,"","","","","ActiveSession",TRUE,TRUE,TRUE,FALSE,FALSE,FALSE,FALSE,FALSE,FALSE,FALSE,FALSE,FALSE,FALSE,FALSE,FALSE,FALSE,FALSE,FALSE,FALSE,"EA already has an active open position","",0,0,0,0.00000,0.00000,0.00000,0.00000,"",0.00,0.00
2026.09.02 14:15:00,2026.09.02 14:15:00,2026.09.02 14:15:00,"10****84",XAUUSD,108151,2026.09.02 14:00:00,NONE,0.00000,0.00000,0.00,0.00000,0.00000,0.00000,0.00000,0.00000,0.00000,0.00000,0.00000,0.00000,0.00,0.00,0.00,0.00,0.00,0.00,0.00,"","","","","ActiveSession",TRUE,TRUE,TRUE,FALSE,FALSE,FALSE,FALSE,FALSE,FALSE,FALSE,FALSE,FALSE,FALSE,FALSE,FALSE,FALSE,FALSE,FALSE,FALSE,"EA already has an active open position","",0,0,0,0.00000,0.00000,0.00000,0.00000,"",0.00,0.00
2026.09.02 14:30:00,2026.09.02 14:30:00,2026.09.02 14:30:00,"10****84",XAUUSD,108151,2026.09.02 14:15:00,NONE,0.00000,0.00000,0.00,0.00000,0.00000,0.00000,0.00000,0.00000,0.00000,0.00000,0.00000,0.00000,0.00,0.00,0.00,0.00,0.00,0.00,0.00,"","","","","ActiveSession",TRUE,TRUE,TRUE,FALSE,FALSE,FALSE,FALSE,FALSE,FALSE,FALSE,FALSE,FALSE,FALSE,FALSE,FALSE,FALSE,FALSE,FALSE,FALSE,"EA already has an active open position","",0,0,0,0.00000,0.00000,0.00000,0.00000,"",0.00,0.00
2026.09.02 14:45:00,2026.09.02 14:45:00,2026.09.02 14:45:00,"10****84",XAUUSD,108151,2026.09.02 14:30:00,NONE,0.00000,0.00000,0.00,0.00000,0.00000,0.00000,0.00000,0.00000,0.00000,0.00000,0.00000,0.00000,0.00,0.00,0.00,0.00,0.00,0.00,0.00,"","","","","ActiveSession",TRUE,TRUE,TRUE,TRUE,FALSE,FALSE,FALSE,FALSE,FALSE,FALSE,FALSE,FALSE,FALSE,FALSE,FALSE,FALSE,FALSE,FALSE,FALSE,"Cooldown active: last trade closed at 2026.09.02 14:35, need 1 completed bar","",0,0,0,0.00000,0.00000,0.00000,0.00000,"",0.00,0.00
2026.09.02 15:00:00,2026.09.02 15:00:00,2026.09.02 15:00:00,"10****84",XAUUSD,108151,2026.09.02 14:45:00,NONE,0.00000,0.00000,0.00,0.00000,0.00000,0.00000,0.00000,0.00000,0.00000,0.00000,0.00000,0.00000,0.00,0.00,0.00,0.00,0.00,0.00,0.00,"","","","","ActiveSession",TRUE,TRUE,TRUE,TRUE,FALSE,FALSE,FALSE,FALSE,FALSE,FALSE,FALSE,FALSE,FALSE,FALSE,FALSE,FALSE,FALSE,FALSE,FALSE,"Cooldown active: last trade closed at 2026.09.02 14:35, need 1 completed bar","",0,0,0,0.00000,0.00000,0.00000,0.00000,"",0.00,0.00
2026.09.02 15:15:00,2026.09.02 15:15:00,2026.09.02 15:15:00,"10****84",XAUUSD,108151,2026.09.02 15:00:00,SELL,4381.33243,4473.76711,31.47,4319.13394,8.17714,8.67679,0.00000,4333.06000,0.00000,0.00000,0.00000,0.00000,0.00,0.00,0.00,0.00,0.00,0.00,0.00,"Loss: $39.26 (Max $50.00) | Losses: 1/Max 2","Loss: 7.85% / Max: 20.00%","DD: 11.74% / Max: 20.00% (HWM: $522.02)","BypassedInTester","ActiveSession",TRUE,TRUE,TRUE,TRUE,TRUE,TRUE,TRUE,TRUE,TRUE,TRUE,FALSE,TRUE,FALSE,FALSE,FALSE,FALSE,FALSE,FALSE,FALSE,"Close[1] (4333.06000) did not close below Low[2] (4323.28000)","",0,0,0,0.00000,0.00000,0.00000,0.00000,"",0.00,0.00
2026.09.02 15:30:00,2026.09.02 15:30:00,2026.09.02 15:30:00,"10****84",XAUUSD,108151,2026.09.02 15:15:00,SELL,4381.33243,4473.76711,31.47,4320.75642,8.49643,8.67679,0.00000,4336.17000,0.00000,0.00000,0.00000,0.00000,0.00,0.00,0.00,0.00,0.00,0.00,0.00,"Loss: $39.26 (Max $50.00) | Losses: 1/Max 2","Loss: 7.85% / Max: 20.00%","DD: 11.74% / Max: 20.00% (HWM: $522.02)","BypassedInTester","ActiveSession",TRUE,TRUE,TRUE,TRUE,TRUE,TRUE,TRUE,TRUE,TRUE,TRUE,FALSE,TRUE,FALSE,FALSE,FALSE,FALSE,FALSE,FALSE,FALSE,"Close[1] (4336.17000) did not close below Low[2] (4328.94000)","",0,0,0,0.00000,0.00000,0.00000,0.00000,"",0.00,0.00
2026.09.02 15:45:00,2026.09.02 15:45:00,2026.09.02 15:45:00,"10****84",XAUUSD,108151,2026.09.02 15:30:00,SELL,4381.33243,4473.76711,31.47,4322.04438,8.50429,8.67679,0.00000,4334.28000,0.00000,0.00000,0.00000,0.00000,0.00,0.00,0.00,0.00,0.00,0.00,0.00,"Loss: $39.26 (Max $50.00) | Losses: 1/Max 2","Loss: 7.85% / Max: 20.00%","DD: 11.74% / Max: 20.00% (HWM: $522.02)","BypassedInTester","ActiveSession",TRUE,TRUE,TRUE,TRUE,TRUE,TRUE,TRUE,TRUE,TRUE,TRUE,FALSE,TRUE,FALSE,FALSE,FALSE,FALSE,FALSE,FALSE,FALSE,"Close[1] (4334.28000) did not close below Low[2] (4329.81000)","",0,0,0,0.00000,0.00000,0.00000,0.00000,"",0.00,0.00
2026.09.02 16:00:00,2026.09.02 16:00:00,2026.09.02 16:00:00,"10****84",XAUUSD,108151,2026.09.02 15:45:00,NONE,0.00000,0.00000,0.00,0.00000,0.00000,0.00000,0.00000,0.00000,0.00000,0.00000,0.00000,0.00000,0.00,0.00,0.00,0.00,0.00,0.00,0.00,"","","","","OutsideUTCWindow",TRUE,TRUE,FALSE,FALSE,FALSE,FALSE,FALSE,FALSE,FALSE,FALSE,FALSE,FALSE,FALSE,FALSE,FALSE,FALSE,FALSE,FALSE,FALSE,"Outside UTC session (08:00 - 16:00 UTC, Current: 16:00)","",0,0,0,0.00000,0.00000,0.00000,0.00000,"",0.00,0.00
2026.09.02 16:15:00,2026.09.02 16:15:00,2026.09.02 16:15:00,"10****84",XAUUSD,108151,2026.09.02 16:00:00,NONE,0.00000,0.00000,0.00,0.00000,0.00000,0.00000,0.00000,0.00000,0.00000,0.00000,0.00000,0.00000,0.00,0.00,0.00,0.00,0.00,0.00,0.00,"","","","","OutsideUTCWindow",TRUE,TRUE,FALSE,FALSE,FALSE,FALSE,FALSE,FALSE,FALSE,FALSE,FALSE,FALSE,FALSE,FALSE,FALSE,FALSE,FALSE,FALSE,FALSE,"Outside UTC session (08:00 - 16:00 UTC, Current: 16:15)","",0,0,0,0.00000,0.00000,0.00000,0.00000,"",0.00,0.00
2026.09.02 16:30:00,2026.09.02 16:30:00,2026.09.02 16:30:00,"10****84",XAUUSD,108151,2026.09.02 16:15:00,NONE,0.00000,0.00000,0.00,0.00000,0.00000,0.00000,0.00000,0.00000,0.00000,0.00000,0.00000,0.00000,0.00,0.00,0.00,0.00,0.00,0.00,0.00,"","","","","OutsideUTCWindow",TRUE,TRUE,FALSE,FALSE,FALSE,FALSE,FALSE,FALSE,FALSE,FALSE,FALSE,FALSE,FALSE,FALSE,FALSE,FALSE,FALSE,FALSE,FALSE,"Outside UTC session (08:00 - 16:00 UTC, Current: 16:30)","",0,0,0,0.00000,0.00000,0.00000,0.00000,"",0.00,0.00
2026.09.02 16:45:00,2026.09.02 16:45:00,2026.09.02 16:45:00,"10****84",XAUUSD,108151,2026.09.02 16:30:00,NONE,0.00000,0.00000,0.00,0.00000,0.00000,0.00000,0.00000,0.00000,0.00000,0.00000,0.00000,0.00000,0.00,0.00,0.00,0.00,0.00,0.00,0.00,"","","","","OutsideUTCWindow",TRUE,TRUE,FALSE,FALSE,FALSE,FALSE,FALSE,FALSE,FALSE,FALSE,FALSE,FALSE,FALSE,FALSE,FALSE,FALSE,FALSE,FALSE,FALSE,"Outside UTC session (08:00 - 16:00 UTC, Current: 16:45)","",0,0,0,0.00000,0.00000,0.00000,0.00000,"",0.00,0.00
2026.09.02 17:00:00,2026.09.02 17:00:00,2026.09.02 17:00:00,"10****84",XAUUSD,108151,2026.09.02 16:45:00,NONE,0.00000,0.00000,0.00,0.00000,0.00000,0.00000,0.00000,0.00000,0.00000,0.00000,0.00000,0.00000,0.00,0.00,0.00,0.00,0.00,0.00,0.00,"","","","","OutsideUTCWindow",TRUE,TRUE,FALSE,FALSE,FALSE,FALSE,FALSE,FALSE,FALSE,FALSE,FALSE,FALSE,FALSE,FALSE,FALSE,FALSE,FALSE,FALSE,FALSE,"Outside UTC session (08:00 - 16:00 UTC, Current: 17:00)","",0,0,0,0.00000,0.00000,0.00000,0.00000,"",0.00,0.00
2026.09.02 17:15:00,2026.09.02 17:15:00,2026.09.02 17:15:00,"10****84",XAUUSD,108151,2026.09.02 17:00:00,NONE,0.00000,0.00000,0.00,0.00000,0.00000,0.00000,0.00000,0.00000,0.00000,0.00000,0.00000,0.00000,0.00,0.00,0.00,0.00,0.00,0.00,0.00,"","","","","OutsideUTCWindow",TRUE,TRUE,FALSE,FALSE,FALSE,FALSE,FALSE,FALSE,FALSE,FALSE,FALSE,FALSE,FALSE,FALSE,FALSE,FALSE,FALSE,FALSE,FALSE,"Outside UTC session (08:00 - 16:00 UTC, Current: 17:15)","",0,0,0,0.00000,0.00000,0.00000,0.00000,"",0.00,0.00
2026.09.02 17:30:00,2026.09.02 17:30:00,2026.09.02 17:30:00,"10****84",XAUUSD,108151,2026.09.02 17:15:00,NONE,0.00000,0.00000,0.00,0.00000,0.00000,0.00000,0.00000,0.00000,0.00000,0.00000,0.00000,0.00000,0.00,0.00,0.00,0.00,0.00,0.00,0.00,"","","","","OutsideUTCWindow",TRUE,TRUE,FALSE,FALSE,FALSE,FALSE,FALSE,FALSE,FALSE,FALSE,FALSE,FALSE,FALSE,FALSE,FALSE,FALSE,FALSE,FALSE,FALSE,"Outside UTC session (08:00 - 16:00 UTC, Current: 17:30)","",0,0,0,0.00000,0.00000,0.00000,0.00000,"",0.00,0.00
2026.09.02 17:45:00,2026.09.02 17:45:00,2026.09.02 17:45:00,"10****84",XAUUSD,108151,2026.09.02 17:30:00,NONE,0.00000,0.00000,0.00,0.00000,0.00000,0.00000,0.00000,0.00000,0.00000,0.00000,0.00000,0.00000,0.00,0.00,0.00,0.00,0.00,0.00,0.00,"","","","","OutsideUTCWindow",TRUE,TRUE,FALSE,FALSE,FALSE,FALSE,FALSE,FALSE,FALSE,FALSE,FALSE,FALSE,FALSE,FALSE,FALSE,FALSE,FALSE,FALSE,FALSE,"Outside UTC session (08:00 - 16:00 UTC, Current: 17:45)","",0,0,0,0.00000,0.00000,0.00000,0.00000,"",0.00,0.00
2026.09.02 18:00:00,2026.09.02 18:00:00,2026.09.02 18:00:00,"10****84",XAUUSD,108151,2026.09.02 17:45:00,NONE,0.00000,0.00000,0.00,0.00000,0.00000,0.00000,0.00000,0.00000,0.00000,0.00000,0.00000,0.00000,0.00,0.00,0.00,0.00,0.00,0.00,0.00,"","","","","OutsideUTCWindow",TRUE,TRUE,FALSE,FALSE,FALSE,FALSE,FALSE,FALSE,FALSE,FALSE,FALSE,FALSE,FALSE,FALSE,FALSE,FALSE,FALSE,FALSE,FALSE,"Outside UTC session (08:00 - 16:00 UTC, Current: 18:00)","",0,0,0,0.00000,0.00000,0.00000,0.00000,"",0.00,0.00
2026.09.02 18:15:00,2026.09.02 18:15:00,2026.09.02 18:15:00,"10****84",XAUUSD,108151,2026.09.02 18:00:00,NONE,0.00000,0.00000,0.00,0.00000,0.00000,0.00000,0.00000,0.00000,0.00000,0.00000,0.00000,0.00000,0.00,0.00,0.00,0.00,0.00,0.00,0.00,"","","","","OutsideUTCWindow",TRUE,TRUE,FALSE,FALSE,FALSE,FALSE,FALSE,FALSE,FALSE,FALSE,FALSE,FALSE,FALSE,FALSE,FALSE,FALSE,FALSE,FALSE,FALSE,"Outside UTC session (08:00 - 16:00 UTC, Current: 18:15)","",0,0,0,0.00000,0.00000,0.00000,0.00000,"",0.00,0.00
2026.09.02 18:30:00,2026.09.02 18:30:00,2026.09.02 18:30:00,"10****84",XAUUSD,108151,2026.09.02 18:15:00,NONE,0.00000,0.00000,0.00,0.00000,0.00000,0.00000,0.00000,0.00000,0.00000,0.00000,0.00000,0.00000,0.00,0.00,0.00,0.00,0.00,0.00,0.00,"","","","","OutsideUTCWindow",TRUE,TRUE,FALSE,FALSE,FALSE,FALSE,FALSE,FALSE,FALSE,FALSE,FALSE,FALSE,FALSE,FALSE,FALSE,FALSE,FALSE,FALSE,FALSE,"Outside UTC session (08:00 - 16:00 UTC, Current: 18:30)","",0,0,0,0.00000,0.00000,0.00000,0.00000,"",0.00,0.00
2026.09.02 18:45:00,2026.09.02 18:45:00,2026.09.02 18:45:00,"10****84",XAUUSD,108151,2026.09.02 18:30:00,NONE,0.00000,0.00000,0.00,0.00000,0.00000,0.00000,0.00000,0.00000,0.00000,0.00000,0.00000,0.00000,0.00,0.00,0.00,0.00,0.00,0.00,0.00,"","","","","OutsideUTCWindow",TRUE,TRUE,FALSE,FALSE,FALSE,FALSE,FALSE,FALSE,FALSE,FALSE,FALSE,FALSE,FALSE,FALSE,FALSE,FALSE,FALSE,FALSE,FALSE,"Outside UTC session (08:00 - 16:00 UTC, Current: 18:45)","",0,0,0,0.00000,0.00000,0.00000,0.00000,"",0.00,0.00
2026.09.02 19:00:00,2026.09.02 19:00:00,2026.09.02 19:00:00,"10****84",XAUUSD,108151,2026.09.02 18:45:00,NONE,0.00000,0.00000,0.00,0.00000,0.00000,0.00000,0.00000,0.00000,0.00000,0.00000,0.00000,0.00000,0.00,0.00,0.00,0.00,0.00,0.00,0.00,"","","","","OutsideUTCWindow",TRUE,TRUE,FALSE,FALSE,FALSE,FALSE,FALSE,FALSE,FALSE,FALSE,FALSE,FALSE,FALSE,FALSE,FALSE,FALSE,FALSE,FALSE,FALSE,"Outside UTC session (08:00 - 16:00 UTC, Current: 19:00)","",0,0,0,0.00000,0.00000,0.00000,0.00000,"",0.00,0.00
2026.09.02 19:15:00,2026.09.02 19:15:00,2026.09.02 19:15:00,"10****84",XAUUSD,108151,2026.09.02 19:00:00,NONE,0.00000,0.00000,0.00,0.00000,0.00000,0.00000,0.00000,0.00000,0.00000,0.00000,0.00000,0.00000,0.00,0.00,0.00,0.00,0.00,0.00,0.00,"","","","","OutsideUTCWindow",TRUE,TRUE,FALSE,FALSE,FALSE,FALSE,FALSE,FALSE,FALSE,FALSE,FALSE,FALSE,FALSE,FALSE,FALSE,FALSE,FALSE,FALSE,FALSE,"Outside UTC session (08:00 - 16:00 UTC, Current: 19:15)","",0,0,0,0.00000,0.00000,0.00000,0.00000,"",0.00,0.00
2026.09.02 19:30:00,2026.09.02 19:30:00,2026.09.02 19:30:00,"10****84",XAUUSD,108151,2026.09.02 19:15:00,NONE,0.00000,0.00000,0.00,0.00000,0.00000,0.00000,0.00000,0.00000,0.00000,0.00000,0.00000,0.00000,0.00,0.00,0.00,0.00,0.00,0.00,0.00,"","","","","OutsideUTCWindow",TRUE,TRUE,FALSE,FALSE,FALSE,FALSE,FALSE,FALSE,FALSE,FALSE,FALSE,FALSE,FALSE,FALSE,FALSE,FALSE,FALSE,FALSE,FALSE,"Outside UTC session (08:00 - 16:00 UTC, Current: 19:30)","",0,0,0,0.00000,0.00000,0.00000,0.00000,"",0.00,0.00
2026.09.02 19:45:00,2026.09.02 19:45:00,2026.09.02 19:45:00,"10****84",XAUUSD,108151,2026.09.02 19:30:00,NONE,0.00000,0.00000,0.00,0.00000,0.00000,0.00000,0.00000,0.00000,0.00000,0.00000,0.00000,0.00000,0.00,0.00,0.00,0.00,0.00,0.00,0.00,"","","","","OutsideUTCWindow",TRUE,TRUE,FALSE,FALSE,FALSE,FALSE,FALSE,FALSE,FALSE,FALSE,FALSE,FALSE,FALSE,FALSE,FALSE,FALSE,FALSE,FALSE,FALSE,"Outside UTC session (08:00 - 16:00 UTC, Current: 19:45)","",0,0,0,0.00000,0.00000,0.00000,0.00000,"",0.00,0.00
2026.09.02 20:00:00,2026.09.02 20:00:00,2026.09.02 20:00:00,"10****84",XAUUSD,108151,2026.09.02 19:45:00,NONE,0.00000,0.00000,0.00,0.00000,0.00000,0.00000,0.00000,0.00000,0.00000,0.00000,0.00000,0.00000,0.00,0.00,0.00,0.00,0.00,0.00,0.00,"","","","","OutsideUTCWindow",TRUE,TRUE,FALSE,FALSE,FALSE,FALSE,FALSE,FALSE,FALSE,FALSE,FALSE,FALSE,FALSE,FALSE,FALSE,FALSE,FALSE,FALSE,FALSE,"Outside UTC session (08:00 - 16:00 UTC, Current: 20:00)","",0,0,0,0.00000,0.00000,0.00000,0.00000,"",0.00,0.00
2026.09.02 20:15:00,2026.09.02 20:15:00,2026.09.02 20:15:00,"10****84",XAUUSD,108151,2026.09.02 20:00:00,NONE,0.00000,0.00000,0.00,0.00000,0.00000,0.00000,0.00000,0.00000,0.00000,0.00000,0.00000,0.00000,0.00,0.00,0.00,0.00,0.00,0.00,0.00,"","","","","OutsideUTCWindow",TRUE,TRUE,FALSE,FALSE,FALSE,FALSE,FALSE,FALSE,FALSE,FALSE,FALSE,FALSE,FALSE,FALSE,FALSE,FALSE,FALSE,FALSE,FALSE,"Outside UTC session (08:00 - 16:00 UTC, Current: 20:15)","",0,0,0,0.00000,0.00000,0.00000,0.00000,"",0.00,0.00
2026.09.02 20:30:00,2026.09.02 20:30:00,2026.09.02 20:30:00,"10****84",XAUUSD,108151,2026.09.02 20:15:00,NONE,0.00000,0.00000,0.00,0.00000,0.00000,0.00000,0.00000,0.00000,0.00000,0.00000,0.00000,0.00000,0.00,0.00,0.00,0.00,0.00,0.00,0.00,"","","","","OutsideUTCWindow",TRUE,TRUE,FALSE,FALSE,FALSE,FALSE,FALSE,FALSE,FALSE,FALSE,FALSE,FALSE,FALSE,FALSE,FALSE,FALSE,FALSE,FALSE,FALSE,"Outside UTC session (08:00 - 16:00 UTC, Current: 20:30)","",0,0,0,0.00000,0.00000,0.00000,0.00000,"",0.00,0.00
2026.09.02 20:45:00,2026.09.02 20:45:00,2026.09.02 20:45:00,"10****84",XAUUSD,108151,2026.09.02 20:30:00,NONE,0.00000,0.00000,0.00,0.00000,0.00000,0.00000,0.00000,0.00000,0.00000,0.00000,0.00000,0.00000,0.00,0.00,0.00,0.00,0.00,0.00,0.00,"","","","","OutsideUTCWindow",TRUE,TRUE,FALSE,FALSE,FALSE,FALSE,FALSE,FALSE,FALSE,FALSE,FALSE,FALSE,FALSE,FALSE,FALSE,FALSE,FALSE,FALSE,FALSE,"Outside UTC session (08:00 - 16:00 UTC, Current: 20:45)","",0,0,0,0.00000,0.00000,0.00000,0.00000,"",0.00,0.00
2026.09.02 21:00:00,2026.09.02 21:00:00,2026.09.02 21:00:00,"10****84",XAUUSD,108151,2026.09.02 20:45:00,NONE,0.00000,0.00000,0.00,0.00000,0.00000,0.00000,0.00000,0.00000,0.00000,0.00000,0.00000,0.00000,0.00,0.00,0.00,0.00,0.00,0.00,0.00,"","","","","OutsideUTCWindow",TRUE,TRUE,FALSE,FALSE,FALSE,FALSE,FALSE,FALSE,FALSE,FALSE,FALSE,FALSE,FALSE,FALSE,FALSE,FALSE,FALSE,FALSE,FALSE,"Outside UTC session (08:00 - 16:00 UTC, Current: 21:00)","",0,0,0,0.00000,0.00000,0.00000,0.00000,"",0.00,0.00
2026.09.02 21:15:00,2026.09.02 21:15:00,2026.09.02 21:15:00,"10****84",XAUUSD,108151,2026.09.02 21:00:00,NONE,0.00000,0.00000,0.00,0.00000,0.00000,0.00000,0.00000,0.00000,0.00000,0.00000,0.00000,0.00000,0.00,0.00,0.00,0.00,0.00,0.00,0.00,"","","","","OutsideUTCWindow",TRUE,TRUE,FALSE,FALSE,FALSE,FALSE,FALSE,FALSE,FALSE,FALSE,FALSE,FALSE,FALSE,FALSE,FALSE,FALSE,FALSE,FALSE,FALSE,"Outside UTC session (08:00 - 16:00 UTC, Current: 21:15)","",0,0,0,0.00000,0.00000,0.00000,0.00000,"",0.00,0.00
2026.09.02 21:30:00,2026.09.02 21:30:00,2026.09.02 21:30:00,"10****84",XAUUSD,108151,2026.09.02 21:15:00,NONE,0.00000,0.00000,0.00,0.00000,0.00000,0.00000,0.00000,0.00000,0.00000,0.00000,0.00000,0.00000,0.00,0.00,0.00,0.00,0.00,0.00,0.00,"","","","","OutsideUTCWindow",TRUE,TRUE,FALSE,FALSE,FALSE,FALSE,FALSE,FALSE,FALSE,FALSE,FALSE,FALSE,FALSE,FALSE,FALSE,FALSE,FALSE,FALSE,FALSE,"Outside UTC session (08:00 - 16:00 UTC, Current: 21:30)","",0,0,0,0.00000,0.00000,0.00000,0.00000,"",0.00,0.00
2026.09.02 21:45:00,2026.09.02 21:45:00,2026.09.02 21:45:00,"10****84",XAUUSD,108151,2026.09.02 21:30:00,NONE,0.00000,0.00000,0.00,0.00000,0.00000,0.00000,0.00000,0.00000,0.00000,0.00000,0.00000,0.00000,0.00,0.00,0.00,0.00,0.00,0.00,0.00,"","","","","OutsideUTCWindow",TRUE,TRUE,FALSE,FALSE,FALSE,FALSE,FALSE,FALSE,FALSE,FALSE,FALSE,FALSE,FALSE,FALSE,FALSE,FALSE,FALSE,FALSE,FALSE,"Outside UTC session (08:00 - 16:00 UTC, Current: 21:45)","",0,0,0,0.00000,0.00000,0.00000,0.00000,"",0.00,0.00
2026.09.02 22:00:00,2026.09.02 22:00:00,2026.09.02 22:00:00,"10****84",XAUUSD,108151,2026.09.02 21:45:00,NONE,0.00000,0.00000,0.00,0.00000,0.00000,0.00000,0.00000,0.00000,0.00000,0.00000,0.00000,0.00000,0.00,0.00,0.00,0.00,0.00,0.00,0.00,"","","","","OutsideUTCWindow",TRUE,TRUE,FALSE,FALSE,FALSE,FALSE,FALSE,FALSE,FALSE,FALSE,FALSE,FALSE,FALSE,FALSE,FALSE,FALSE,FALSE,FALSE,FALSE,"Outside UTC session (08:00 - 16:00 UTC, Current: 22:00)","",0,0,0,0.00000,0.00000,0.00000,0.00000,"",0.00,0.00
2026.09.02 22:15:00,2026.09.02 22:15:00,2026.09.02 22:15:00,"10****84",XAUUSD,108151,2026.09.02 22:00:00,NONE,0.00000,0.00000,0.00,0.00000,0.00000,0.00000,0.00000,0.00000,0.00000,0.00000,0.00000,0.00000,0.00,0.00,0.00,0.00,0.00,0.00,0.00,"","","","","OutsideUTCWindow",TRUE,TRUE,FALSE,FALSE,FALSE,FALSE,FALSE,FALSE,FALSE,FALSE,FALSE,FALSE,FALSE,FALSE,FALSE,FALSE,FALSE,FALSE,FALSE,"Outside UTC session (08:00 - 16:00 UTC, Current: 22:15)","",0,0,0,0.00000,0.00000,0.00000,0.00000,"",0.00,0.00
2026.09.02 22:30:00,2026.09.02 22:30:00,2026.09.02 22:30:00,"10****84",XAUUSD,108151,2026.09.02 22:15:00,NONE,0.00000,0.00000,0.00,0.00000,0.00000,0.00000,0.00000,0.00000,0.00000,0.00000,0.00000,0.00000,0.00,0.00,0.00,0.00,0.00,0.00,0.00,"","","","","OutsideUTCWindow",TRUE,TRUE,FALSE,FALSE,FALSE,FALSE,FALSE,FALSE,FALSE,FALSE,FALSE,FALSE,FALSE,FALSE,FALSE,FALSE,FALSE,FALSE,FALSE,"Outside UTC session (08:00 - 16:00 UTC, Current: 22:30)","",0,0,0,0.00000,0.00000,0.00000,0.00000,"",0.00,0.00
2026.09.02 22:45:00,2026.09.02 22:45:00,2026.09.02 22:45:00,"10****84",XAUUSD,108151,2026.09.02 22:30:00,NONE,0.00000,0.00000,0.00,0.00000,0.00000,0.00000,0.00000,0.00000,0.00000,0.00000,0.00000,0.00000,0.00,0.00,0.00,0.00,0.00,0.00,0.00,"","","","","OutsideUTCWindow",TRUE,TRUE,FALSE,FALSE,FALSE,FALSE,FALSE,FALSE,FALSE,FALSE,FALSE,FALSE,FALSE,FALSE,FALSE,FALSE,FALSE,FALSE,FALSE,"Outside UTC session (08:00 - 16:00 UTC, Current: 22:45)","",0,0,0,0.00000,0.00000,0.00000,0.00000,"",0.00,0.00
2026.09.03 01:00:00,2026.09.03 01:00:00,2026.09.03 01:00:00,"10****84",XAUUSD,108151,2026.09.02 22:45:00,NONE,0.00000,0.00000,0.00,0.00000,0.00000,0.00000,0.00000,0.00000,0.00000,0.00000,0.00000,0.00000,0.00,0.00,0.00,0.00,0.00,0.00,0.00,"","","","","OutsideUTCWindow",TRUE,TRUE,FALSE,FALSE,FALSE,FALSE,FALSE,FALSE,FALSE,FALSE,FALSE,FALSE,FALSE,FALSE,FALSE,FALSE,FALSE,FALSE,FALSE,"Outside UTC session (08:00 - 16:00 UTC, Current: 01:00)","",0,0,0,0.00000,0.00000,0.00000,0.00000,"",0.00,0.00
2026.09.03 01:15:00,2026.09.03 01:15:00,2026.09.03 01:15:00,"10****84",XAUUSD,108151,2026.09.03 01:00:00,NONE,0.00000,0.00000,0.00,0.00000,0.00000,0.00000,0.00000,0.00000,0.00000,0.00000,0.00000,0.00000,0.00,0.00,0.00,0.00,0.00,0.00,0.00,"","","","","OutsideUTCWindow",TRUE,TRUE,FALSE,FALSE,FALSE,FALSE,FALSE,FALSE,FALSE,FALSE,FALSE,FALSE,FALSE,FALSE,FALSE,FALSE,FALSE,FALSE,FALSE,"Outside UTC session (08:00 - 16:00 UTC, Current: 01:15)","",0,0,0,0.00000,0.00000,0.00000,0.00000,"",0.00,0.00
2026.09.03 01:30:00,2026.09.03 01:30:00,2026.09.03 01:30:00,"10****84",XAUUSD,108151,2026.09.03 01:15:00,NONE,0.00000,0.00000,0.00,0.00000,0.00000,0.00000,0.00000,0.00000,0.00000,0.00000,0.00000,0.00000,0.00,0.00,0.00,0.00,0.00,0.00,0.00,"","","","","OutsideUTCWindow",TRUE,TRUE,FALSE,FALSE,FALSE,FALSE,FALSE,FALSE,FALSE,FALSE,FALSE,FALSE,FALSE,FALSE,FALSE,FALSE,FALSE,FALSE,FALSE,"Outside UTC session (08:00 - 16:00 UTC, Current: 01:30)","",0,0,0,0.00000,0.00000,0.00000,0.00000,"",0.00,0.00
2026.09.03 01:45:00,2026.09.03 01:45:00,2026.09.03 01:45:00,"10****84",XAUUSD,108151,2026.09.03 01:30:00,NONE,0.00000,0.00000,0.00,0.00000,0.00000,0.00000,0.00000,0.00000,0.00000,0.00000,0.00000,0.00000,0.00,0.00,0.00,0.00,0.00,0.00,0.00,"","","","","OutsideUTCWindow",TRUE,TRUE,FALSE,FALSE,FALSE,FALSE,FALSE,FALSE,FALSE,FALSE,FALSE,FALSE,FALSE,FALSE,FALSE,FALSE,FALSE,FALSE,FALSE,"Outside UTC session (08:00 - 16:00 UTC, Current: 01:45)","",0,0,0,0.00000,0.00000,0.00000,0.00000,"",0.00,0.00
2026.09.03 02:00:00,2026.09.03 02:00:00,2026.09.03 02:00:00,"10****84",XAUUSD,108151,2026.09.03 01:45:00,NONE,0.00000,0.00000,0.00,0.00000,0.00000,0.00000,0.00000,0.00000,0.00000,0.00000,0.00000,0.00000,0.00,0.00,0.00,0.00,0.00,0.00,0.00,"","","","","OutsideUTCWindow",TRUE,TRUE,FALSE,FALSE,FALSE,FALSE,FALSE,FALSE,FALSE,FALSE,FALSE,FALSE,FALSE,FALSE,FALSE,FALSE,FALSE,FALSE,FALSE,"Outside UTC session (08:00 - 16:00 UTC, Current: 02:00)","",0,0,0,0.00000,0.00000,0.00000,0.00000,"",0.00,0.00
2026.09.03 02:15:00,2026.09.03 02:15:00,2026.09.03 02:15:00,"10****84",XAUUSD,108151,2026.09.03 02:00:00,NONE,0.00000,0.00000,0.00,0.00000,0.00000,0.00000,0.00000,0.00000,0.00000,0.00000,0.00000,0.00000,0.00,0.00,0.00,0.00,0.00,0.00,0.00,"","","","","OutsideUTCWindow",TRUE,TRUE,FALSE,FALSE,FALSE,FALSE,FALSE,FALSE,FALSE,FALSE,FALSE,FALSE,FALSE,FALSE,FALSE,FALSE,FALSE,FALSE,FALSE,"Outside UTC session (08:00 - 16:00 UTC, Current: 02:15)","",0,0,0,0.00000,0.00000,0.00000,0.00000,"",0.00,0.00
2026.09.03 02:30:00,2026.09.03 02:30:00,2026.09.03 02:30:00,"10****84",XAUUSD,108151,2026.09.03 02:15:00,NONE,0.00000,0.00000,0.00,0.00000,0.00000,0.00000,0.00000,0.00000,0.00000,0.00000,0.00000,0.00000,0.00,0.00,0.00,0.00,0.00,0.00,0.00,"","","","","OutsideUTCWindow",TRUE,TRUE,FALSE,FALSE,FALSE,FALSE,FALSE,FALSE,FALSE,FALSE,FALSE,FALSE,FALSE,FALSE,FALSE,FALSE,FALSE,FALSE,FALSE,"Outside UTC session (08:00 - 16:00 UTC, Current: 02:30)","",0,0,0,0.00000,0.00000,0.00000,0.00000,"",0.00,0.00
2026.09.03 02:45:00,2026.09.03 02:45:00,2026.09.03 02:45:00,"10****84",XAUUSD,108151,2026.09.03 02:30:00,NONE,0.00000,0.00000,0.00,0.00000,0.00000,0.00000,0.00000,0.00000,0.00000,0.00000,0.00000,0.00000,0.00,0.00,0.00,0.00,0.00,0.00,0.00,"","","","","OutsideUTCWindow",TRUE,TRUE,FALSE,FALSE,FALSE,FALSE,FALSE,FALSE,FALSE,FALSE,FALSE,FALSE,FALSE,FALSE,FALSE,FALSE,FALSE,FALSE,FALSE,"Outside UTC session (08:00 - 16:00 UTC, Current: 02:45)","",0,0,0,0.00000,0.00000,0.00000,0.00000,"",0.00,0.00
2026.09.03 03:00:00,2026.09.03 03:00:00,2026.09.03 03:00:00,"10****84",XAUUSD,108151,2026.09.03 02:45:00,NONE,0.00000,0.00000,0.00,0.00000,0.00000,0.00000,0.00000,0.00000,0.00000,0.00000,0.00000,0.00000,0.00,0.00,0.00,0.00,0.00,0.00,0.00,"","","","","OutsideUTCWindow",TRUE,TRUE,FALSE,FALSE,FALSE,FALSE,FALSE,FALSE,FALSE,FALSE,FALSE,FALSE,FALSE,FALSE,FALSE,FALSE,FALSE,FALSE,FALSE,"Outside UTC session (08:00 - 16:00 UTC, Current: 03:00)","",0,0,0,0.00000,0.00000,0.00000,0.00000,"",0.00,0.00
2026.09.03 03:15:00,2026.09.03 03:15:00,2026.09.03 03:15:00,"10****84",XAUUSD,108151,2026.09.03 03:00:00,NONE,0.00000,0.00000,0.00,0.00000,0.00000,0.00000,0.00000,0.00000,0.00000,0.00000,0.00000,0.00000,0.00,0.00,0.00,0.00,0.00,0.00,0.00,"","","","","OutsideUTCWindow",TRUE,TRUE,FALSE,FALSE,FALSE,FALSE,FALSE,FALSE,FALSE,FALSE,FALSE,FALSE,FALSE,FALSE,FALSE,FALSE,FALSE,FALSE,FALSE,"Outside UTC session (08:00 - 16:00 UTC, Current: 03:15)","",0,0,0,0.00000,0.00000,0.00000,0.00000,"",0.00,0.00
2026.09.03 03:30:00,2026.09.03 03:30:00,2026.09.03 03:30:00,"10****84",XAUUSD,108151,2026.09.03 03:15:00,NONE,0.00000,0.00000,0.00,0.00000,0.00000,0.00000,0.00000,0.00000,0.00000,0.00000,0.00000,0.00000,0.00,0.00,0.00,0.00,0.00,0.00,0.00,"","","","","OutsideUTCWindow",TRUE,TRUE,FALSE,FALSE,FALSE,FALSE,FALSE,FALSE,FALSE,FALSE,FALSE,FALSE,FALSE,FALSE,FALSE,FALSE,FALSE,FALSE,FALSE,"Outside UTC session (08:00 - 16:00 UTC, Current: 03:30)","",0,0,0,0.00000,0.00000,0.00000,0.00000,"",0.00,0.00
2026.09.03 03:45:00,2026.09.03 03:45:00,2026.09.03 03:45:00,"10****84",XAUUSD,108151,2026.09.03 03:30:00,NONE,0.00000,0.00000,0.00,0.00000,0.00000,0.00000,0.00000,0.00000,0.00000,0.00000,0.00000,0.00000,0.00,0.00,0.00,0.00,0.00,0.00,0.00,"","","","","OutsideUTCWindow",TRUE,TRUE,FALSE,FALSE,FALSE,FALSE,FALSE,FALSE,FALSE,FALSE,FALSE,FALSE,FALSE,FALSE,FALSE,FALSE,FALSE,FALSE,FALSE,"Outside UTC session (08:00 - 16:00 UTC, Current: 03:45)","",0,0,0,0.00000,0.00000,0.00000,0.00000,"",0.00,0.00
2026.09.03 04:00:00,2026.09.03 04:00:00,2026.09.03 04:00:00,"10****84",XAUUSD,108151,2026.09.03 03:45:00,NONE,0.00000,0.00000,0.00,0.00000,0.00000,0.00000,0.00000,0.00000,0.00000,0.00000,0.00000,0.00000,0.00,0.00,0.00,0.00,0.00,0.00,0.00,"","","","","OutsideUTCWindow",TRUE,TRUE,FALSE,FALSE,FALSE,FALSE,FALSE,FALSE,FALSE,FALSE,FALSE,FALSE,FALSE,FALSE,FALSE,FALSE,FALSE,FALSE,FALSE,"Outside UTC session (08:00 - 16:00 UTC, Current: 04:00)","",0,0,0,0.00000,0.00000,0.00000,0.00000,"",0.00,0.00
2026.09.03 04:15:00,2026.09.03 04:15:00,2026.09.03 04:15:00,"10****84",XAUUSD,108151,2026.09.03 04:00:00,NONE,0.00000,0.00000,0.00,0.00000,0.00000,0.00000,0.00000,0.00000,0.00000,0.00000,0.00000,0.00000,0.00,0.00,0.00,0.00,0.00,0.00,0.00,"","","","","OutsideUTCWindow",TRUE,TRUE,FALSE,FALSE,FALSE,FALSE,FALSE,FALSE,FALSE,FALSE,FALSE,FALSE,FALSE,FALSE,FALSE,FALSE,FALSE,FALSE,FALSE,"Outside UTC session (08:00 - 16:00 UTC, Current: 04:15)","",0,0,0,0.00000,0.00000,0.00000,0.00000,"",0.00,0.00
2026.09.03 04:30:00,2026.09.03 04:30:00,2026.09.03 04:30:00,"10****84",XAUUSD,108151,2026.09.03 04:15:00,NONE,0.00000,0.00000,0.00,0.00000,0.00000,0.00000,0.00000,0.00000,0.00000,0.00000,0.00000,0.00000,0.00,0.00,0.00,0.00,0.00,0.00,0.00,"","","","","OutsideUTCWindow",TRUE,TRUE,FALSE,FALSE,FALSE,FALSE,FALSE,FALSE,FALSE,FALSE,FALSE,FALSE,FALSE,FALSE,FALSE,FALSE,FALSE,FALSE,FALSE,"Outside UTC session (08:00 - 16:00 UTC, Current: 04:30)","",0,0,0,0.00000,0.00000,0.00000,0.00000,"",0.00,0.00
2026.09.03 04:45:00,2026.09.03 04:45:00,2026.09.03 04:45:00,"10****84",XAUUSD,108151,2026.09.03 04:30:00,NONE,0.00000,0.00000,0.00,0.00000,0.00000,0.00000,0.00000,0.00000,0.00000,0.00000,0.00000,0.00000,0.00,0.00,0.00,0.00,0.00,0.00,0.00,"","","","","OutsideUTCWindow",TRUE,TRUE,FALSE,FALSE,FALSE,FALSE,FALSE,FALSE,FALSE,FALSE,FALSE,FALSE,FALSE,FALSE,FALSE,FALSE,FALSE,FALSE,FALSE,"Outside UTC session (08:00 - 16:00 UTC, Current: 04:45)","",0,0,0,0.00000,0.00000,0.00000,0.00000,"",0.00,0.00
2026.09.03 05:00:00,2026.09.03 05:00:00,2026.09.03 05:00:00,"10****84",XAUUSD,108151,2026.09.03 04:45:00,NONE,0.00000,0.00000,0.00,0.00000,0.00000,0.00000,0.00000,0.00000,0.00000,0.00000,0.00000,0.00000,0.00,0.00,0.00,0.00,0.00,0.00,0.00,"","","","","OutsideUTCWindow",TRUE,TRUE,FALSE,FALSE,FALSE,FALSE,FALSE,FALSE,FALSE,FALSE,FALSE,FALSE,FALSE,FALSE,FALSE,FALSE,FALSE,FALSE,FALSE,"Outside UTC session (08:00 - 16:00 UTC, Current: 05:00)","",0,0,0,0.00000,0.00000,0.00000,0.00000,"",0.00,0.00
2026.09.03 05:15:00,2026.09.03 05:15:00,2026.09.03 05:15:00,"10****84",XAUUSD,108151,2026.09.03 05:00:00,NONE,0.00000,0.00000,0.00,0.00000,0.00000,0.00000,0.00000,0.00000,0.00000,0.00000,0.00000,0.00000,0.00,0.00,0.00,0.00,0.00,0.00,0.00,"","","","","OutsideUTCWindow",TRUE,TRUE,FALSE,FALSE,FALSE,FALSE,FALSE,FALSE,FALSE,FALSE,FALSE,FALSE,FALSE,FALSE,FALSE,FALSE,FALSE,FALSE,FALSE,"Outside UTC session (08:00 - 16:00 UTC, Current: 05:15)","",0,0,0,0.00000,0.00000,0.00000,0.00000,"",0.00,0.00
2026.09.03 05:30:00,2026.09.03 05:30:00,2026.09.03 05:30:00,"10****84",XAUUSD,108151,2026.09.03 05:15:00,NONE,0.00000,0.00000,0.00,0.00000,0.00000,0.00000,0.00000,0.00000,0.00000,0.00000,0.00000,0.00000,0.00,0.00,0.00,0.00,0.00,0.00,0.00,"","","","","OutsideUTCWindow",TRUE,TRUE,FALSE,FALSE,FALSE,FALSE,FALSE,FALSE,FALSE,FALSE,FALSE,FALSE,FALSE,FALSE,FALSE,FALSE,FALSE,FALSE,FALSE,"Outside UTC session (08:00 - 16:00 UTC, Current: 05:30)","",0,0,0,0.00000,0.00000,0.00000,0.00000,"",0.00,0.00
2026.09.03 05:45:00,2026.09.03 05:45:00,2026.09.03 05:45:00,"10****84",XAUUSD,108151,2026.09.03 05:30:00,NONE,0.00000,0.00000,0.00,0.00000,0.00000,0.00000,0.00000,0.00000,0.00000,0.00000,0.00000,0.00000,0.00,0.00,0.00,0.00,0.00,0.00,0.00,"","","","","OutsideUTCWindow",TRUE,TRUE,FALSE,FALSE,FALSE,FALSE,FALSE,FALSE,FALSE,FALSE,FALSE,FALSE,FALSE,FALSE,FALSE,FALSE,FALSE,FALSE,FALSE,"Outside UTC session (08:00 - 16:00 UTC, Current: 05:45)","",0,0,0,0.00000,0.00000,0.00000,0.00000,"",0.00,0.00
2026.09.03 06:00:00,2026.09.03 06:00:00,2026.09.03 06:00:00,"10****84",XAUUSD,108151,2026.09.03 05:45:00,NONE,0.00000,0.00000,0.00,0.00000,0.00000,0.00000,0.00000,0.00000,0.00000,0.00000,0.00000,0.00000,0.00,0.00,0.00,0.00,0.00,0.00,0.00,"","","","","OutsideUTCWindow",TRUE,TRUE,FALSE,FALSE,FALSE,FALSE,FALSE,FALSE,FALSE,FALSE,FALSE,FALSE,FALSE,FALSE,FALSE,FALSE,FALSE,FALSE,FALSE,"Outside UTC session (08:00 - 16:00 UTC, Current: 06:00)","",0,0,0,0.00000,0.00000,0.00000,0.00000,"",0.00,0.00
2026.09.03 06:15:00,2026.09.03 06:15:00,2026.09.03 06:15:00,"10****84",XAUUSD,108151,2026.09.03 06:00:00,NONE,0.00000,0.00000,0.00,0.00000,0.00000,0.00000,0.00000,0.00000,0.00000,0.00000,0.00000,0.00000,0.00,0.00,0.00,0.00,0.00,0.00,0.00,"","","","","OutsideUTCWindow",TRUE,TRUE,FALSE,FALSE,FALSE,FALSE,FALSE,FALSE,FALSE,FALSE,FALSE,FALSE,FALSE,FALSE,FALSE,FALSE,FALSE,FALSE,FALSE,"Outside UTC session (08:00 - 16:00 UTC, Current: 06:15)","",0,0,0,0.00000,0.00000,0.00000,0.00000,"",0.00,0.00
2026.09.03 06:30:00,2026.09.03 06:30:00,2026.09.03 06:30:00,"10****84",XAUUSD,108151,2026.09.03 06:15:00,NONE,0.00000,0.00000,0.00,0.00000,0.00000,0.00000,0.00000,0.00000,0.00000,0.00000,0.00000,0.00000,0.00,0.00,0.00,0.00,0.00,0.00,0.00,"","","","","OutsideUTCWindow",TRUE,TRUE,FALSE,FALSE,FALSE,FALSE,FALSE,FALSE,FALSE,FALSE,FALSE,FALSE,FALSE,FALSE,FALSE,FALSE,FALSE,FALSE,FALSE,"Outside UTC session (08:00 - 16:00 UTC, Current: 06:30)","",0,0,0,0.00000,0.00000,0.00000,0.00000,"",0.00,0.00
2026.09.03 06:45:00,2026.09.03 06:45:00,2026.09.03 06:45:00,"10****84",XAUUSD,108151,2026.09.03 06:30:00,NONE,0.00000,0.00000,0.00,0.00000,0.00000,0.00000,0.00000,0.00000,0.00000,0.00000,0.00000,0.00000,0.00,0.00,0.00,0.00,0.00,0.00,0.00,"","","","","OutsideUTCWindow",TRUE,TRUE,FALSE,FALSE,FALSE,FALSE,FALSE,FALSE,FALSE,FALSE,FALSE,FALSE,FALSE,FALSE,FALSE,FALSE,FALSE,FALSE,FALSE,"Outside UTC session (08:00 - 16:00 UTC, Current: 06:45)","",0,0,0,0.00000,0.00000,0.00000,0.00000,"",0.00,0.00
2026.09.03 07:00:00,2026.09.03 07:00:00,2026.09.03 07:00:00,"10****84",XAUUSD,108151,2026.09.03 06:45:00,NONE,0.00000,0.00000,0.00,0.00000,0.00000,0.00000,0.00000,0.00000,0.00000,0.00000,0.00000,0.00000,0.00,0.00,0.00,0.00,0.00,0.00,0.00,"","","","","OutsideUTCWindow",TRUE,TRUE,FALSE,FALSE,FALSE,FALSE,FALSE,FALSE,FALSE,FALSE,FALSE,FALSE,FALSE,FALSE,FALSE,FALSE,FALSE,FALSE,FALSE,"Outside UTC session (08:00 - 16:00 UTC, Current: 07:00)","",0,0,0,0.00000,0.00000,0.00000,0.00000,"",0.00,0.00
2026.09.03 07:15:00,2026.09.03 07:15:00,2026.09.03 07:15:00,"10****84",XAUUSD,108151,2026.09.03 07:00:00,NONE,0.00000,0.00000,0.00,0.00000,0.00000,0.00000,0.00000,0.00000,0.00000,0.00000,0.00000,0.00000,0.00,0.00,0.00,0.00,0.00,0.00,0.00,"","","","","OutsideUTCWindow",TRUE,TRUE,FALSE,FALSE,FALSE,FALSE,FALSE,FALSE,FALSE,FALSE,FALSE,FALSE,FALSE,FALSE,FALSE,FALSE,FALSE,FALSE,FALSE,"Outside UTC session (08:00 - 16:00 UTC, Current: 07:15)","",0,0,0,0.00000,0.00000,0.00000,0.00000,"",0.00,0.00
2026.09.03 07:30:00,2026.09.03 07:30:00,2026.09.03 07:30:00,"10****84",XAUUSD,108151,2026.09.03 07:15:00,NONE,0.00000,0.00000,0.00,0.00000,0.00000,0.00000,0.00000,0.00000,0.00000,0.00000,0.00000,0.00000,0.00,0.00,0.00,0.00,0.00,0.00,0.00,"","","","","OutsideUTCWindow",TRUE,TRUE,FALSE,FALSE,FALSE,FALSE,FALSE,FALSE,FALSE,FALSE,FALSE,FALSE,FALSE,FALSE,FALSE,FALSE,FALSE,FALSE,FALSE,"Outside UTC session (08:00 - 16:00 UTC, Current: 07:30)","",0,0,0,0.00000,0.00000,0.00000,0.00000,"",0.00,0.00
2026.09.03 07:45:00,2026.09.03 07:45:00,2026.09.03 07:45:00,"10****84",XAUUSD,108151,2026.09.03 07:30:00,NONE,0.00000,0.00000,0.00,0.00000,0.00000,0.00000,0.00000,0.00000,0.00000,0.00000,0.00000,0.00000,0.00,0.00,0.00,0.00,0.00,0.00,0.00,"","","","","OutsideUTCWindow",TRUE,TRUE,FALSE,FALSE,FALSE,FALSE,FALSE,FALSE,FALSE,FALSE,FALSE,FALSE,FALSE,FALSE,FALSE,FALSE,FALSE,FALSE,FALSE,"Outside UTC session (08:00 - 16:00 UTC, Current: 07:45)","",0,0,0,0.00000,0.00000,0.00000,0.00000,"",0.00,0.00
2026.09.03 08:00:00,2026.09.03 08:00:00,2026.09.03 08:00:00,"10****84",XAUUSD,108151,2026.09.03 07:45:00,NONE,4386.79527,4462.15686,45.11,4417.45263,7.67429,8.60071,0.00000,4437.26000,0.00000,0.00000,0.00000,0.00000,0.00,0.00,0.00,0.00,0.00,0.00,0.00,"Loss: $0.00 (Max $50.00) | Losses: 0/Max 2","Loss: 7.85% / Max: 20.00%","DD: 11.74% / Max: 20.00% (HWM: $522.02)","BypassedInTester","ActiveSession",TRUE,TRUE,TRUE,TRUE,TRUE,TRUE,TRUE,TRUE,FALSE,FALSE,FALSE,TRUE,FALSE,FALSE,FALSE,FALSE,FALSE,FALSE,FALSE,"No valid H1 trend alignment (EMA50 vs EMA200 or Close vs EMA50)","",0,0,0,0.00000,0.00000,0.00000,0.00000,"",0.00,0.00
2026.09.03 08:15:00,2026.09.03 08:15:00,2026.09.03 08:15:00,"10****84",XAUUSD,108151,2026.09.03 08:00:00,NONE,4386.79527,4462.15686,45.11,4418.59619,7.83357,8.41643,0.00000,4429.46000,0.00000,0.00000,0.00000,0.00000,0.00,0.00,0.00,0.00,0.00,0.00,0.00,"Loss: $0.00 (Max $50.00) | Losses: 0/Max 2","Loss: 7.85% / Max: 20.00%","DD: 11.74% / Max: 20.00% (HWM: $522.02)","BypassedInTester","ActiveSession",TRUE,TRUE,TRUE,TRUE,TRUE,TRUE,TRUE,TRUE,FALSE,FALSE,FALSE,TRUE,FALSE,FALSE,FALSE,FALSE,FALSE,FALSE,FALSE,"No valid H1 trend alignment (EMA50 vs EMA200 or Close vs EMA50)","",0,0,0,0.00000,0.00000,0.00000,0.00000,"",0.00,0.00
2026.09.03 08:30:00,2026.09.03 08:30:00,2026.09.03 08:30:00,"10****84",XAUUSD,108151,2026.09.03 08:15:00,NONE,4386.79527,4462.15686,45.11,4419.19751,7.52857,8.24607,0.00000,4424.91000,0.00000,0.00000,0.00000,0.00000,0.00,0.00,0.00,0.00,0.00,0.00,0.00,"Loss: $0.00 (Max $50.00) | Losses: 0/Max 2","Loss: 7.85% / Max: 20.00%","DD: 11.74% / Max: 20.00% (HWM: $522.02)","BypassedInTester","ActiveSession",TRUE,TRUE,TRUE,TRUE,TRUE,TRUE,TRUE,TRUE,FALSE,FALSE,FALSE,TRUE,FALSE,FALSE,FALSE,FALSE,FALSE,FALSE,FALSE,"No valid H1 trend alignment (EMA50 vs EMA200 or Close vs EMA50)","",0,0,0,0.00000,0.00000,0.00000,0.00000,"",0.00,0.00
2026.09.03 08:45:00,2026.09.03 08:45:00,2026.09.03 08:45:00,"10****84",XAUUSD,108151,2026.09.03 08:30:00,NONE,4386.79527,4462.15686,45.11,4420.43108,7.81500,8.09964,0.00000,4432.15000,0.00000,0.00000,0.00000,0.00000,0.00,0.00,0.00,0.00,0.00,0.00,0.00,"Loss: $0.00 (Max $50.00) | Losses: 0/Max 2","Loss: 7.85% / Max: 20.00%","DD: 11.74% / Max: 20.00% (HWM: $522.02)","BypassedInTester","ActiveSession",TRUE,TRUE,TRUE,TRUE,TRUE,TRUE,TRUE,TRUE,FALSE,FALSE,FALSE,TRUE,FALSE,FALSE,FALSE,FALSE,FALSE,FALSE,FALSE,"No valid H1 trend alignment (EMA50 vs EMA200 or Close vs EMA50)","",0,0,0,0.00000,0.00000,0.00000,0.00000,"",0.00,0.00
2026.09.03 09:00:00,2026.09.03 09:00:00,2026.09.03 09:00:00,"10****84",XAUUSD,108151,2026.09.03 08:45:00,NONE,4388.52879,4461.84684,47.52,4421.43764,8.11643,8.04500,0.00000,4431.00000,0.00000,0.00000,0.00000,0.00000,0.00,0.00,0.00,0.00,0.00,0.00,0.00,"Loss: $0.00 (Max $50.00) | Losses: 0/Max 2","Loss: 7.85% / Max: 20.00%","DD: 11.74% / Max: 20.00% (HWM: $522.02)","BypassedInTester","ActiveSession",TRUE,TRUE,TRUE,TRUE,TRUE,TRUE,TRUE,TRUE,FALSE,FALSE,FALSE,TRUE,FALSE,FALSE,FALSE,FALSE,FALSE,FALSE,FALSE,"No valid H1 trend alignment (EMA50 vs EMA200 or Close vs EMA50)","",0,0,0,0.00000,0.00000,0.00000,0.00000,"",0.00,0.00
2026.09.03 09:15:00,2026.09.03 09:15:00,2026.09.03 09:15:00,"10****84",XAUUSD,108151,2026.09.03 09:00:00,NONE,4388.52879,4461.84684,47.52,4421.95787,8.24714,8.04500,0.00000,4426.90000,0.00000,0.00000,0.00000,0.00000,0.00,0.00,0.00,0.00,0.00,0.00,0.00,"Loss: $0.00 (Max $50.00) | Losses: 0/Max 2","Loss: 7.85% / Max: 20.00%","DD: 11.74% / Max: 20.00% (HWM: $522.02)","BypassedInTester","ActiveSession",TRUE,TRUE,TRUE,TRUE,TRUE,TRUE,TRUE,TRUE,FALSE,FALSE,FALSE,TRUE,FALSE,FALSE,FALSE,FALSE,FALSE,FALSE,FALSE,"No valid H1 trend alignment (EMA50 vs EMA200 or Close vs EMA50)","",0,0,0,0.00000,0.00000,0.00000,0.00000,"",0.00,0.00
2026.09.03 09:30:00,2026.09.03 09:30:00,2026.09.03 09:30:00,"10****84",XAUUSD,108151,2026.09.03 09:15:00,NONE,4388.52879,4461.84684,47.52,4421.91140,8.51429,8.04500,0.00000,4421.47000,0.00000,0.00000,0.00000,0.00000,0.00,0.00,0.00,0.00,0.00,0.00,0.00,"Loss: $0.00 (Max $50.00) | Losses: 0/Max 2","Loss: 7.85% / Max: 20.00%","DD: 11.74% / Max: 20.00% (HWM: $522.02)","BypassedInTester","ActiveSession",TRUE,TRUE,TRUE,TRUE,TRUE,TRUE,TRUE,TRUE,FALSE,FALSE,FALSE,TRUE,FALSE,FALSE,FALSE,FALSE,FALSE,FALSE,FALSE,"No valid H1 trend alignment (EMA50 vs EMA200 or Close vs EMA50)","",0,0,0,0.00000,0.00000,0.00000,0.00000,"",0.00,0.00
2026.09.03 09:45:00,2026.09.03 09:45:00,2026.09.03 09:45:00,"10****84",XAUUSD,108151,2026.09.03 09:30:00,NONE,4388.52879,4461.84684,47.52,4422.25222,8.16429,8.04500,0.00000,4425.49000,0.00000,0.00000,0.00000,0.00000,0.00,0.00,0.00,0.00,0.00,0.00,0.00,"Loss: $0.00 (Max $50.00) | Losses: 0/Max 2","Loss: 7.85% / Max: 20.00%","DD: 11.74% / Max: 20.00% (HWM: $522.02)","BypassedInTester","ActiveSession",TRUE,TRUE,TRUE,TRUE,TRUE,TRUE,TRUE,TRUE,FALSE,FALSE,FALSE,TRUE,FALSE,FALSE,FALSE,FALSE,FALSE,FALSE,FALSE,"No valid H1 trend alignment (EMA50 vs EMA200 or Close vs EMA50)","",0,0,0,0.00000,0.00000,0.00000,0.00000,"",0.00,0.00
2026.09.03 10:00:00,2026.09.03 10:00:00,2026.09.03 10:00:00,"10****84",XAUUSD,108151,2026.09.03 09:45:00,NONE,4389.78256,4461.43543,48.04,4422.08534,8.27857,8.04500,0.00000,4420.50000,0.00000,0.00000,0.00000,0.00000,0.00,0.00,0.00,0.00,0.00,0.00,0.00,"Loss: $0.00 (Max $50.00) | Losses: 0/Max 2","Loss: 7.85% / Max: 20.00%","DD: 11.74% / Max: 20.00% (HWM: $522.02)","BypassedInTester","ActiveSession",TRUE,TRUE,TRUE,TRUE,TRUE,TRUE,TRUE,TRUE,FALSE,FALSE,FALSE,TRUE,FALSE,FALSE,FALSE,FALSE,FALSE,FALSE,FALSE,"No valid H1 trend alignment (EMA50 vs EMA200 or Close vs EMA50)","",0,0,0,0.00000,0.00000,0.00000,0.00000,"",0.00,0.00
2026.09.03 10:15:00,2026.09.03 10:15:00,2026.09.03 10:15:00,"10****84",XAUUSD,108151,2026.09.03 10:00:00,NONE,4389.78256,4461.43543,48.04,4422.07531,8.77429,8.04500,0.00000,4421.98000,0.00000,0.00000,0.00000,0.00000,0.00,0.00,0.00,0.00,0.00,0.00,0.00,"Loss: $0.00 (Max $50.00) | Losses: 0/Max 2","Loss: 7.85% / Max: 20.00%","DD: 11.74% / Max: 20.00% (HWM: $522.02)","BypassedInTester","ActiveSession",TRUE,TRUE,TRUE,TRUE,TRUE,TRUE,TRUE,TRUE,FALSE,FALSE,FALSE,TRUE,FALSE,FALSE,FALSE,FALSE,FALSE,FALSE,FALSE,"No valid H1 trend alignment (EMA50 vs EMA200 or Close vs EMA50)","",0,0,0,0.00000,0.00000,0.00000,0.00000,"",0.00,0.00
2026.09.03 10:30:00,2026.09.03 10:30:00,2026.09.03 10:30:00,"10****84",XAUUSD,108151,2026.09.03 10:15:00,NONE,4389.78256,4461.43543,48.04,4422.48338,8.87571,8.04500,0.00000,4426.36000,0.00000,0.00000,0.00000,0.00000,0.00,0.00,0.00,0.00,0.00,0.00,0.00,"Loss: $0.00 (Max $50.00) | Losses: 0/Max 2","Loss: 7.85% / Max: 20.00%","DD: 11.74% / Max: 20.00% (HWM: $522.02)","BypassedInTester","ActiveSession",TRUE,TRUE,TRUE,TRUE,TRUE,TRUE,TRUE,TRUE,FALSE,FALSE,FALSE,TRUE,FALSE,FALSE,FALSE,FALSE,FALSE,FALSE,FALSE,"No valid H1 trend alignment (EMA50 vs EMA200 or Close vs EMA50)","",0,0,0,0.00000,0.00000,0.00000,0.00000,"",0.00,0.00
2026.09.03 10:45:00,2026.09.03 10:45:00,2026.09.03 10:45:00,"10****84",XAUUSD,108151,2026.09.03 10:30:00,NONE,4389.78256,4461.43543,48.04,4422.88401,8.65143,8.04500,0.00000,4426.69000,0.00000,0.00000,0.00000,0.00000,0.00,0.00,0.00,0.00,0.00,0.00,0.00,"Loss: $0.00 (Max $50.00) | Losses: 0/Max 2","Loss: 7.85% / Max: 20.00%","DD: 11.74% / Max: 20.00% (HWM: $522.02)","BypassedInTester","ActiveSession",TRUE,TRUE,TRUE,TRUE,TRUE,TRUE,TRUE,TRUE,FALSE,FALSE,FALSE,TRUE,FALSE,FALSE,FALSE,FALSE,FALSE,FALSE,FALSE,"No valid H1 trend alignment (EMA50 vs EMA200 or Close vs EMA50)","",0,0,0,0.00000,0.00000,0.00000,0.00000,"",0.00,0.00
2026.09.03 11:00:00,2026.09.03 11:00:00,2026.09.03 11:00:00,"10****84",XAUUSD,108151,2026.09.03 10:45:00,NONE,4391.31109,4461.11030,48.49,4423.44363,8.66214,8.04500,0.00000,4428.76000,0.00000,0.00000,0.00000,0.00000,0.00,0.00,0.00,0.00,0.00,0.00,0.00,"Loss: $0.00 (Max $50.00) | Losses: 0/Max 2","Loss: 7.85% / Max: 20.00%","DD: 11.74% / Max: 20.00% (HWM: $522.02)","BypassedInTester","ActiveSession",TRUE,TRUE,TRUE,TRUE,TRUE,TRUE,TRUE,TRUE,FALSE,FALSE,FALSE,TRUE,FALSE,FALSE,FALSE,FALSE,FALSE,FALSE,FALSE,"No valid H1 trend alignment (EMA50 vs EMA200 or Close vs EMA50)","",0,0,0,0.00000,0.00000,0.00000,0.00000,"",0.00,0.00
2026.09.03 11:15:00,2026.09.03 11:15:00,2026.09.03 11:15:00,"10****84",XAUUSD,108151,2026.09.03 11:00:00,NONE,4391.31109,4461.11030,48.49,4424.18995,9.55143,8.04500,0.00000,4431.28000,0.00000,0.00000,0.00000,0.00000,0.00,0.00,0.00,0.00,0.00,0.00,0.00,"Loss: $0.00 (Max $50.00) | Losses: 0/Max 2","Loss: 7.85% / Max: 20.00%","DD: 11.74% / Max: 20.00% (HWM: $522.02)","BypassedInTester","ActiveSession",TRUE,TRUE,TRUE,TRUE,TRUE,TRUE,TRUE,TRUE,FALSE,FALSE,FALSE,TRUE,FALSE,FALSE,FALSE,FALSE,FALSE,FALSE,FALSE,"No valid H1 trend alignment (EMA50 vs EMA200 or Close vs EMA50)","",0,0,0,0.00000,0.00000,0.00000,0.00000,"",0.00,0.00
2026.09.03 11:30:00,2026.09.03 11:30:00,2026.09.03 11:30:00,"10****84",XAUUSD,108151,2026.09.03 11:15:00,NONE,4391.31109,4461.11030,48.49,4425.51757,9.84214,8.09000,0.00000,4438.13000,0.00000,0.00000,0.00000,0.00000,0.00,0.00,0.00,0.00,0.00,0.00,0.00,"Loss: $0.00 (Max $50.00) | Losses: 0/Max 2","Loss: 7.85% / Max: 20.00%","DD: 11.74% / Max: 20.00% (HWM: $522.02)","BypassedInTester","ActiveSession",TRUE,TRUE,TRUE,TRUE,TRUE,TRUE,TRUE,TRUE,FALSE,FALSE,FALSE,TRUE,FALSE,FALSE,FALSE,FALSE,FALSE,FALSE,FALSE,"No valid H1 trend alignment (EMA50 vs EMA200 or Close vs EMA50)","",0,0,0,0.00000,0.00000,0.00000,0.00000,"",0.00,0.00
2026.09.03 11:45:00,2026.09.03 11:45:00,2026.09.03 11:45:00,"10****84",XAUUSD,108151,2026.09.03 11:30:00,NONE,4391.31109,4461.11030,48.49,4426.32637,9.62714,8.12607,0.00000,4434.01000,0.00000,0.00000,0.00000,0.00000,0.00,0.00,0.00,0.00,0.00,0.00,0.00,"Loss: $0.00 (Max $50.00) | Losses: 0/Max 2","Loss: 7.85% / Max: 20.00%","DD: 11.74% / Max: 20.00% (HWM: $522.02)","BypassedInTester","ActiveSession",TRUE,TRUE,TRUE,TRUE,TRUE,TRUE,TRUE,TRUE,FALSE,FALSE,FALSE,TRUE,FALSE,FALSE,FALSE,FALSE,FALSE,FALSE,FALSE,"No valid H1 trend alignment (EMA50 vs EMA200 or Close vs EMA50)","",0,0,0,0.00000,0.00000,0.00000,0.00000,"",0.00,0.00
2026.09.03 12:00:00,2026.09.03 12:00:00,2026.09.03 12:00:00,"10****84",XAUUSD,108151,2026.09.03 11:45:00,NONE,4393.02007,4460.84941,50.44,4427.14196,9.47714,8.15000,0.00000,4434.89000,0.00000,0.00000,0.00000,0.00000,0.00,0.00,0.00,0.00,0.00,0.00,0.00,"Loss: $0.00 (Max $50.00) | Losses: 0/Max 2","Loss: 7.85% / Max: 20.00%","DD: 11.74% / Max: 20.00% (HWM: $522.02)","BypassedInTester","ActiveSession",TRUE,TRUE,TRUE,TRUE,TRUE,TRUE,TRUE,TRUE,FALSE,FALSE,FALSE,TRUE,FALSE,FALSE,FALSE,FALSE,FALSE,FALSE,FALSE,"No valid H1 trend alignment (EMA50 vs EMA200 or Close vs EMA50)","",0,0,0,0.00000,0.00000,0.00000,0.00000,"",0.00,0.00
2026.09.03 12:15:00,2026.09.03 12:15:00,2026.09.03 12:15:00,"10****84",XAUUSD,108151,2026.09.03 12:00:00,NONE,4393.02007,4460.84941,50.44,4428.16653,9.30000,8.20571,0.00000,4437.90000,0.00000,0.00000,0.00000,0.00000,0.00,0.00,0.00,0.00,0.00,0.00,0.00,"Loss: $0.00 (Max $50.00) | Losses: 0/Max 2","Loss: 7.85% / Max: 20.00%","DD: 11.74% / Max: 20.00% (HWM: $522.02)","BypassedInTester","ActiveSession",TRUE,TRUE,TRUE,TRUE,TRUE,TRUE,TRUE,TRUE,FALSE,FALSE,FALSE,TRUE,FALSE,FALSE,FALSE,FALSE,FALSE,FALSE,FALSE,"No valid H1 trend alignment (EMA50 vs EMA200 or Close vs EMA50)","",0,0,0,0.00000,0.00000,0.00000,0.00000,"",0.00,0.00
2026.09.03 12:30:00,2026.09.03 12:30:00,2026.09.03 12:30:00,"10****84",XAUUSD,108151,2026.09.03 12:15:00,NONE,4393.02007,4460.84941,50.44,4428.82782,8.96357,8.26286,0.00000,4435.11000,0.00000,0.00000,0.00000,0.00000,0.00,0.00,0.00,0.00,0.00,0.00,0.00,"Loss: $0.00 (Max $50.00) | Losses: 0/Max 2","Loss: 7.85% / Max: 20.00%","DD: 11.74% / Max: 20.00% (HWM: $522.02)","BypassedInTester","ActiveSession",TRUE,TRUE,TRUE,TRUE,TRUE,TRUE,TRUE,TRUE,FALSE,FALSE,FALSE,TRUE,FALSE,FALSE,FALSE,FALSE,FALSE,FALSE,FALSE,"No valid H1 trend alignment (EMA50 vs EMA200 or Close vs EMA50)","",0,0,0,0.00000,0.00000,0.00000,0.00000,"",0.00,0.00
2026.09.03 12:45:00,2026.09.03 12:45:00,2026.09.03 12:45:00,"10****84",XAUUSD,108151,2026.09.03 12:30:00,NONE,4393.02007,4460.84941,50.44,4428.93088,8.81357,8.37750,0.00000,4429.91000,0.00000,0.00000,0.00000,0.00000,0.00,0.00,0.00,0.00,0.00,0.00,0.00,"Loss: $0.00 (Max $50.00) | Losses: 0/Max 2","Loss: 7.85% / Max: 20.00%","DD: 11.74% / Max: 20.00% (HWM: $522.02)","BypassedInTester","ActiveSession",TRUE,TRUE,TRUE,TRUE,TRUE,TRUE,TRUE,TRUE,FALSE,FALSE,FALSE,TRUE,FALSE,FALSE,FALSE,FALSE,FALSE,FALSE,FALSE,"No valid H1 trend alignment (EMA50 vs EMA200 or Close vs EMA50)","",0,0,0,0.00000,0.00000,0.00000,0.00000,"",0.00,0.00
2026.09.03 13:00:00,2026.09.03 13:00:00,2026.09.03 13:00:00,"10****84",XAUUSD,108151,2026.09.03 12:45:00,NONE,4394.37261,4460.51767,51.09,4428.79556,8.26214,8.49536,0.00000,4427.51000,0.00000,0.00000,0.00000,0.00000,0.00,0.00,0.00,0.00,0.00,0.00,0.00,"Loss: $0.00 (Max $50.00) | Losses: 0/Max 2","Loss: 7.85% / Max: 20.00%","DD: 11.74% / Max: 20.00% (HWM: $522.02)","BypassedInTester","ActiveSession",TRUE,TRUE,TRUE,TRUE,TRUE,TRUE,TRUE,TRUE,FALSE,FALSE,FALSE,TRUE,FALSE,FALSE,FALSE,FALSE,FALSE,FALSE,FALSE,"No valid H1 trend alignment (EMA50 vs EMA200 or Close vs EMA50)","",0,0,0,0.00000,0.00000,0.00000,0.00000,"",0.00,0.00
2026.09.03 13:15:00,2026.09.03 13:15:00,2026.09.03 13:15:00,"10****84",XAUUSD,108151,2026.09.03 13:00:00,NONE,4394.37261,4460.51767,51.09,4428.38074,8.33643,8.49536,0.00000,4424.44000,0.00000,0.00000,0.00000,0.00000,0.00,0.00,0.00,0.00,0.00,0.00,0.00,"Loss: $0.00 (Max $50.00) | Losses: 0/Max 2","Loss: 7.85% / Max: 20.00%","DD: 11.74% / Max: 20.00% (HWM: $522.02)","BypassedInTester","ActiveSession",TRUE,TRUE,TRUE,TRUE,TRUE,TRUE,TRUE,TRUE,FALSE,FALSE,FALSE,TRUE,FALSE,FALSE,FALSE,FALSE,FALSE,FALSE,FALSE,"No valid H1 trend alignment (EMA50 vs EMA200 or Close vs EMA50)","",0,0,0,0.00000,0.00000,0.00000,0.00000,"",0.00,0.00
2026.09.03 13:30:00,2026.09.03 13:30:00,2026.09.03 13:30:00,"10****84",XAUUSD,108151,2026.09.03 13:15:00,NONE,4394.37261,4460.51767,51.09,4427.81686,8.21857,8.49536,0.00000,4422.46000,0.00000,0.00000,0.00000,0.00000,0.00,0.00,0.00,0.00,0.00,0.00,0.00,"Loss: $0.00 (Max $50.00) | Losses: 0/Max 2","Loss: 7.85% / Max: 20.00%","DD: 11.74% / Max: 20.00% (HWM: $522.02)","BypassedInTester","ActiveSession",TRUE,TRUE,TRUE,TRUE,TRUE,TRUE,TRUE,TRUE,FALSE,FALSE,FALSE,TRUE,FALSE,FALSE,FALSE,FALSE,FALSE,FALSE,FALSE,"No valid H1 trend alignment (EMA50 vs EMA200 or Close vs EMA50)","",0,0,0,0.00000,0.00000,0.00000,0.00000,"",0.00,0.00
2026.09.03 13:45:00,2026.09.03 13:45:00,2026.09.03 13:45:00,"10****84",XAUUSD,108151,2026.09.03 13:30:00,NONE,4394.37261,4460.51767,51.09,4427.60764,7.77214,8.49536,0.00000,4425.62000,0.00000,0.00000,0.00000,0.00000,0.00,0.00,0.00,0.00,0.00,0.00,0.00,"Loss: $0.00 (Max $50.00) | Losses: 0/Max 2","Loss: 7.85% / Max: 20.00%","DD: 11.74% / Max: 20.00% (HWM: $522.02)","BypassedInTester","ActiveSession",TRUE,TRUE,TRUE,TRUE,TRUE,TRUE,TRUE,TRUE,FALSE,FALSE,FALSE,TRUE,FALSE,FALSE,FALSE,FALSE,FALSE,FALSE,FALSE,"No valid H1 trend alignment (EMA50 vs EMA200 or Close vs EMA50)","",0,0,0,0.00000,0.00000,0.00000,0.00000,"",0.00,0.00
2026.09.03 14:00:00,2026.09.03 14:00:00,2026.09.03 14:00:00,"10****84",XAUUSD,108151,2026.09.03 13:45:00,NONE,4395.65879,4460.18585,47.60,4427.56596,7.47571,8.40643,0.00000,4427.17000,0.00000,0.00000,0.00000,0.00000,0.00,0.00,0.00,0.00,0.00,0.00,0.00,"Loss: $0.00 (Max $50.00) | Losses: 0/Max 2","Loss: 7.85% / Max: 20.00%","DD: 11.74% / Max: 20.00% (HWM: $522.02)","BypassedInTester","ActiveSession",TRUE,TRUE,TRUE,TRUE,TRUE,TRUE,TRUE,TRUE,FALSE,FALSE,FALSE,TRUE,FALSE,FALSE,FALSE,FALSE,FALSE,FALSE,FALSE,"No valid H1 trend alignment (EMA50 vs EMA200 or Close vs EMA50)","",0,0,0,0.00000,0.00000,0.00000,0.00000,"",0.00,0.00
2026.09.03 14:15:00,2026.09.03 14:15:00,2026.09.03 14:15:00,"10****84",XAUUSD,108151,2026.09.03 14:00:00,NONE,4395.65879,4460.18585,47.60,4428.04158,7.51357,8.30750,0.00000,4432.56000,0.00000,0.00000,0.00000,0.00000,0.00,0.00,0.00,0.00,0.00,0.00,0.00,"Loss: $0.00 (Max $50.00) | Losses: 0/Max 2","Loss: 7.85% / Max: 20.00%","DD: 11.74% / Max: 20.00% (HWM: $522.02)","BypassedInTester","ActiveSession",TRUE,TRUE,TRUE,TRUE,TRUE,TRUE,TRUE,TRUE,FALSE,FALSE,FALSE,TRUE,FALSE,FALSE,FALSE,FALSE,FALSE,FALSE,FALSE,"No valid H1 trend alignment (EMA50 vs EMA200 or Close vs EMA50)","",0,0,0,0.00000,0.00000,0.00000,0.00000,"",0.00,0.00
2026.09.03 14:30:00,2026.09.03 14:30:00,2026.09.03 14:30:00,"10****84",XAUUSD,108151,2026.09.03 14:15:00,NONE,4395.65879,4460.18585,47.60,4428.64048,7.57571,8.27036,0.00000,4434.33000,0.00000,0.00000,0.00000,0.00000,0.00,0.00,0.00,0.00,0.00,0.00,0.00,"Loss: $0.00 (Max $50.00) | Losses: 0/Max 2","Loss: 7.85% / Max: 20.00%","DD: 11.74% / Max: 20.00% (HWM: $522.02)","BypassedInTester","ActiveSession",TRUE,TRUE,TRUE,TRUE,TRUE,TRUE,TRUE,TRUE,FALSE,FALSE,FALSE,TRUE,FALSE,FALSE,FALSE,FALSE,FALSE,FALSE,FALSE,"No valid H1 trend alignment (EMA50 vs EMA200 or Close vs EMA50)","",0,0,0,0.00000,0.00000,0.00000,0.00000,"",0.00,0.00
2026.09.03 14:45:00,2026.09.03 14:45:00,2026.09.03 14:45:00,"10****84",XAUUSD,108151,2026.09.03 14:30:00,NONE,4395.65879,4460.18585,47.60,4429.59186,7.36786,8.25464,0.00000,4438.63000,0.00000,0.00000,0.00000,0.00000,0.00,0.00,0.00,0.00,0.00,0.00,0.00,"Loss: $0.00 (Max $50.00) | Losses: 0/Max 2","Loss: 7.85% / Max: 20.00%","DD: 11.74% / Max: 20.00% (HWM: $522.02)","BypassedInTester","ActiveSession",TRUE,TRUE,TRUE,TRUE,TRUE,TRUE,TRUE,TRUE,FALSE,FALSE,FALSE,TRUE,FALSE,FALSE,FALSE,FALSE,FALSE,FALSE,FALSE,"No valid H1 trend alignment (EMA50 vs EMA200 or Close vs EMA50)","",0,0,0,0.00000,0.00000,0.00000,0.00000,"",0.00,0.00
2026.09.03 15:00:00,2026.09.03 15:00:00,2026.09.03 15:00:00,"10****84",XAUUSD,108151,2026.09.03 14:45:00,NONE,4397.55687,4460.02540,46.79,4430.96978,7.35857,8.25464,0.00000,4444.06000,0.00000,0.00000,0.00000,0.00000,0.00,0.00,0.00,0.00,0.00,0.00,0.00,"Loss: $0.00 (Max $50.00) | Losses: 0/Max 2","Loss: 7.85% / Max: 20.00%","DD: 11.74% / Max: 20.00% (HWM: $522.02)","BypassedInTester","ActiveSession",TRUE,TRUE,TRUE,TRUE,TRUE,TRUE,TRUE,TRUE,FALSE,FALSE,FALSE,TRUE,FALSE,FALSE,FALSE,FALSE,FALSE,FALSE,FALSE,"No valid H1 trend alignment (EMA50 vs EMA200 or Close vs EMA50)","",0,0,0,0.00000,0.00000,0.00000,0.00000,"",0.00,0.00
2026.09.03 15:15:00,2026.09.03 15:15:00,2026.09.03 15:15:00,"10****84",XAUUSD,108151,2026.09.03 15:00:00,NONE,4397.55687,4460.02540,46.79,4432.19932,7.41071,8.25464,0.00000,4443.88000,0.00000,0.00000,0.00000,0.00000,0.00,0.00,0.00,0.00,0.00,0.00,0.00,"Loss: $0.00 (Max $50.00) | Losses: 0/Max 2","Loss: 7.85% / Max: 20.00%","DD: 11.74% / Max: 20.00% (HWM: $522.02)","BypassedInTester","ActiveSession",TRUE,TRUE,TRUE,TRUE,TRUE,TRUE,TRUE,TRUE,FALSE,FALSE,FALSE,TRUE,FALSE,FALSE,FALSE,FALSE,FALSE,FALSE,FALSE,"No valid H1 trend alignment (EMA50 vs EMA200 or Close vs EMA50)","",0,0,0,0.00000,0.00000,0.00000,0.00000,"",0.00,0.00
2026.09.03 15:30:00,2026.09.03 15:30:00,2026.09.03 15:30:00,"10****84",XAUUSD,108151,2026.09.03 15:15:00,NONE,4397.55687,4460.02540,46.79,4433.56510,7.78286,8.25464,0.00000,4446.54000,0.00000,0.00000,0.00000,0.00000,0.00,0.00,0.00,0.00,0.00,0.00,0.00,"Loss: $0.00 (Max $50.00) | Losses: 0/Max 2","Loss: 7.85% / Max: 20.00%","DD: 11.74% / Max: 20.00% (HWM: $522.02)","BypassedInTester","ActiveSession",TRUE,TRUE,TRUE,TRUE,TRUE,TRUE,TRUE,TRUE,FALSE,FALSE,FALSE,TRUE,FALSE,FALSE,FALSE,FALSE,FALSE,FALSE,FALSE,"No valid H1 trend alignment (EMA50 vs EMA200 or Close vs EMA50)","",0,0,0,0.00000,0.00000,0.00000,0.00000,"",0.00,0.00
2026.09.03 15:45:00,2026.09.03 15:45:00,2026.09.03 15:45:00,"10****84",XAUUSD,108151,2026.09.03 15:30:00,NONE,4397.55687,4460.02540,46.79,4436.82652,10.05286,8.25464,0.00000,4467.81000,0.00000,0.00000,0.00000,0.00000,0.00,0.00,0.00,0.00,0.00,0.00,0.00,"Loss: $0.00 (Max $50.00) | Losses: 0/Max 2","Loss: 7.85% / Max: 20.00%","DD: 11.74% / Max: 20.00% (HWM: $522.02)","BypassedInTester","ActiveSession",TRUE,TRUE,TRUE,TRUE,TRUE,TRUE,TRUE,TRUE,FALSE,FALSE,FALSE,TRUE,FALSE,FALSE,FALSE,FALSE,FALSE,FALSE,FALSE,"No valid H1 trend alignment (EMA50 vs EMA200 or Close vs EMA50)","",0,0,0,0.00000,0.00000,0.00000,0.00000,"",0.00,0.00
2026.09.03 16:00:00,2026.09.03 16:00:00,2026.09.03 16:00:00,"10****84",XAUUSD,108151,2026.09.03 15:45:00,NONE,0.00000,0.00000,0.00,0.00000,0.00000,0.00000,0.00000,0.00000,0.00000,0.00000,0.00000,0.00000,0.00,0.00,0.00,0.00,0.00,0.00,0.00,"","","","","OutsideUTCWindow",TRUE,TRUE,FALSE,FALSE,FALSE,FALSE,FALSE,FALSE,FALSE,FALSE,FALSE,FALSE,FALSE,FALSE,FALSE,FALSE,FALSE,FALSE,FALSE,"Outside UTC session (08:00 - 16:00 UTC, Current: 16:00)","",0,0,0,0.00000,0.00000,0.00000,0.00000,"",0.00,0.00
2026.09.03 16:15:00,2026.09.03 16:15:00,2026.09.03 16:15:00,"10****84",XAUUSD,108151,2026.09.03 16:00:00,NONE,0.00000,0.00000,0.00,0.00000,0.00000,0.00000,0.00000,0.00000,0.00000,0.00000,0.00000,0.00000,0.00,0.00,0.00,0.00,0.00,0.00,0.00,"","","","","OutsideUTCWindow",TRUE,TRUE,FALSE,FALSE,FALSE,FALSE,FALSE,FALSE,FALSE,FALSE,FALSE,FALSE,FALSE,FALSE,FALSE,FALSE,FALSE,FALSE,FALSE,"Outside UTC session (08:00 - 16:00 UTC, Current: 16:15)","",0,0,0,0.00000,0.00000,0.00000,0.00000,"",0.00,0.00
2026.09.03 16:30:00,2026.09.03 16:30:00,2026.09.03 16:30:00,"10****84",XAUUSD,108151,2026.09.03 16:15:00,NONE,0.00000,0.00000,0.00,0.00000,0.00000,0.00000,0.00000,0.00000,0.00000,0.00000,0.00000,0.00000,0.00,0.00,0.00,0.00,0.00,0.00,0.00,"","","","","OutsideUTCWindow",TRUE,TRUE,FALSE,FALSE,FALSE,FALSE,FALSE,FALSE,FALSE,FALSE,FALSE,FALSE,FALSE,FALSE,FALSE,FALSE,FALSE,FALSE,FALSE,"Outside UTC session (08:00 - 16:00 UTC, Current: 16:30)","",0,0,0,0.00000,0.00000,0.00000,0.00000,"",0.00,0.00
2026.09.03 16:45:00,2026.09.03 16:45:00,2026.09.03 16:45:00,"10****84",XAUUSD,108151,2026.09.03 16:30:00,NONE,0.00000,0.00000,0.00,0.00000,0.00000,0.00000,0.00000,0.00000,0.00000,0.00000,0.00000,0.00000,0.00,0.00,0.00,0.00,0.00,0.00,0.00,"","","","","OutsideUTCWindow",TRUE,TRUE,FALSE,FALSE,FALSE,FALSE,FALSE,FALSE,FALSE,FALSE,FALSE,FALSE,FALSE,FALSE,FALSE,FALSE,FALSE,FALSE,FALSE,"Outside UTC session (08:00 - 16:00 UTC, Current: 16:45)","",0,0,0,0.00000,0.00000,0.00000,0.00000,"",0.00,0.00
2026.09.03 17:00:00,2026.09.03 17:00:00,2026.09.03 17:00:00,"10****84",XAUUSD,108151,2026.09.03 16:45:00,NONE,0.00000,0.00000,0.00,0.00000,0.00000,0.00000,0.00000,0.00000,0.00000,0.00000,0.00000,0.00000,0.00,0.00,0.00,0.00,0.00,0.00,0.00,"","","","","OutsideUTCWindow",TRUE,TRUE,FALSE,FALSE,FALSE,FALSE,FALSE,FALSE,FALSE,FALSE,FALSE,FALSE,FALSE,FALSE,FALSE,FALSE,FALSE,FALSE,FALSE,"Outside UTC session (08:00 - 16:00 UTC, Current: 17:00)","",0,0,0,0.00000,0.00000,0.00000,0.00000,"",0.00,0.00
2026.09.03 17:15:00,2026.09.03 17:15:00,2026.09.03 17:15:00,"10****84",XAUUSD,108151,2026.09.03 17:00:00,NONE,0.00000,0.00000,0.00,0.00000,0.00000,0.00000,0.00000,0.00000,0.00000,0.00000,0.00000,0.00000,0.00,0.00,0.00,0.00,0.00,0.00,0.00,"","","","","OutsideUTCWindow",TRUE,TRUE,FALSE,FALSE,FALSE,FALSE,FALSE,FALSE,FALSE,FALSE,FALSE,FALSE,FALSE,FALSE,FALSE,FALSE,FALSE,FALSE,FALSE,"Outside UTC session (08:00 - 16:00 UTC, Current: 17:15)","",0,0,0,0.00000,0.00000,0.00000,0.00000,"",0.00,0.00
2026.09.03 17:30:00,2026.09.03 17:30:00,2026.09.03 17:30:00,"10****84",XAUUSD,108151,2026.09.03 17:15:00,NONE,0.00000,0.00000,0.00,0.00000,0.00000,0.00000,0.00000,0.00000,0.00000,0.00000,0.00000,0.00000,0.00,0.00,0.00,0.00,0.00,0.00,0.00,"","","","","OutsideUTCWindow",TRUE,TRUE,FALSE,FALSE,FALSE,FALSE,FALSE,FALSE,FALSE,FALSE,FALSE,FALSE,FALSE,FALSE,FALSE,FALSE,FALSE,FALSE,FALSE,"Outside UTC session (08:00 - 16:00 UTC, Current: 17:30)","",0,0,0,0.00000,0.00000,0.00000,0.00000,"",0.00,0.00
2026.09.03 17:45:00,2026.09.03 17:45:00,2026.09.03 17:45:00,"10****84",XAUUSD,108151,2026.09.03 17:30:00,NONE,0.00000,0.00000,0.00,0.00000,0.00000,0.00000,0.00000,0.00000,0.00000,0.00000,0.00000,0.00000,0.00,0.00,0.00,0.00,0.00,0.00,0.00,"","","","","OutsideUTCWindow",TRUE,TRUE,FALSE,FALSE,FALSE,FALSE,FALSE,FALSE,FALSE,FALSE,FALSE,FALSE,FALSE,FALSE,FALSE,FALSE,FALSE,FALSE,FALSE,"Outside UTC session (08:00 - 16:00 UTC, Current: 17:45)","",0,0,0,0.00000,0.00000,0.00000,0.00000,"",0.00,0.00
2026.09.03 18:00:00,2026.09.03 18:00:00,2026.09.03 18:00:00,"10****84",XAUUSD,108151,2026.09.03 17:45:00,NONE,0.00000,0.00000,0.00,0.00000,0.00000,0.00000,0.00000,0.00000,0.00000,0.00000,0.00000,0.00000,0.00,0.00,0.00,0.00,0.00,0.00,0.00,"","","","","OutsideUTCWindow",TRUE,TRUE,FALSE,FALSE,FALSE,FALSE,FALSE,FALSE,FALSE,FALSE,FALSE,FALSE,FALSE,FALSE,FALSE,FALSE,FALSE,FALSE,FALSE,"Outside UTC session (08:00 - 16:00 UTC, Current: 18:00)","",0,0,0,0.00000,0.00000,0.00000,0.00000,"",0.00,0.00
2026.09.03 18:15:00,2026.09.03 18:15:00,2026.09.03 18:15:00,"10****84",XAUUSD,108151,2026.09.03 18:00:00,NONE,0.00000,0.00000,0.00,0.00000,0.00000,0.00000,0.00000,0.00000,0.00000,0.00000,0.00000,0.00000,0.00,0.00,0.00,0.00,0.00,0.00,0.00,"","","","","OutsideUTCWindow",TRUE,TRUE,FALSE,FALSE,FALSE,FALSE,FALSE,FALSE,FALSE,FALSE,FALSE,FALSE,FALSE,FALSE,FALSE,FALSE,FALSE,FALSE,FALSE,"Outside UTC session (08:00 - 16:00 UTC, Current: 18:15)","",0,0,0,0.00000,0.00000,0.00000,0.00000,"",0.00,0.00
2026.09.03 18:30:00,2026.09.03 18:30:00,2026.09.03 18:30:00,"10****84",XAUUSD,108151,2026.09.03 18:15:00,NONE,0.00000,0.00000,0.00,0.00000,0.00000,0.00000,0.00000,0.00000,0.00000,0.00000,0.00000,0.00000,0.00,0.00,0.00,0.00,0.00,0.00,0.00,"","","","","OutsideUTCWindow",TRUE,TRUE,FALSE,FALSE,FALSE,FALSE,FALSE,FALSE,FALSE,FALSE,FALSE,FALSE,FALSE,FALSE,FALSE,FALSE,FALSE,FALSE,FALSE,"Outside UTC session (08:00 - 16:00 UTC, Current: 18:30)","",0,0,0,0.00000,0.00000,0.00000,0.00000,"",0.00,0.00
2026.09.03 18:45:00,2026.09.03 18:45:00,2026.09.03 18:45:00,"10****84",XAUUSD,108151,2026.09.03 18:30:00,NONE,0.00000,0.00000,0.00,0.00000,0.00000,0.00000,0.00000,0.00000,0.00000,0.00000,0.00000,0.00000,0.00,0.00,0.00,0.00,0.00,0.00,0.00,"","","","","OutsideUTCWindow",TRUE,TRUE,FALSE,FALSE,FALSE,FALSE,FALSE,FALSE,FALSE,FALSE,FALSE,FALSE,FALSE,FALSE,FALSE,FALSE,FALSE,FALSE,FALSE,"Outside UTC session (08:00 - 16:00 UTC, Current: 18:45)","",0,0,0,0.00000,0.00000,0.00000,0.00000,"",0.00,0.00
2026.09.03 19:00:00,2026.09.03 19:00:00,2026.09.03 19:00:00,"10****84",XAUUSD,108151,2026.09.03 18:45:00,NONE,0.00000,0.00000,0.00,0.00000,0.00000,0.00000,0.00000,0.00000,0.00000,0.00000,0.00000,0.00000,0.00,0.00,0.00,0.00,0.00,0.00,0.00,"","","","","OutsideUTCWindow",TRUE,TRUE,FALSE,FALSE,FALSE,FALSE,FALSE,FALSE,FALSE,FALSE,FALSE,FALSE,FALSE,FALSE,FALSE,FALSE,FALSE,FALSE,FALSE,"Outside UTC session (08:00 - 16:00 UTC, Current: 19:00)","",0,0,0,0.00000,0.00000,0.00000,0.00000,"",0.00,0.00
2026.09.03 19:15:00,2026.09.03 19:15:00,2026.09.03 19:15:00,"10****84",XAUUSD,108151,2026.09.03 19:00:00,NONE,0.00000,0.00000,0.00,0.00000,0.00000,0.00000,0.00000,0.00000,0.00000,0.00000,0.00000,0.00000,0.00,0.00,0.00,0.00,0.00,0.00,0.00,"","","","","OutsideUTCWindow",TRUE,TRUE,FALSE,FALSE,FALSE,FALSE,FALSE,FALSE,FALSE,FALSE,FALSE,FALSE,FALSE,FALSE,FALSE,FALSE,FALSE,FALSE,FALSE,"Outside UTC session (08:00 - 16:00 UTC, Current: 19:15)","",0,0,0,0.00000,0.00000,0.00000,0.00000,"",0.00,0.00
2026.09.03 19:30:00,2026.09.03 19:30:00,2026.09.03 19:30:00,"10****84",XAUUSD,108151,2026.09.03 19:15:00,NONE,0.00000,0.00000,0.00,0.00000,0.00000,0.00000,0.00000,0.00000,0.00000,0.00000,0.00000,0.00000,0.00,0.00,0.00,0.00,0.00,0.00,0.00,"","","","","OutsideUTCWindow",TRUE,TRUE,FALSE,FALSE,FALSE,FALSE,FALSE,FALSE,FALSE,FALSE,FALSE,FALSE,FALSE,FALSE,FALSE,FALSE,FALSE,FALSE,FALSE,"Outside UTC session (08:00 - 16:00 UTC, Current: 19:30)","",0,0,0,0.00000,0.00000,0.00000,0.00000,"",0.00,0.00
2026.09.03 19:45:00,2026.09.03 19:45:00,2026.09.03 19:45:00,"10****84",XAUUSD,108151,2026.09.03 19:30:00,NONE,0.00000,0.00000,0.00,0.00000,0.00000,0.00000,0.00000,0.00000,0.00000,0.00000,0.00000,0.00000,0.00,0.00,0.00,0.00,0.00,0.00,0.00,"","","","","OutsideUTCWindow",TRUE,TRUE,FALSE,FALSE,FALSE,FALSE,FALSE,FALSE,FALSE,FALSE,FALSE,FALSE,FALSE,FALSE,FALSE,FALSE,FALSE,FALSE,FALSE,"Outside UTC session (08:00 - 16:00 UTC, Current: 19:45)","",0,0,0,0.00000,0.00000,0.00000,0.00000,"",0.00,0.00
2026.09.03 20:00:00,2026.09.03 20:00:00,2026.09.03 20:00:00,"10****84",XAUUSD,108151,2026.09.03 19:45:00,NONE,0.00000,0.00000,0.00,0.00000,0.00000,0.00000,0.00000,0.00000,0.00000,0.00000,0.00000,0.00000,0.00,0.00,0.00,0.00,0.00,0.00,0.00,"","","","","OutsideUTCWindow",TRUE,TRUE,FALSE,FALSE,FALSE,FALSE,FALSE,FALSE,FALSE,FALSE,FALSE,FALSE,FALSE,FALSE,FALSE,FALSE,FALSE,FALSE,FALSE,"Outside UTC session (08:00 - 16:00 UTC, Current: 20:00)","",0,0,0,0.00000,0.00000,0.00000,0.00000,"",0.00,0.00
2026.09.03 20:15:00,2026.09.03 20:15:00,2026.09.03 20:15:00,"10****84",XAUUSD,108151,2026.09.03 20:00:00,NONE,0.00000,0.00000,0.00,0.00000,0.00000,0.00000,0.00000,0.00000,0.00000,0.00000,0.00000,0.00000,0.00,0.00,0.00,0.00,0.00,0.00,0.00,"","","","","OutsideUTCWindow",TRUE,TRUE,FALSE,FALSE,FALSE,FALSE,FALSE,FALSE,FALSE,FALSE,FALSE,FALSE,FALSE,FALSE,FALSE,FALSE,FALSE,FALSE,FALSE,"Outside UTC session (08:00 - 16:00 UTC, Current: 20:15)","",0,0,0,0.00000,0.00000,0.00000,0.00000,"",0.00,0.00
2026.09.03 20:30:00,2026.09.03 20:30:00,2026.09.03 20:30:00,"10****84",XAUUSD,108151,2026.09.03 20:15:00,NONE,0.00000,0.00000,0.00,0.00000,0.00000,0.00000,0.00000,0.00000,0.00000,0.00000,0.00000,0.00000,0.00,0.00,0.00,0.00,0.00,0.00,0.00,"","","","","OutsideUTCWindow",TRUE,TRUE,FALSE,FALSE,FALSE,FALSE,FALSE,FALSE,FALSE,FALSE,FALSE,FALSE,FALSE,FALSE,FALSE,FALSE,FALSE,FALSE,FALSE,"Outside UTC session (08:00 - 16:00 UTC, Current: 20:30)","",0,0,0,0.00000,0.00000,0.00000,0.00000,"",0.00,0.00
2026.09.03 20:45:00,2026.09.03 20:45:00,2026.09.03 20:45:00,"10****84",XAUUSD,108151,2026.09.03 20:30:00,NONE,0.00000,0.00000,0.00,0.00000,0.00000,0.00000,0.00000,0.00000,0.00000,0.00000,0.00000,0.00000,0.00,0.00,0.00,0.00,0.00,0.00,0.00,"","","","","OutsideUTCWindow",TRUE,TRUE,FALSE,FALSE,FALSE,FALSE,FALSE,FALSE,FALSE,FALSE,FALSE,FALSE,FALSE,FALSE,FALSE,FALSE,FALSE,FALSE,FALSE,"Outside UTC session (08:00 - 16:00 UTC, Current: 20:45)","",0,0,0,0.00000,0.00000,0.00000,0.00000,"",0.00,0.00
2026.09.03 21:00:00,2026.09.03 21:00:00,2026.09.03 21:00:00,"10****84",XAUUSD,108151,2026.09.03 20:45:00,NONE,0.00000,0.00000,0.00,0.00000,0.00000,0.00000,0.00000,0.00000,0.00000,0.00000,0.00000,0.00000,0.00,0.00,0.00,0.00,0.00,0.00,0.00,"","","","","OutsideUTCWindow",TRUE,TRUE,FALSE,FALSE,FALSE,FALSE,FALSE,FALSE,FALSE,FALSE,FALSE,FALSE,FALSE,FALSE,FALSE,FALSE,FALSE,FALSE,FALSE,"Outside UTC session (08:00 - 16:00 UTC, Current: 21:00)","",0,0,0,0.00000,0.00000,0.00000,0.00000,"",0.00,0.00
2026.09.03 21:15:00,2026.09.03 21:15:00,2026.09.03 21:15:00,"10****84",XAUUSD,108151,2026.09.03 21:00:00,NONE,0.00000,0.00000,0.00,0.00000,0.00000,0.00000,0.00000,0.00000,0.00000,0.00000,0.00000,0.00000,0.00,0.00,0.00,0.00,0.00,0.00,0.00,"","","","","OutsideUTCWindow",TRUE,TRUE,FALSE,FALSE,FALSE,FALSE,FALSE,FALSE,FALSE,FALSE,FALSE,FALSE,FALSE,FALSE,FALSE,FALSE,FALSE,FALSE,FALSE,"Outside UTC session (08:00 - 16:00 UTC, Current: 21:15)","",0,0,0,0.00000,0.00000,0.00000,0.00000,"",0.00,0.00
2026.09.03 21:30:00,2026.09.03 21:30:00,2026.09.03 21:30:00,"10****84",XAUUSD,108151,2026.09.03 21:15:00,NONE,0.00000,0.00000,0.00,0.00000,0.00000,0.00000,0.00000,0.00000,0.00000,0.00000,0.00000,0.00000,0.00,0.00,0.00,0.00,0.00,0.00,0.00,"","","","","OutsideUTCWindow",TRUE,TRUE,FALSE,FALSE,FALSE,FALSE,FALSE,FALSE,FALSE,FALSE,FALSE,FALSE,FALSE,FALSE,FALSE,FALSE,FALSE,FALSE,FALSE,"Outside UTC session (08:00 - 16:00 UTC, Current: 21:30)","",0,0,0,0.00000,0.00000,0.00000,0.00000,"",0.00,0.00
2026.09.03 21:45:00,2026.09.03 21:45:00,2026.09.03 21:45:00,"10****84",XAUUSD,108151,2026.09.03 21:30:00,NONE,0.00000,0.00000,0.00,0.00000,0.00000,0.00000,0.00000,0.00000,0.00000,0.00000,0.00000,0.00000,0.00,0.00,0.00,0.00,0.00,0.00,0.00,"","","","","OutsideUTCWindow",TRUE,TRUE,FALSE,FALSE,FALSE,FALSE,FALSE,FALSE,FALSE,FALSE,FALSE,FALSE,FALSE,FALSE,FALSE,FALSE,FALSE,FALSE,FALSE,"Outside UTC session (08:00 - 16:00 UTC, Current: 21:45)","",0,0,0,0.00000,0.00000,0.00000,0.00000,"",0.00,0.00
2026.09.03 22:00:00,2026.09.03 22:00:00,2026.09.03 22:00:00,"10****84",XAUUSD,108151,2026.09.03 21:45:00,NONE,0.00000,0.00000,0.00,0.00000,0.00000,0.00000,0.00000,0.00000,0.00000,0.00000,0.00000,0.00000,0.00,0.00,0.00,0.00,0.00,0.00,0.00,"","","","","OutsideUTCWindow",TRUE,TRUE,FALSE,FALSE,FALSE,FALSE,FALSE,FALSE,FALSE,FALSE,FALSE,FALSE,FALSE,FALSE,FALSE,FALSE,FALSE,FALSE,FALSE,"Outside UTC session (08:00 - 16:00 UTC, Current: 22:00)","",0,0,0,0.00000,0.00000,0.00000,0.00000,"",0.00,0.00
2026.09.03 22:15:00,2026.09.03 22:15:00,2026.09.03 22:15:00,"10****84",XAUUSD,108151,2026.09.03 22:00:00,NONE,0.00000,0.00000,0.00,0.00000,0.00000,0.00000,0.00000,0.00000,0.00000,0.00000,0.00000,0.00000,0.00,0.00,0.00,0.00,0.00,0.00,0.00,"","","","","OutsideUTCWindow",TRUE,TRUE,FALSE,FALSE,FALSE,FALSE,FALSE,FALSE,FALSE,FALSE,FALSE,FALSE,FALSE,FALSE,FALSE,FALSE,FALSE,FALSE,FALSE,"Outside UTC session (08:00 - 16:00 UTC, Current: 22:15)","",0,0,0,0.00000,0.00000,0.00000,0.00000,"",0.00,0.00
2026.09.03 22:30:00,2026.09.03 22:30:00,2026.09.03 22:30:00,"10****84",XAUUSD,108151,2026.09.03 22:15:00,NONE,0.00000,0.00000,0.00,0.00000,0.00000,0.00000,0.00000,0.00000,0.00000,0.00000,0.00000,0.00000,0.00,0.00,0.00,0.00,0.00,0.00,0.00,"","","","","OutsideUTCWindow",TRUE,TRUE,FALSE,FALSE,FALSE,FALSE,FALSE,FALSE,FALSE,FALSE,FALSE,FALSE,FALSE,FALSE,FALSE,FALSE,FALSE,FALSE,FALSE,"Outside UTC session (08:00 - 16:00 UTC, Current: 22:30)","",0,0,0,0.00000,0.00000,0.00000,0.00000,"",0.00,0.00
2026.09.03 22:45:00,2026.09.03 22:45:00,2026.09.03 22:45:00,"10****84",XAUUSD,108151,2026.09.03 22:30:00,NONE,0.00000,0.00000,0.00,0.00000,0.00000,0.00000,0.00000,0.00000,0.00000,0.00000,0.00000,0.00000,0.00,0.00,0.00,0.00,0.00,0.00,0.00,"","","","","OutsideUTCWindow",TRUE,TRUE,FALSE,FALSE,FALSE,FALSE,FALSE,FALSE,FALSE,FALSE,FALSE,FALSE,FALSE,FALSE,FALSE,FALSE,FALSE,FALSE,FALSE,"Outside UTC session (08:00 - 16:00 UTC, Current: 22:45)","",0,0,0,0.00000,0.00000,0.00000,0.00000,"",0.00,0.00
2026.09.04 01:00:00,2026.09.04 01:00:00,2026.09.04 01:00:00,"10****84",XAUUSD,108151,2026.09.03 22:45:00,NONE,0.00000,0.00000,0.00,0.00000,0.00000,0.00000,0.00000,0.00000,0.00000,0.00000,0.00000,0.00000,0.00,0.00,0.00,0.00,0.00,0.00,0.00,"","","","","OutsideUTCWindow",TRUE,TRUE,FALSE,FALSE,FALSE,FALSE,FALSE,FALSE,FALSE,FALSE,FALSE,FALSE,FALSE,FALSE,FALSE,FALSE,FALSE,FALSE,FALSE,"Outside UTC session (08:00 - 16:00 UTC, Current: 01:00)","",0,0,0,0.00000,0.00000,0.00000,0.00000,"",0.00,0.00
2026.09.04 01:15:00,2026.09.04 01:15:00,2026.09.04 01:15:00,"10****84",XAUUSD,108151,2026.09.04 01:00:00,NONE,0.00000,0.00000,0.00,0.00000,0.00000,0.00000,0.00000,0.00000,0.00000,0.00000,0.00000,0.00000,0.00,0.00,0.00,0.00,0.00,0.00,0.00,"","","","","OutsideUTCWindow",TRUE,TRUE,FALSE,FALSE,FALSE,FALSE,FALSE,FALSE,FALSE,FALSE,FALSE,FALSE,FALSE,FALSE,FALSE,FALSE,FALSE,FALSE,FALSE,"Outside UTC session (08:00 - 16:00 UTC, Current: 01:15)","",0,0,0,0.00000,0.00000,0.00000,0.00000,"",0.00,0.00
2026.09.04 01:30:00,2026.09.04 01:30:00,2026.09.04 01:30:00,"10****84",XAUUSD,108151,2026.09.04 01:15:00,NONE,0.00000,0.00000,0.00,0.00000,0.00000,0.00000,0.00000,0.00000,0.00000,0.00000,0.00000,0.00000,0.00,0.00,0.00,0.00,0.00,0.00,0.00,"","","","","OutsideUTCWindow",TRUE,TRUE,FALSE,FALSE,FALSE,FALSE,FALSE,FALSE,FALSE,FALSE,FALSE,FALSE,FALSE,FALSE,FALSE,FALSE,FALSE,FALSE,FALSE,"Outside UTC session (08:00 - 16:00 UTC, Current: 01:30)","",0,0,0,0.00000,0.00000,0.00000,0.00000,"",0.00,0.00
2026.09.04 01:45:00,2026.09.04 01:45:00,2026.09.04 01:45:00,"10****84",XAUUSD,108151,2026.09.04 01:30:00,NONE,0.00000,0.00000,0.00,0.00000,0.00000,0.00000,0.00000,0.00000,0.00000,0.00000,0.00000,0.00000,0.00,0.00,0.00,0.00,0.00,0.00,0.00,"","","","","OutsideUTCWindow",TRUE,TRUE,FALSE,FALSE,FALSE,FALSE,FALSE,FALSE,FALSE,FALSE,FALSE,FALSE,FALSE,FALSE,FALSE,FALSE,FALSE,FALSE,FALSE,"Outside UTC session (08:00 - 16:00 UTC, Current: 01:45)","",0,0,0,0.00000,0.00000,0.00000,0.00000,"",0.00,0.00
2026.09.04 02:00:00,2026.09.04 02:00:00,2026.09.04 02:00:00,"10****84",XAUUSD,108151,2026.09.04 01:45:00,NONE,0.00000,0.00000,0.00,0.00000,0.00000,0.00000,0.00000,0.00000,0.00000,0.00000,0.00000,0.00000,0.00,0.00,0.00,0.00,0.00,0.00,0.00,"","","","","OutsideUTCWindow",TRUE,TRUE,FALSE,FALSE,FALSE,FALSE,FALSE,FALSE,FALSE,FALSE,FALSE,FALSE,FALSE,FALSE,FALSE,FALSE,FALSE,FALSE,FALSE,"Outside UTC session (08:00 - 16:00 UTC, Current: 02:00)","",0,0,0,0.00000,0.00000,0.00000,0.00000,"",0.00,0.00
2026.09.04 02:15:00,2026.09.04 02:15:00,2026.09.04 02:15:00,"10****84",XAUUSD,108151,2026.09.04 02:00:00,NONE,0.00000,0.00000,0.00,0.00000,0.00000,0.00000,0.00000,0.00000,0.00000,0.00000,0.00000,0.00000,0.00,0.00,0.00,0.00,0.00,0.00,0.00,"","","","","OutsideUTCWindow",TRUE,TRUE,FALSE,FALSE,FALSE,FALSE,FALSE,FALSE,FALSE,FALSE,FALSE,FALSE,FALSE,FALSE,FALSE,FALSE,FALSE,FALSE,FALSE,"Outside UTC session (08:00 - 16:00 UTC, Current: 02:15)","",0,0,0,0.00000,0.00000,0.00000,0.00000,"",0.00,0.00
2026.09.04 02:30:00,2026.09.04 02:30:00,2026.09.04 02:30:00,"10****84",XAUUSD,108151,2026.09.04 02:15:00,NONE,0.00000,0.00000,0.00,0.00000,0.00000,0.00000,0.00000,0.00000,0.00000,0.00000,0.00000,0.00000,0.00,0.00,0.00,0.00,0.00,0.00,0.00,"","","","","OutsideUTCWindow",TRUE,TRUE,FALSE,FALSE,FALSE,FALSE,FALSE,FALSE,FALSE,FALSE,FALSE,FALSE,FALSE,FALSE,FALSE,FALSE,FALSE,FALSE,FALSE,"Outside UTC session (08:00 - 16:00 UTC, Current: 02:30)","",0,0,0,0.00000,0.00000,0.00000,0.00000,"",0.00,0.00
2026.09.04 02:45:00,2026.09.04 02:45:00,2026.09.04 02:45:00,"10****84",XAUUSD,108151,2026.09.04 02:30:00,NONE,0.00000,0.00000,0.00,0.00000,0.00000,0.00000,0.00000,0.00000,0.00000,0.00000,0.00000,0.00000,0.00,0.00,0.00,0.00,0.00,0.00,0.00,"","","","","OutsideUTCWindow",TRUE,TRUE,FALSE,FALSE,FALSE,FALSE,FALSE,FALSE,FALSE,FALSE,FALSE,FALSE,FALSE,FALSE,FALSE,FALSE,FALSE,FALSE,FALSE,"Outside UTC session (08:00 - 16:00 UTC, Current: 02:45)","",0,0,0,0.00000,0.00000,0.00000,0.00000,"",0.00,0.00
2026.09.04 03:00:00,2026.09.04 03:00:00,2026.09.04 03:00:00,"10****84",XAUUSD,108151,2026.09.04 02:45:00,NONE,0.00000,0.00000,0.00,0.00000,0.00000,0.00000,0.00000,0.00000,0.00000,0.00000,0.00000,0.00000,0.00,0.00,0.00,0.00,0.00,0.00,0.00,"","","","","OutsideUTCWindow",TRUE,TRUE,FALSE,FALSE,FALSE,FALSE,FALSE,FALSE,FALSE,FALSE,FALSE,FALSE,FALSE,FALSE,FALSE,FALSE,FALSE,FALSE,FALSE,"Outside UTC session (08:00 - 16:00 UTC, Current: 03:00)","",0,0,0,0.00000,0.00000,0.00000,0.00000,"",0.00,0.00
2026.09.04 03:15:00,2026.09.04 03:15:00,2026.09.04 03:15:00,"10****84",XAUUSD,108151,2026.09.04 03:00:00,NONE,0.00000,0.00000,0.00,0.00000,0.00000,0.00000,0.00000,0.00000,0.00000,0.00000,0.00000,0.00000,0.00,0.00,0.00,0.00,0.00,0.00,0.00,"","","","","OutsideUTCWindow",TRUE,TRUE,FALSE,FALSE,FALSE,FALSE,FALSE,FALSE,FALSE,FALSE,FALSE,FALSE,FALSE,FALSE,FALSE,FALSE,FALSE,FALSE,FALSE,"Outside UTC session (08:00 - 16:00 UTC, Current: 03:15)","",0,0,0,0.00000,0.00000,0.00000,0.00000,"",0.00,0.00
2026.09.04 03:30:00,2026.09.04 03:30:00,2026.09.04 03:30:00,"10****84",XAUUSD,108151,2026.09.04 03:15:00,NONE,0.00000,0.00000,0.00,0.00000,0.00000,0.00000,0.00000,0.00000,0.00000,0.00000,0.00000,0.00000,0.00,0.00,0.00,0.00,0.00,0.00,0.00,"","","","","OutsideUTCWindow",TRUE,TRUE,FALSE,FALSE,FALSE,FALSE,FALSE,FALSE,FALSE,FALSE,FALSE,FALSE,FALSE,FALSE,FALSE,FALSE,FALSE,FALSE,FALSE,"Outside UTC session (08:00 - 16:00 UTC, Current: 03:30)","",0,0,0,0.00000,0.00000,0.00000,0.00000,"",0.00,0.00
2026.09.04 03:45:00,2026.09.04 03:45:00,2026.09.04 03:45:00,"10****84",XAUUSD,108151,2026.09.04 03:30:00,NONE,0.00000,0.00000,0.00,0.00000,0.00000,0.00000,0.00000,0.00000,0.00000,0.00000,0.00000,0.00000,0.00,0.00,0.00,0.00,0.00,0.00,0.00,"","","","","OutsideUTCWindow",TRUE,TRUE,FALSE,FALSE,FALSE,FALSE,FALSE,FALSE,FALSE,FALSE,FALSE,FALSE,FALSE,FALSE,FALSE,FALSE,FALSE,FALSE,FALSE,"Outside UTC session (08:00 - 16:00 UTC, Current: 03:45)","",0,0,0,0.00000,0.00000,0.00000,0.00000,"",0.00,0.00
2026.09.04 04:00:00,2026.09.04 04:00:00,2026.09.04 04:00:00,"10****84",XAUUSD,108151,2026.09.04 03:45:00,NONE,0.00000,0.00000,0.00,0.00000,0.00000,0.00000,0.00000,0.00000,0.00000,0.00000,0.00000,0.00000,0.00,0.00,0.00,0.00,0.00,0.00,0.00,"","","","","OutsideUTCWindow",TRUE,TRUE,FALSE,FALSE,FALSE,FALSE,FALSE,FALSE,FALSE,FALSE,FALSE,FALSE,FALSE,FALSE,FALSE,FALSE,FALSE,FALSE,FALSE,"Outside UTC session (08:00 - 16:00 UTC, Current: 04:00)","",0,0,0,0.00000,0.00000,0.00000,0.00000,"",0.00,0.00
2026.09.04 04:15:00,2026.09.04 04:15:00,2026.09.04 04:15:00,"10****84",XAUUSD,108151,2026.09.04 04:00:00,NONE,0.00000,0.00000,0.00,0.00000,0.00000,0.00000,0.00000,0.00000,0.00000,0.00000,0.00000,0.00000,0.00,0.00,0.00,0.00,0.00,0.00,0.00,"","","","","OutsideUTCWindow",TRUE,TRUE,FALSE,FALSE,FALSE,FALSE,FALSE,FALSE,FALSE,FALSE,FALSE,FALSE,FALSE,FALSE,FALSE,FALSE,FALSE,FALSE,FALSE,"Outside UTC session (08:00 - 16:00 UTC, Current: 04:15)","",0,0,0,0.00000,0.00000,0.00000,0.00000,"",0.00,0.00
2026.09.04 04:30:00,2026.09.04 04:30:00,2026.09.04 04:30:00,"10****84",XAUUSD,108151,2026.09.04 04:15:00,NONE,0.00000,0.00000,0.00,0.00000,0.00000,0.00000,0.00000,0.00000,0.00000,0.00000,0.00000,0.00000,0.00,0.00,0.00,0.00,0.00,0.00,0.00,"","","","","OutsideUTCWindow",TRUE,TRUE,FALSE,FALSE,FALSE,FALSE,FALSE,FALSE,FALSE,FALSE,FALSE,FALSE,FALSE,FALSE,FALSE,FALSE,FALSE,FALSE,FALSE,"Outside UTC session (08:00 - 16:00 UTC, Current: 04:30)","",0,0,0,0.00000,0.00000,0.00000,0.00000,"",0.00,0.00
2026.09.04 04:45:00,2026.09.04 04:45:00,2026.09.04 04:45:00,"10****84",XAUUSD,108151,2026.09.04 04:30:00,NONE,0.00000,0.00000,0.00,0.00000,0.00000,0.00000,0.00000,0.00000,0.00000,0.00000,0.00000,0.00000,0.00,0.00,0.00,0.00,0.00,0.00,0.00,"","","","","OutsideUTCWindow",TRUE,TRUE,FALSE,FALSE,FALSE,FALSE,FALSE,FALSE,FALSE,FALSE,FALSE,FALSE,FALSE,FALSE,FALSE,FALSE,FALSE,FALSE,FALSE,"Outside UTC session (08:00 - 16:00 UTC, Current: 04:45)","",0,0,0,0.00000,0.00000,0.00000,0.00000,"",0.00,0.00
2026.09.04 05:00:00,2026.09.04 05:00:00,2026.09.04 05:00:00,"10****84",XAUUSD,108151,2026.09.04 04:45:00,NONE,0.00000,0.00000,0.00,0.00000,0.00000,0.00000,0.00000,0.00000,0.00000,0.00000,0.00000,0.00000,0.00,0.00,0.00,0.00,0.00,0.00,0.00,"","","","","OutsideUTCWindow",TRUE,TRUE,FALSE,FALSE,FALSE,FALSE,FALSE,FALSE,FALSE,FALSE,FALSE,FALSE,FALSE,FALSE,FALSE,FALSE,FALSE,FALSE,FALSE,"Outside UTC session (08:00 - 16:00 UTC, Current: 05:00)","",0,0,0,0.00000,0.00000,0.00000,0.00000,"",0.00,0.00
2026.09.04 05:15:00,2026.09.04 05:15:00,2026.09.04 05:15:00,"10****84",XAUUSD,108151,2026.09.04 05:00:00,NONE,0.00000,0.00000,0.00,0.00000,0.00000,0.00000,0.00000,0.00000,0.00000,0.00000,0.00000,0.00000,0.00,0.00,0.00,0.00,0.00,0.00,0.00,"","","","","OutsideUTCWindow",TRUE,TRUE,FALSE,FALSE,FALSE,FALSE,FALSE,FALSE,FALSE,FALSE,FALSE,FALSE,FALSE,FALSE,FALSE,FALSE,FALSE,FALSE,FALSE,"Outside UTC session (08:00 - 16:00 UTC, Current: 05:15)","",0,0,0,0.00000,0.00000,0.00000,0.00000,"",0.00,0.00
2026.09.04 05:30:00,2026.09.04 05:30:00,2026.09.04 05:30:00,"10****84",XAUUSD,108151,2026.09.04 05:15:00,NONE,0.00000,0.00000,0.00,0.00000,0.00000,0.00000,0.00000,0.00000,0.00000,0.00000,0.00000,0.00000,0.00,0.00,0.00,0.00,0.00,0.00,0.00,"","","","","OutsideUTCWindow",TRUE,TRUE,FALSE,FALSE,FALSE,FALSE,FALSE,FALSE,FALSE,FALSE,FALSE,FALSE,FALSE,FALSE,FALSE,FALSE,FALSE,FALSE,FALSE,"Outside UTC session (08:00 - 16:00 UTC, Current: 05:30)","",0,0,0,0.00000,0.00000,0.00000,0.00000,"",0.00,0.00
2026.09.04 05:45:00,2026.09.04 05:45:00,2026.09.04 05:45:00,"10****84",XAUUSD,108151,2026.09.04 05:30:00,NONE,0.00000,0.00000,0.00,0.00000,0.00000,0.00000,0.00000,0.00000,0.00000,0.00000,0.00000,0.00000,0.00,0.00,0.00,0.00,0.00,0.00,0.00,"","","","","OutsideUTCWindow",TRUE,TRUE,FALSE,FALSE,FALSE,FALSE,FALSE,FALSE,FALSE,FALSE,FALSE,FALSE,FALSE,FALSE,FALSE,FALSE,FALSE,FALSE,FALSE,"Outside UTC session (08:00 - 16:00 UTC, Current: 05:45)","",0,0,0,0.00000,0.00000,0.00000,0.00000,"",0.00,0.00
2026.09.04 06:00:00,2026.09.04 06:00:00,2026.09.04 06:00:00,"10****84",XAUUSD,108151,2026.09.04 05:45:00,NONE,0.00000,0.00000,0.00,0.00000,0.00000,0.00000,0.00000,0.00000,0.00000,0.00000,0.00000,0.00000,0.00,0.00,0.00,0.00,0.00,0.00,0.00,"","","","","OutsideUTCWindow",TRUE,TRUE,FALSE,FALSE,FALSE,FALSE,FALSE,FALSE,FALSE,FALSE,FALSE,FALSE,FALSE,FALSE,FALSE,FALSE,FALSE,FALSE,FALSE,"Outside UTC session (08:00 - 16:00 UTC, Current: 06:00)","",0,0,0,0.00000,0.00000,0.00000,0.00000,"",0.00,0.00
2026.09.04 06:15:00,2026.09.04 06:15:00,2026.09.04 06:15:00,"10****84",XAUUSD,108151,2026.09.04 06:00:00,NONE,0.00000,0.00000,0.00,0.00000,0.00000,0.00000,0.00000,0.00000,0.00000,0.00000,0.00000,0.00000,0.00,0.00,0.00,0.00,0.00,0.00,0.00,"","","","","OutsideUTCWindow",TRUE,TRUE,FALSE,FALSE,FALSE,FALSE,FALSE,FALSE,FALSE,FALSE,FALSE,FALSE,FALSE,FALSE,FALSE,FALSE,FALSE,FALSE,FALSE,"Outside UTC session (08:00 - 16:00 UTC, Current: 06:15)","",0,0,0,0.00000,0.00000,0.00000,0.00000,"",0.00,0.00
2026.09.04 06:30:00,2026.09.04 06:30:00,2026.09.04 06:30:00,"10****84",XAUUSD,108151,2026.09.04 06:15:00,NONE,0.00000,0.00000,0.00,0.00000,0.00000,0.00000,0.00000,0.00000,0.00000,0.00000,0.00000,0.00000,0.00,0.00,0.00,0.00,0.00,0.00,0.00,"","","","","OutsideUTCWindow",TRUE,TRUE,FALSE,FALSE,FALSE,FALSE,FALSE,FALSE,FALSE,FALSE,FALSE,FALSE,FALSE,FALSE,FALSE,FALSE,FALSE,FALSE,FALSE,"Outside UTC session (08:00 - 16:00 UTC, Current: 06:30)","",0,0,0,0.00000,0.00000,0.00000,0.00000,"",0.00,0.00
2026.09.04 06:45:00,2026.09.04 06:45:00,2026.09.04 06:45:00,"10****84",XAUUSD,108151,2026.09.04 06:30:00,NONE,0.00000,0.00000,0.00,0.00000,0.00000,0.00000,0.00000,0.00000,0.00000,0.00000,0.00000,0.00000,0.00,0.00,0.00,0.00,0.00,0.00,0.00,"","","","","OutsideUTCWindow",TRUE,TRUE,FALSE,FALSE,FALSE,FALSE,FALSE,FALSE,FALSE,FALSE,FALSE,FALSE,FALSE,FALSE,FALSE,FALSE,FALSE,FALSE,FALSE,"Outside UTC session (08:00 - 16:00 UTC, Current: 06:45)","",0,0,0,0.00000,0.00000,0.00000,0.00000,"",0.00,0.00
2026.09.04 07:00:00,2026.09.04 07:00:00,2026.09.04 07:00:00,"10****84",XAUUSD,108151,2026.09.04 06:45:00,NONE,0.00000,0.00000,0.00,0.00000,0.00000,0.00000,0.00000,0.00000,0.00000,0.00000,0.00000,0.00000,0.00,0.00,0.00,0.00,0.00,0.00,0.00,"","","","","OutsideUTCWindow",TRUE,TRUE,FALSE,FALSE,FALSE,FALSE,FALSE,FALSE,FALSE,FALSE,FALSE,FALSE,FALSE,FALSE,FALSE,FALSE,FALSE,FALSE,FALSE,"Outside UTC session (08:00 - 16:00 UTC, Current: 07:00)","",0,0,0,0.00000,0.00000,0.00000,0.00000,"",0.00,0.00
2026.09.04 07:15:00,2026.09.04 07:15:00,2026.09.04 07:15:00,"10****84",XAUUSD,108151,2026.09.04 07:00:00,NONE,0.00000,0.00000,0.00,0.00000,0.00000,0.00000,0.00000,0.00000,0.00000,0.00000,0.00000,0.00000,0.00,0.00,0.00,0.00,0.00,0.00,0.00,"","","","","OutsideUTCWindow",TRUE,TRUE,FALSE,FALSE,FALSE,FALSE,FALSE,FALSE,FALSE,FALSE,FALSE,FALSE,FALSE,FALSE,FALSE,FALSE,FALSE,FALSE,FALSE,"Outside UTC session (08:00 - 16:00 UTC, Current: 07:15)","",0,0,0,0.00000,0.00000,0.00000,0.00000,"",0.00,0.00
2026.09.04 07:30:00,2026.09.04 07:30:00,2026.09.04 07:30:00,"10****84",XAUUSD,108151,2026.09.04 07:15:00,NONE,0.00000,0.00000,0.00,0.00000,0.00000,0.00000,0.00000,0.00000,0.00000,0.00000,0.00000,0.00000,0.00,0.00,0.00,0.00,0.00,0.00,0.00,"","","","","OutsideUTCWindow",TRUE,TRUE,FALSE,FALSE,FALSE,FALSE,FALSE,FALSE,FALSE,FALSE,FALSE,FALSE,FALSE,FALSE,FALSE,FALSE,FALSE,FALSE,FALSE,"Outside UTC session (08:00 - 16:00 UTC, Current: 07:30)","",0,0,0,0.00000,0.00000,0.00000,0.00000,"",0.00,0.00
2026.09.04 07:45:00,2026.09.04 07:45:00,2026.09.04 07:45:00,"10****84",XAUUSD,108151,2026.09.04 07:30:00,NONE,0.00000,0.00000,0.00,0.00000,0.00000,0.00000,0.00000,0.00000,0.00000,0.00000,0.00000,0.00000,0.00,0.00,0.00,0.00,0.00,0.00,0.00,"","","","","OutsideUTCWindow",TRUE,TRUE,FALSE,FALSE,FALSE,FALSE,FALSE,FALSE,FALSE,FALSE,FALSE,FALSE,FALSE,FALSE,FALSE,FALSE,FALSE,FALSE,FALSE,"Outside UTC session (08:00 - 16:00 UTC, Current: 07:45)","",0,0,0,0.00000,0.00000,0.00000,0.00000,"",0.00,0.00
2026.09.04 08:00:00,2026.09.04 08:00:00,2026.09.04 08:00:00,"10****84",XAUUSD,108151,2026.09.04 07:45:00,NONE,4434.49736,4462.80264,25.28,4473.78959,6.43714,7.71429,0.00000,4473.70000,0.00000,0.00000,0.00000,0.00000,0.00,0.00,0.00,0.00,0.00,0.00,0.00,"Loss: $0.00 (Max $50.00) | Losses: 0/Max 2","Loss: 7.85% / Max: 20.00%","DD: 11.74% / Max: 20.00% (HWM: $522.02)","BypassedInTester","ActiveSession",TRUE,TRUE,TRUE,TRUE,TRUE,TRUE,TRUE,TRUE,FALSE,FALSE,FALSE,TRUE,FALSE,FALSE,FALSE,FALSE,FALSE,FALSE,FALSE,"No valid H1 trend alignment (EMA50 vs EMA200 or Close vs EMA50)","",0,0,0,0.00000,0.00000,0.00000,0.00000,"",0.00,0.00
2026.09.04 08:15:00,2026.09.04 08:15:00,2026.09.04 08:15:00,"10****84",XAUUSD,108151,2026.09.04 08:00:00,NONE,4434.49736,4462.80264,25.28,4473.37249,6.31571,7.64679,0.00000,4469.41000,0.00000,0.00000,0.00000,0.00000,0.00,0.00,0.00,0.00,0.00,0.00,0.00,"Loss: $0.00 (Max $50.00) | Losses: 0/Max 2","Loss: 7.85% / Max: 20.00%","DD: 11.74% / Max: 20.00% (HWM: $522.02)","BypassedInTester","ActiveSession",TRUE,TRUE,TRUE,TRUE,TRUE,TRUE,TRUE,TRUE,FALSE,FALSE,FALSE,TRUE,FALSE,FALSE,FALSE,FALSE,FALSE,FALSE,FALSE,"No valid H1 trend alignment (EMA50 vs EMA200 or Close vs EMA50)","",0,0,0,0.00000,0.00000,0.00000,0.00000,"",0.00,0.00
2026.09.04 08:30:00,2026.09.04 08:30:00,2026.09.04 08:30:00,"10****84",XAUUSD,108151,2026.09.04 08:15:00,NONE,4434.49736,4462.80264,25.28,4472.82844,5.90786,7.60964,0.00000,4467.66000,0.00000,0.00000,0.00000,0.00000,0.00,0.00,0.00,0.00,0.00,0.00,0.00,"Loss: $0.00 (Max $50.00) | Losses: 0/Max 2","Loss: 7.85% / Max: 20.00%","DD: 11.74% / Max: 20.00% (HWM: $522.02)","BypassedInTester","ActiveSession",TRUE,TRUE,TRUE,TRUE,TRUE,TRUE,TRUE,TRUE,FALSE,FALSE,FALSE,TRUE,FALSE,FALSE,FALSE,FALSE,FALSE,FALSE,FALSE,"No valid H1 trend alignment (EMA50 vs EMA200 or Close vs EMA50)","",0,0,0,0.00000,0.00000,0.00000,0.00000,"",0.00,0.00
2026.09.04 08:45:00,2026.09.04 08:45:00,2026.09.04 08:45:00,"10****84",XAUUSD,108151,2026.09.04 08:30:00,NONE,4434.49736,4462.80264,25.28,4472.65430,6.29000,7.47107,0.00000,4471.00000,0.00000,0.00000,0.00000,0.00000,0.00,0.00,0.00,0.00,0.00,0.00,0.00,"Loss: $0.00 (Max $50.00) | Losses: 0/Max 2","Loss: 7.85% / Max: 20.00%","DD: 11.74% / Max: 20.00% (HWM: $522.02)","BypassedInTester","ActiveSession",TRUE,TRUE,TRUE,TRUE,TRUE,TRUE,TRUE,TRUE,FALSE,FALSE,FALSE,TRUE,FALSE,FALSE,FALSE,FALSE,FALSE,FALSE,FALSE,"No valid H1 trend alignment (EMA50 vs EMA200 or Close vs EMA50)","",0,0,0,0.00000,0.00000,0.00000,0.00000,"",0.00,0.00
2026.09.04 09:00:00,2026.09.04 09:00:00,2026.09.04 09:00:00,"10****84",XAUUSD,108151,2026.09.04 08:45:00,NONE,4435.96648,4462.89376,22.93,4472.58818,6.06500,7.30250,0.00000,4471.96000,0.00000,0.00000,0.00000,0.00000,0.00,0.00,0.00,0.00,0.00,0.00,0.00,"Loss: $0.00 (Max $50.00) | Losses: 0/Max 2","Loss: 7.85% / Max: 20.00%","DD: 11.74% / Max: 20.00% (HWM: $522.02)","BypassedInTester","ActiveSession",TRUE,TRUE,TRUE,TRUE,TRUE,TRUE,TRUE,TRUE,FALSE,FALSE,FALSE,TRUE,FALSE,FALSE,FALSE,FALSE,FALSE,FALSE,FALSE,"No valid H1 trend alignment (EMA50 vs EMA200 or Close vs EMA50)","",0,0,0,0.00000,0.00000,0.00000,0.00000,"",0.00,0.00
2026.09.04 09:15:00,2026.09.04 09:15:00,2026.09.04 09:15:00,"10****84",XAUUSD,108151,2026.09.04 09:00:00,NONE,4435.96648,4462.89376,22.93,4472.23597,6.04286,7.16429,0.00000,4468.89000,0.00000,0.00000,0.00000,0.00000,0.00,0.00,0.00,0.00,0.00,0.00,0.00,"Loss: $0.00 (Max $50.00) | Losses: 0/Max 2","Loss: 7.85% / Max: 20.00%","DD: 11.74% / Max: 20.00% (HWM: $522.02)","BypassedInTester","ActiveSession",TRUE,TRUE,TRUE,TRUE,TRUE,TRUE,TRUE,TRUE,FALSE,FALSE,FALSE,TRUE,FALSE,FALSE,FALSE,FALSE,FALSE,FALSE,FALSE,"No valid H1 trend alignment (EMA50 vs EMA200 or Close vs EMA50)","",0,0,0,0.00000,0.00000,0.00000,0.00000,"",0.00,0.00
2026.09.04 09:30:00,2026.09.04 09:30:00,2026.09.04 09:30:00,"10****84",XAUUSD,108151,2026.09.04 09:15:00,NONE,4435.96648,4462.89376,22.93,4471.90683,5.63500,6.95214,0.00000,4468.78000,0.00000,0.00000,0.00000,0.00000,0.00,0.00,0.00,0.00,0.00,0.00,0.00,"Loss: $0.00 (Max $50.00) | Losses: 0/Max 2","Loss: 7.85% / Max: 20.00%","DD: 11.74% / Max: 20.00% (HWM: $522.02)","BypassedInTester","ActiveSession",TRUE,TRUE,TRUE,TRUE,TRUE,TRUE,TRUE,TRUE,FALSE,FALSE,FALSE,TRUE,FALSE,FALSE,FALSE,FALSE,FALSE,FALSE,FALSE,"No valid H1 trend alignment (EMA50 vs EMA200 or Close vs EMA50)","",0,0,0,0.00000,0.00000,0.00000,0.00000,"",0.00,0.00
2026.09.04 09:45:00,2026.09.04 09:45:00,2026.09.04 09:45:00,"10****84",XAUUSD,108151,2026.09.04 09:30:00,NONE,4435.96648,4462.89376,22.93,4471.17380,5.50929,6.75821,0.00000,4464.21000,0.00000,0.00000,0.00000,0.00000,0.00,0.00,0.00,0.00,0.00,0.00,0.00,"Loss: $0.00 (Max $50.00) | Losses: 0/Max 2","Loss: 7.85% / Max: 20.00%","DD: 11.74% / Max: 20.00% (HWM: $522.02)","BypassedInTester","ActiveSession",TRUE,TRUE,TRUE,TRUE,TRUE,TRUE,TRUE,TRUE,FALSE,FALSE,FALSE,TRUE,FALSE,FALSE,FALSE,FALSE,FALSE,FALSE,FALSE,"No valid H1 trend alignment (EMA50 vs EMA200 or Close vs EMA50)","",0,0,0,0.00000,0.00000,0.00000,0.00000,"",0.00,0.00
2026.09.04 10:00:00,2026.09.04 10:00:00,2026.09.04 10:00:00,"10****84",XAUUSD,108151,2026.09.04 09:45:00,NONE,4437.02662,4462.89482,22.07,4470.39534,5.59143,6.56929,0.00000,4463.00000,0.00000,0.00000,0.00000,0.00000,0.00,0.00,0.00,0.00,0.00,0.00,0.00,"Loss: $0.00 (Max $50.00) | Losses: 0/Max 2","Loss: 7.85% / Max: 20.00%","DD: 11.74% / Max: 20.00% (HWM: $522.02)","BypassedInTester","ActiveSession",TRUE,TRUE,TRUE,TRUE,TRUE,TRUE,TRUE,TRUE,FALSE,FALSE,FALSE,TRUE,FALSE,FALSE,FALSE,FALSE,FALSE,FALSE,FALSE,"No valid H1 trend alignment (EMA50 vs EMA200 or Close vs EMA50)","",0,0,0,0.00000,0.00000,0.00000,0.00000,"",0.00,0.00
2026.09.04 10:15:00,2026.09.04 10:15:00,2026.09.04 10:15:00,"10****84",XAUUSD,108151,2026.09.04 10:00:00,NONE,4437.02662,4462.89482,22.07,4470.14722,5.84071,6.44893,0.00000,4467.79000,0.00000,0.00000,0.00000,0.00000,0.00,0.00,0.00,0.00,0.00,0.00,0.00,"Loss: $0.00 (Max $50.00) | Losses: 0/Max 2","Loss: 7.85% / Max: 20.00%","DD: 11.74% / Max: 20.00% (HWM: $522.02)","BypassedInTester","ActiveSession",TRUE,TRUE,TRUE,TRUE,TRUE,TRUE,TRUE,TRUE,FALSE,FALSE,FALSE,TRUE,FALSE,FALSE,FALSE,FALSE,FALSE,FALSE,FALSE,"No valid H1 trend alignment (EMA50 vs EMA200 or Close vs EMA50)","",0,0,0,0.00000,0.00000,0.00000,0.00000,"",0.00,0.00
2026.09.04 10:30:00,2026.09.04 10:30:00,2026.09.04 10:30:00,"10****84",XAUUSD,108151,2026.09.04 10:15:00,NONE,4437.02662,4462.89482,22.07,4470.38081,6.05429,6.44214,0.00000,4472.60000,0.00000,0.00000,0.00000,0.00000,0.00,0.00,0.00,0.00,0.00,0.00,0.00,"Loss: $0.00 (Max $50.00) | Losses: 0/Max 2","Loss: 7.85% / Max: 20.00%","DD: 11.74% / Max: 20.00% (HWM: $522.02)","BypassedInTester","ActiveSession",TRUE,TRUE,TRUE,TRUE,TRUE,TRUE,TRUE,TRUE,FALSE,FALSE,FALSE,TRUE,FALSE,FALSE,FALSE,FALSE,FALSE,FALSE,FALSE,"No valid H1 trend alignment (EMA50 vs EMA200 or Close vs EMA50)","",0,0,0,0.00000,0.00000,0.00000,0.00000,"",0.00,0.00
2026.09.04 10:45:00,2026.09.04 10:45:00,2026.09.04 10:45:00,"10****84",XAUUSD,108151,2026.09.04 10:30:00,NONE,4437.02662,4462.89482,22.07,4471.83597,6.68357,6.43357,0.00000,4485.66000,0.00000,0.00000,0.00000,0.00000,0.00,0.00,0.00,0.00,0.00,0.00,0.00,"Loss: $0.00 (Max $50.00) | Losses: 0/Max 2","Loss: 7.85% / Max: 20.00%","DD: 11.74% / Max: 20.00% (HWM: $522.02)","BypassedInTester","ActiveSession",TRUE,TRUE,TRUE,TRUE,TRUE,TRUE,TRUE,TRUE,FALSE,FALSE,FALSE,TRUE,FALSE,FALSE,FALSE,FALSE,FALSE,FALSE,FALSE,"No valid H1 trend alignment (EMA50 vs EMA200 or Close vs EMA50)","",0,0,0,0.00000,0.00000,0.00000,0.00000,"",0.00,0.00
2026.09.04 11:00:00,2026.09.04 11:00:00,2026.09.04 11:00:00,"10****84",XAUUSD,108151,2026.09.04 10:45:00,NONE,4438.83930,4463.09736,20.56,4472.92302,7.06857,6.43357,0.00000,4483.25000,0.00000,0.00000,0.00000,0.00000,0.00,0.00,0.00,0.00,0.00,0.00,0.00,"Loss: $0.00 (Max $50.00) | Losses: 0/Max 2","Loss: 7.85% / Max: 20.00%","DD: 11.74% / Max: 20.00% (HWM: $522.02)","BypassedInTester","ActiveSession",TRUE,TRUE,TRUE,TRUE,TRUE,TRUE,TRUE,TRUE,FALSE,FALSE,FALSE,TRUE,FALSE,FALSE,FALSE,FALSE,FALSE,FALSE,FALSE,"No valid H1 trend alignment (EMA50 vs EMA200 or Close vs EMA50)","",0,0,0,0.00000,0.00000,0.00000,0.00000,"",0.00,0.00
2026.09.04 11:15:00,2026.09.04 11:15:00,2026.09.04 11:15:00,"10****84",XAUUSD,108151,2026.09.04 11:00:00,NONE,4438.83930,4463.09736,20.56,4473.78178,7.35429,6.43357,0.00000,4481.94000,0.00000,0.00000,0.00000,0.00000,0.00,0.00,0.00,0.00,0.00,0.00,0.00,"Loss: $0.00 (Max $50.00) | Losses: 0/Max 2","Loss: 7.85% / Max: 20.00%","DD: 11.74% / Max: 20.00% (HWM: $522.02)","BypassedInTester","ActiveSession",TRUE,TRUE,TRUE,TRUE,TRUE,TRUE,TRUE,TRUE,FALSE,FALSE,FALSE,TRUE,FALSE,FALSE,FALSE,FALSE,FALSE,FALSE,FALSE,"No valid H1 trend alignment (EMA50 vs EMA200 or Close vs EMA50)","",0,0,0,0.00000,0.00000,0.00000,0.00000,"",0.00,0.00
2026.09.04 11:30:00,2026.09.04 11:30:00,2026.09.04 11:30:00,"10****84",XAUUSD,108151,2026.09.04 11:15:00,NONE,4438.83930,4463.09736,20.56,4474.47019,7.52286,6.43357,0.00000,4481.01000,0.00000,0.00000,0.00000,0.00000,0.00,0.00,0.00,0.00,0.00,0.00,0.00,"Loss: $0.00 (Max $50.00) | Losses: 0/Max 2","Loss: 7.85% / Max: 20.00%","DD: 11.74% / Max: 20.00% (HWM: $522.02)","BypassedInTester","ActiveSession",TRUE,TRUE,TRUE,TRUE,TRUE,TRUE,TRUE,TRUE,FALSE,FALSE,FALSE,TRUE,FALSE,FALSE,FALSE,FALSE,FALSE,FALSE,FALSE,"No valid H1 trend alignment (EMA50 vs EMA200 or Close vs EMA50)","",0,0,0,0.00000,0.00000,0.00000,0.00000,"",0.00,0.00
2026.09.04 11:45:00,2026.09.04 11:45:00,2026.09.04 11:45:00,"10****84",XAUUSD,108151,2026.09.04 11:30:00,NONE,4438.83930,4463.09736,20.56,4474.75302,7.38143,6.43357,0.00000,4477.44000,0.00000,0.00000,0.00000,0.00000,0.00,0.00,0.00,0.00,0.00,0.00,0.00,"Loss: $0.00 (Max $50.00) | Losses: 0/Max 2","Loss: 7.85% / Max: 20.00%","DD: 11.74% / Max: 20.00% (HWM: $522.02)","BypassedInTester","ActiveSession",TRUE,TRUE,TRUE,TRUE,TRUE,TRUE,TRUE,TRUE,FALSE,FALSE,FALSE,TRUE,FALSE,FALSE,FALSE,FALSE,FALSE,FALSE,FALSE,"No valid H1 trend alignment (EMA50 vs EMA200 or Close vs EMA50)","",0,0,0,0.00000,0.00000,0.00000,0.00000,"",0.00,0.00
2026.09.04 12:00:00,2026.09.04 12:00:00,2026.09.04 12:00:00,"10****84",XAUUSD,108151,2026.09.04 11:45:00,NONE,4440.36246,4463.24246,19.25,4475.03178,7.21357,6.43357,0.00000,4477.68000,0.00000,0.00000,0.00000,0.00000,0.00,0.00,0.00,0.00,0.00,0.00,0.00,"Loss: $0.00 (Max $50.00) | Losses: 0/Max 2","Loss: 7.85% / Max: 20.00%","DD: 11.74% / Max: 20.00% (HWM: $522.02)","BypassedInTester","ActiveSession",TRUE,TRUE,TRUE,TRUE,TRUE,TRUE,TRUE,TRUE,FALSE,FALSE,FALSE,TRUE,FALSE,FALSE,FALSE,FALSE,FALSE,FALSE,FALSE,"No valid H1 trend alignment (EMA50 vs EMA200 or Close vs EMA50)","",0,0,0,0.00000,0.00000,0.00000,0.00000,"",0.00,0.00
2026.09.04 12:15:00,2026.09.04 12:15:00,2026.09.04 12:15:00,"10****84",XAUUSD,108151,2026.09.04 12:00:00,NONE,4440.36246,4463.24246,19.25,4474.54971,7.17143,6.43357,0.00000,4469.97000,0.00000,0.00000,0.00000,0.00000,0.00,0.00,0.00,0.00,0.00,0.00,0.00,"Loss: $0.00 (Max $50.00) | Losses: 0/Max 2","Loss: 7.85% / Max: 20.00%","DD: 11.74% / Max: 20.00% (HWM: $522.02)","BypassedInTester","ActiveSession",TRUE,TRUE,TRUE,TRUE,TRUE,TRUE,TRUE,TRUE,FALSE,FALSE,FALSE,TRUE,FALSE,FALSE,FALSE,FALSE,FALSE,FALSE,FALSE,"No valid H1 trend alignment (EMA50 vs EMA200 or Close vs EMA50)","",0,0,0,0.00000,0.00000,0.00000,0.00000,"",0.00,0.00
2026.09.04 12:30:00,2026.09.04 12:30:00,2026.09.04 12:30:00,"10****84",XAUUSD,108151,2026.09.04 12:15:00,NONE,4440.36246,4463.24246,19.25,4473.79926,7.25857,6.43357,0.00000,4466.67000,0.00000,0.00000,0.00000,0.00000,0.00,0.00,0.00,0.00,0.00,0.00,0.00,"Loss: $0.00 (Max $50.00) | Losses: 0/Max 2","Loss: 7.85% / Max: 20.00%","DD: 11.74% / Max: 20.00% (HWM: $522.02)","BypassedInTester","ActiveSession",TRUE,TRUE,TRUE,TRUE,TRUE,TRUE,TRUE,TRUE,FALSE,FALSE,FALSE,TRUE,FALSE,FALSE,FALSE,FALSE,FALSE,FALSE,FALSE,"No valid H1 trend alignment (EMA50 vs EMA200 or Close vs EMA50)","",0,0,0,0.00000,0.00000,0.00000,0.00000,"",0.00,0.00
2026.09.04 12:45:00,2026.09.04 12:45:00,2026.09.04 12:45:00,"10****84",XAUUSD,108151,2026.09.04 12:30:00,NONE,4440.36246,4463.24246,19.25,4473.17171,7.19500,6.43357,0.00000,4467.21000,0.00000,0.00000,0.00000,0.00000,0.00,0.00,0.00,0.00,0.00,0.00,0.00,"Loss: $0.00 (Max $50.00) | Losses: 0/Max 2","Loss: 7.85% / Max: 20.00%","DD: 11.74% / Max: 20.00% (HWM: $522.02)","BypassedInTester","ActiveSession",TRUE,TRUE,TRUE,TRUE,TRUE,TRUE,TRUE,TRUE,FALSE,FALSE,FALSE,TRUE,FALSE,FALSE,FALSE,FALSE,FALSE,FALSE,FALSE,"No valid H1 trend alignment (EMA50 vs EMA200 or Close vs EMA50)","",0,0,0,0.00000,0.00000,0.00000,0.00000,"",0.00,0.00
2026.09.04 13:00:00,2026.09.04 13:00:00,2026.09.04 13:00:00,"10****84",XAUUSD,108151,2026.09.04 12:45:00,NONE,4441.35021,4463.26542,19.16,4472.44584,7.12143,6.43357,0.00000,4465.55000,0.00000,0.00000,0.00000,0.00000,0.00,0.00,0.00,0.00,0.00,0.00,0.00,"Loss: $0.00 (Max $50.00) | Losses: 0/Max 2","Loss: 7.85% / Max: 20.00%","DD: 11.74% / Max: 20.00% (HWM: $522.02)","BypassedInTester","ActiveSession",TRUE,TRUE,TRUE,TRUE,TRUE,TRUE,TRUE,TRUE,FALSE,FALSE,FALSE,TRUE,FALSE,FALSE,FALSE,FALSE,FALSE,FALSE,FALSE,"No valid H1 trend alignment (EMA50 vs EMA200 or Close vs EMA50)","",0,0,0,0.00000,0.00000,0.00000,0.00000,"",0.00,0.00
2026.09.04 13:15:00,2026.09.04 13:15:00,2026.09.04 13:15:00,"10****84",XAUUSD,108151,2026.09.04 13:00:00,NONE,4441.35021,4463.26542,19.16,4472.47576,7.20500,6.44214,0.00000,4472.76000,0.00000,0.00000,0.00000,0.00000,0.00,0.00,0.00,0.00,0.00,0.00,0.00,"Loss: $0.00 (Max $50.00) | Losses: 0/Max 2","Loss: 7.85% / Max: 20.00%","DD: 11.74% / Max: 20.00% (HWM: $522.02)","BypassedInTester","ActiveSession",TRUE,TRUE,TRUE,TRUE,TRUE,TRUE,TRUE,TRUE,FALSE,FALSE,FALSE,TRUE,FALSE,FALSE,FALSE,FALSE,FALSE,FALSE,FALSE,"No valid H1 trend alignment (EMA50 vs EMA200 or Close vs EMA50)","",0,0,0,0.00000,0.00000,0.00000,0.00000,"",0.00,0.00
2026.09.04 13:30:00,2026.09.04 13:30:00,2026.09.04 13:30:00,"10****84",XAUUSD,108151,2026.09.04 13:15:00,NONE,4441.35021,4463.26542,19.16,4472.34854,7.27929,6.44893,0.00000,4471.14000,0.00000,0.00000,0.00000,0.00000,0.00,0.00,0.00,0.00,0.00,0.00,0.00,"Loss: $0.00 (Max $50.00) | Losses: 0/Max 2","Loss: 7.85% / Max: 20.00%","DD: 11.74% / Max: 20.00% (HWM: $522.02)","BypassedInTester","ActiveSession",TRUE,TRUE,TRUE,TRUE,TRUE,TRUE,TRUE,TRUE,FALSE,FALSE,FALSE,TRUE,FALSE,FALSE,FALSE,FALSE,FALSE,FALSE,FALSE,"No valid H1 trend alignment (EMA50 vs EMA200 or Close vs EMA50)","",0,0,0,0.00000,0.00000,0.00000,0.00000,"",0.00,0.00
2026.09.04 13:45:00,2026.09.04 13:45:00,2026.09.04 13:45:00,"10****84",XAUUSD,108151,2026.09.04 13:30:00,NONE,4441.35021,4463.26542,19.16,4472.45439,6.95643,6.56714,0.00000,4473.46000,0.00000,0.00000,0.00000,0.00000,0.00,0.00,0.00,0.00,0.00,0.00,0.00,"Loss: $0.00 (Max $50.00) | Losses: 0/Max 2","Loss: 7.85% / Max: 20.00%","DD: 11.74% / Max: 20.00% (HWM: $522.02)","BypassedInTester","ActiveSession",TRUE,TRUE,TRUE,TRUE,TRUE,TRUE,TRUE,TRUE,FALSE,FALSE,FALSE,TRUE,FALSE,FALSE,FALSE,FALSE,FALSE,FALSE,FALSE,"No valid H1 trend alignment (EMA50 vs EMA200 or Close vs EMA50)","",0,0,0,0.00000,0.00000,0.00000,0.00000,"",0.00,0.00
2026.09.04 14:00:00,2026.09.04 14:00:00,2026.09.04 14:00:00,"10****84",XAUUSD,108151,2026.09.04 13:45:00,NONE,4442.58393,4463.36039,19.08,4472.48826,6.78786,6.68571,0.00000,4472.81000,0.00000,0.00000,0.00000,0.00000,0.00,0.00,0.00,0.00,0.00,0.00,0.00,"Loss: $0.00 (Max $50.00) | Losses: 0/Max 2","Loss: 7.85% / Max: 20.00%","DD: 11.74% / Max: 20.00% (HWM: $522.02)","BypassedInTester","ActiveSession",TRUE,TRUE,TRUE,TRUE,TRUE,TRUE,TRUE,TRUE,FALSE,FALSE,FALSE,TRUE,FALSE,FALSE,FALSE,FALSE,FALSE,FALSE,FALSE,"No valid H1 trend alignment (EMA50 vs EMA200 or Close vs EMA50)","",0,0,0,0.00000,0.00000,0.00000,0.00000,"",0.00,0.00
2026.09.04 14:15:00,2026.09.04 14:15:00,2026.09.04 14:15:00,"10****84",XAUUSD,108151,2026.09.04 14:00:00,NONE,4442.58393,4463.36039,19.08,4472.26843,6.08929,6.73786,0.00000,4470.18000,0.00000,0.00000,0.00000,0.00000,0.00,0.00,0.00,0.00,0.00,0.00,0.00,"Loss: $0.00 (Max $50.00) | Losses: 0/Max 2","Loss: 7.85% / Max: 20.00%","DD: 11.74% / Max: 20.00% (HWM: $522.02)","BypassedInTester","ActiveSession",TRUE,TRUE,TRUE,TRUE,TRUE,TRUE,TRUE,TRUE,FALSE,FALSE,FALSE,TRUE,FALSE,FALSE,FALSE,FALSE,FALSE,FALSE,FALSE,"No valid H1 trend alignment (EMA50 vs EMA200 or Close vs EMA50)","",0,0,0,0.00000,0.00000,0.00000,0.00000,"",0.00,0.00
2026.09.04 14:30:00,2026.09.04 14:30:00,2026.09.04 14:30:00,"10****84",XAUUSD,108151,2026.09.04 14:15:00,NONE,4442.58393,4463.36039,19.08,4471.63143,5.80500,6.73786,0.00000,4465.58000,0.00000,0.00000,0.00000,0.00000,0.00,0.00,0.00,0.00,0.00,0.00,0.00,"Loss: $0.00 (Max $50.00) | Losses: 0/Max 2","Loss: 7.85% / Max: 20.00%","DD: 11.74% / Max: 20.00% (HWM: $522.02)","BypassedInTester","ActiveSession",TRUE,TRUE,TRUE,TRUE,TRUE,TRUE,TRUE,TRUE,FALSE,FALSE,FALSE,TRUE,FALSE,FALSE,FALSE,FALSE,FALSE,FALSE,FALSE,"No valid H1 trend alignment (EMA50 vs EMA200 or Close vs EMA50)","",0,0,0,0.00000,0.00000,0.00000,0.00000,"",0.00,0.00
2026.09.04 14:45:00,2026.09.04 14:45:00,2026.09.04 14:45:00,"10****84",XAUUSD,108151,2026.09.04 14:30:00,NONE,4442.58393,4463.36039,19.08,4471.30273,5.65571,6.73786,0.00000,4468.18000,0.00000,0.00000,0.00000,0.00000,0.00,0.00,0.00,0.00,0.00,0.00,0.00,"Loss: $0.00 (Max $50.00) | Losses: 0/Max 2","Loss: 7.85% / Max: 20.00%","DD: 11.74% / Max: 20.00% (HWM: $522.02)","BypassedInTester","ActiveSession",TRUE,TRUE,TRUE,TRUE,TRUE,TRUE,TRUE,TRUE,FALSE,FALSE,FALSE,TRUE,FALSE,FALSE,FALSE,FALSE,FALSE,FALSE,FALSE,"No valid H1 trend alignment (EMA50 vs EMA200 or Close vs EMA50)","",0,0,0,0.00000,0.00000,0.00000,0.00000,"",0.00,0.00
2026.09.04 15:00:00,2026.09.04 15:00:00,2026.09.04 15:00:00,"10****84",XAUUSD,108151,2026.09.04 14:45:00,NONE,4443.53828,4463.39581,19.20,4470.88532,5.72214,6.73786,0.00000,4466.92000,0.00000,0.00000,0.00000,0.00000,0.00,0.00,0.00,0.00,0.00,0.00,0.00,"Loss: $0.00 (Max $50.00) | Losses: 0/Max 2","Loss: 7.85% / Max: 20.00%","DD: 11.74% / Max: 20.00% (HWM: $522.02)","BypassedInTester","ActiveSession",TRUE,TRUE,TRUE,TRUE,TRUE,TRUE,TRUE,TRUE,FALSE,FALSE,FALSE,TRUE,FALSE,FALSE,FALSE,FALSE,FALSE,FALSE,FALSE,"No valid H1 trend alignment (EMA50 vs EMA200 or Close vs EMA50)","",0,0,0,0.00000,0.00000,0.00000,0.00000,"",0.00,0.00
2026.09.04 15:15:00,2026.09.04 15:15:00,2026.09.04 15:15:00,"10****84",XAUUSD,108151,2026.09.04 15:00:00,NONE,4443.53828,4463.39581,19.20,4470.30291,5.76786,6.73786,0.00000,4464.77000,0.00000,0.00000,0.00000,0.00000,0.00,0.00,0.00,0.00,0.00,0.00,0.00,"Loss: $0.00 (Max $50.00) | Losses: 0/Max 2","Loss: 7.85% / Max: 20.00%","DD: 11.74% / Max: 20.00% (HWM: $522.02)","BypassedInTester","ActiveSession",TRUE,TRUE,TRUE,TRUE,TRUE,TRUE,TRUE,TRUE,FALSE,FALSE,FALSE,TRUE,FALSE,FALSE,FALSE,FALSE,FALSE,FALSE,FALSE,"No valid H1 trend alignment (EMA50 vs EMA200 or Close vs EMA50)","",0,0,0,0.00000,0.00000,0.00000,0.00000,"",0.00,0.00
2026.09.04 15:30:00,2026.09.04 15:30:00,2026.09.04 15:30:00,"10****84",XAUUSD,108151,2026.09.04 15:15:00,NONE,4443.53828,4463.39581,19.20,4470.37882,6.17143,6.73786,0.00000,4471.10000,0.00000,0.00000,0.00000,0.00000,0.00,0.00,0.00,0.00,0.00,0.00,0.00,"Loss: $0.00 (Max $50.00) | Losses: 0/Max 2","Loss: 7.85% / Max: 20.00%","DD: 11.74% / Max: 20.00% (HWM: $522.02)","BypassedInTester","ActiveSession",TRUE,TRUE,TRUE,TRUE,TRUE,TRUE,TRUE,TRUE,FALSE,FALSE,FALSE,TRUE,FALSE,FALSE,FALSE,FALSE,FALSE,FALSE,FALSE,"No valid H1 trend alignment (EMA50 vs EMA200 or Close vs EMA50)","",0,0,0,0.00000,0.00000,0.00000,0.00000,"",0.00,0.00
2026.09.04 15:45:00,2026.09.04 15:45:00,2026.09.04 15:45:00,"10****84",XAUUSD,108151,2026.09.04 15:30:00,NONE,4443.53828,4463.39581,19.20,4463.09703,12.31643,6.73786,0.00000,4393.92000,0.00000,0.00000,0.00000,0.00000,0.00,0.00,0.00,0.00,0.00,0.00,0.00,"Loss: $0.00 (Max $50.00) | Losses: 0/Max 2","Loss: 7.85% / Max: 20.00%","DD: 11.74% / Max: 20.00% (HWM: $522.02)","BypassedInTester","ActiveSession",TRUE,TRUE,TRUE,TRUE,TRUE,TRUE,TRUE,TRUE,FALSE,FALSE,FALSE,TRUE,FALSE,FALSE,FALSE,FALSE,FALSE,FALSE,FALSE,"No valid H1 trend alignment (EMA50 vs EMA200 or Close vs EMA50)","",0,0,0,0.00000,0.00000,0.00000,0.00000,"",0.00,0.00
2026.09.04 16:00:00,2026.09.04 16:00:00,2026.09.04 16:00:00,"10****84",XAUUSD,108151,2026.09.04 15:45:00,NONE,0.00000,0.00000,0.00,0.00000,0.00000,0.00000,0.00000,0.00000,0.00000,0.00000,0.00000,0.00000,0.00,0.00,0.00,0.00,0.00,0.00,0.00,"","","","","OutsideUTCWindow",TRUE,TRUE,FALSE,FALSE,FALSE,FALSE,FALSE,FALSE,FALSE,FALSE,FALSE,FALSE,FALSE,FALSE,FALSE,FALSE,FALSE,FALSE,FALSE,"Outside UTC session (08:00 - 16:00 UTC, Current: 16:00)","",0,0,0,0.00000,0.00000,0.00000,0.00000,"",0.00,0.00
2026.09.04 16:15:00,2026.09.04 16:15:00,2026.09.04 16:15:00,"10****84",XAUUSD,108151,2026.09.04 16:00:00,NONE,0.00000,0.00000,0.00,0.00000,0.00000,0.00000,0.00000,0.00000,0.00000,0.00000,0.00000,0.00000,0.00,0.00,0.00,0.00,0.00,0.00,0.00,"","","","","OutsideUTCWindow",TRUE,TRUE,FALSE,FALSE,FALSE,FALSE,FALSE,FALSE,FALSE,FALSE,FALSE,FALSE,FALSE,FALSE,FALSE,FALSE,FALSE,FALSE,FALSE,"Outside UTC session (08:00 - 16:00 UTC, Current: 16:15)","",0,0,0,0.00000,0.00000,0.00000,0.00000,"",0.00,0.00
2026.09.04 16:30:00,2026.09.04 16:30:00,2026.09.04 16:30:00,"10****84",XAUUSD,108151,2026.09.04 16:15:00,NONE,0.00000,0.00000,0.00,0.00000,0.00000,0.00000,0.00000,0.00000,0.00000,0.00000,0.00000,0.00000,0.00,0.00,0.00,0.00,0.00,0.00,0.00,"","","","","OutsideUTCWindow",TRUE,TRUE,FALSE,FALSE,FALSE,FALSE,FALSE,FALSE,FALSE,FALSE,FALSE,FALSE,FALSE,FALSE,FALSE,FALSE,FALSE,FALSE,FALSE,"Outside UTC session (08:00 - 16:00 UTC, Current: 16:30)","",0,0,0,0.00000,0.00000,0.00000,0.00000,"",0.00,0.00
2026.09.04 16:45:00,2026.09.04 16:45:00,2026.09.04 16:45:00,"10****84",XAUUSD,108151,2026.09.04 16:30:00,NONE,0.00000,0.00000,0.00,0.00000,0.00000,0.00000,0.00000,0.00000,0.00000,0.00000,0.00000,0.00000,0.00,0.00,0.00,0.00,0.00,0.00,0.00,"","","","","OutsideUTCWindow",TRUE,TRUE,FALSE,FALSE,FALSE,FALSE,FALSE,FALSE,FALSE,FALSE,FALSE,FALSE,FALSE,FALSE,FALSE,FALSE,FALSE,FALSE,FALSE,"Outside UTC session (08:00 - 16:00 UTC, Current: 16:45)","",0,0,0,0.00000,0.00000,0.00000,0.00000,"",0.00,0.00
2026.09.04 17:00:00,2026.09.04 17:00:00,2026.09.04 17:00:00,"10****84",XAUUSD,108151,2026.09.04 16:45:00,NONE,0.00000,0.00000,0.00,0.00000,0.00000,0.00000,0.00000,0.00000,0.00000,0.00000,0.00000,0.00000,0.00,0.00,0.00,0.00,0.00,0.00,0.00,"","","","","OutsideUTCWindow",TRUE,TRUE,FALSE,FALSE,FALSE,FALSE,FALSE,FALSE,FALSE,FALSE,FALSE,FALSE,FALSE,FALSE,FALSE,FALSE,FALSE,FALSE,FALSE,"Outside UTC session (08:00 - 16:00 UTC, Current: 17:00)","",0,0,0,0.00000,0.00000,0.00000,0.00000,"",0.00,0.00
2026.09.04 17:15:00,2026.09.04 17:15:00,2026.09.04 17:15:00,"10****84",XAUUSD,108151,2026.09.04 17:00:00,NONE,0.00000,0.00000,0.00,0.00000,0.00000,0.00000,0.00000,0.00000,0.00000,0.00000,0.00000,0.00000,0.00,0.00,0.00,0.00,0.00,0.00,0.00,"","","","","OutsideUTCWindow",TRUE,TRUE,FALSE,FALSE,FALSE,FALSE,FALSE,FALSE,FALSE,FALSE,FALSE,FALSE,FALSE,FALSE,FALSE,FALSE,FALSE,FALSE,FALSE,"Outside UTC session (08:00 - 16:00 UTC, Current: 17:15)","",0,0,0,0.00000,0.00000,0.00000,0.00000,"",0.00,0.00
2026.09.04 17:30:00,2026.09.04 17:30:00,2026.09.04 17:30:00,"10****84",XAUUSD,108151,2026.09.04 17:15:00,NONE,0.00000,0.00000,0.00,0.00000,0.00000,0.00000,0.00000,0.00000,0.00000,0.00000,0.00000,0.00000,0.00,0.00,0.00,0.00,0.00,0.00,0.00,"","","","","OutsideUTCWindow",TRUE,TRUE,FALSE,FALSE,FALSE,FALSE,FALSE,FALSE,FALSE,FALSE,FALSE,FALSE,FALSE,FALSE,FALSE,FALSE,FALSE,FALSE,FALSE,"Outside UTC session (08:00 - 16:00 UTC, Current: 17:30)","",0,0,0,0.00000,0.00000,0.00000,0.00000,"",0.00,0.00
2026.09.04 17:45:00,2026.09.04 17:45:00,2026.09.04 17:45:00,"10****84",XAUUSD,108151,2026.09.04 17:30:00,NONE,0.00000,0.00000,0.00,0.00000,0.00000,0.00000,0.00000,0.00000,0.00000,0.00000,0.00000,0.00000,0.00,0.00,0.00,0.00,0.00,0.00,0.00,"","","","","OutsideUTCWindow",TRUE,TRUE,FALSE,FALSE,FALSE,FALSE,FALSE,FALSE,FALSE,FALSE,FALSE,FALSE,FALSE,FALSE,FALSE,FALSE,FALSE,FALSE,FALSE,"Outside UTC session (08:00 - 16:00 UTC, Current: 17:45)","",0,0,0,0.00000,0.00000,0.00000,0.00000,"",0.00,0.00
2026.09.04 18:00:00,2026.09.04 18:00:00,2026.09.04 18:00:00,"10****84",XAUUSD,108151,2026.09.04 17:45:00,NONE,0.00000,0.00000,0.00,0.00000,0.00000,0.00000,0.00000,0.00000,0.00000,0.00000,0.00000,0.00000,0.00,0.00,0.00,0.00,0.00,0.00,0.00,"","","","","OutsideUTCWindow",TRUE,TRUE,FALSE,FALSE,FALSE,FALSE,FALSE,FALSE,FALSE,FALSE,FALSE,FALSE,FALSE,FALSE,FALSE,FALSE,FALSE,FALSE,FALSE,"Outside UTC session (08:00 - 16:00 UTC, Current: 18:00)","",0,0,0,0.00000,0.00000,0.00000,0.00000,"",0.00,0.00
2026.09.04 18:15:00,2026.09.04 18:15:00,2026.09.04 18:15:00,"10****84",XAUUSD,108151,2026.09.04 18:00:00,NONE,0.00000,0.00000,0.00,0.00000,0.00000,0.00000,0.00000,0.00000,0.00000,0.00000,0.00000,0.00000,0.00,0.00,0.00,0.00,0.00,0.00,0.00,"","","","","OutsideUTCWindow",TRUE,TRUE,FALSE,FALSE,FALSE,FALSE,FALSE,FALSE,FALSE,FALSE,FALSE,FALSE,FALSE,FALSE,FALSE,FALSE,FALSE,FALSE,FALSE,"Outside UTC session (08:00 - 16:00 UTC, Current: 18:15)","",0,0,0,0.00000,0.00000,0.00000,0.00000,"",0.00,0.00
2026.09.04 18:30:00,2026.09.04 18:30:00,2026.09.04 18:30:00,"10****84",XAUUSD,108151,2026.09.04 18:15:00,NONE,0.00000,0.00000,0.00,0.00000,0.00000,0.00000,0.00000,0.00000,0.00000,0.00000,0.00000,0.00000,0.00,0.00,0.00,0.00,0.00,0.00,0.00,"","","","","OutsideUTCWindow",TRUE,TRUE,FALSE,FALSE,FALSE,FALSE,FALSE,FALSE,FALSE,FALSE,FALSE,FALSE,FALSE,FALSE,FALSE,FALSE,FALSE,FALSE,FALSE,"Outside UTC session (08:00 - 16:00 UTC, Current: 18:30)","",0,0,0,0.00000,0.00000,0.00000,0.00000,"",0.00,0.00
2026.09.04 18:45:00,2026.09.04 18:45:00,2026.09.04 18:45:00,"10****84",XAUUSD,108151,2026.09.04 18:30:00,NONE,0.00000,0.00000,0.00,0.00000,0.00000,0.00000,0.00000,0.00000,0.00000,0.00000,0.00000,0.00000,0.00,0.00,0.00,0.00,0.00,0.00,0.00,"","","","","OutsideUTCWindow",TRUE,TRUE,FALSE,FALSE,FALSE,FALSE,FALSE,FALSE,FALSE,FALSE,FALSE,FALSE,FALSE,FALSE,FALSE,FALSE,FALSE,FALSE,FALSE,"Outside UTC session (08:00 - 16:00 UTC, Current: 18:45)","",0,0,0,0.00000,0.00000,0.00000,0.00000,"",0.00,0.00
2026.09.04 19:00:00,2026.09.04 19:00:00,2026.09.04 19:00:00,"10****84",XAUUSD,108151,2026.09.04 18:45:00,NONE,0.00000,0.00000,0.00,0.00000,0.00000,0.00000,0.00000,0.00000,0.00000,0.00000,0.00000,0.00000,0.00,0.00,0.00,0.00,0.00,0.00,0.00,"","","","","OutsideUTCWindow",TRUE,TRUE,FALSE,FALSE,FALSE,FALSE,FALSE,FALSE,FALSE,FALSE,FALSE,FALSE,FALSE,FALSE,FALSE,FALSE,FALSE,FALSE,FALSE,"Outside UTC session (08:00 - 16:00 UTC, Current: 19:00)","",0,0,0,0.00000,0.00000,0.00000,0.00000,"",0.00,0.00
2026.09.04 19:15:00,2026.09.04 19:15:00,2026.09.04 19:15:00,"10****84",XAUUSD,108151,2026.09.04 19:00:00,NONE,0.00000,0.00000,0.00,0.00000,0.00000,0.00000,0.00000,0.00000,0.00000,0.00000,0.00000,0.00000,0.00,0.00,0.00,0.00,0.00,0.00,0.00,"","","","","OutsideUTCWindow",TRUE,TRUE,FALSE,FALSE,FALSE,FALSE,FALSE,FALSE,FALSE,FALSE,FALSE,FALSE,FALSE,FALSE,FALSE,FALSE,FALSE,FALSE,FALSE,"Outside UTC session (08:00 - 16:00 UTC, Current: 19:15)","",0,0,0,0.00000,0.00000,0.00000,0.00000,"",0.00,0.00
2026.09.04 19:30:00,2026.09.04 19:30:00,2026.09.04 19:30:00,"10****84",XAUUSD,108151,2026.09.04 19:15:00,NONE,0.00000,0.00000,0.00,0.00000,0.00000,0.00000,0.00000,0.00000,0.00000,0.00000,0.00000,0.00000,0.00,0.00,0.00,0.00,0.00,0.00,0.00,"","","","","OutsideUTCWindow",TRUE,TRUE,FALSE,FALSE,FALSE,FALSE,FALSE,FALSE,FALSE,FALSE,FALSE,FALSE,FALSE,FALSE,FALSE,FALSE,FALSE,FALSE,FALSE,"Outside UTC session (08:00 - 16:00 UTC, Current: 19:30)","",0,0,0,0.00000,0.00000,0.00000,0.00000,"",0.00,0.00
2026.09.04 19:45:00,2026.09.04 19:45:00,2026.09.04 19:45:00,"10****84",XAUUSD,108151,2026.09.04 19:30:00,NONE,0.00000,0.00000,0.00,0.00000,0.00000,0.00000,0.00000,0.00000,0.00000,0.00000,0.00000,0.00000,0.00,0.00,0.00,0.00,0.00,0.00,0.00,"","","","","OutsideUTCWindow",TRUE,TRUE,FALSE,FALSE,FALSE,FALSE,FALSE,FALSE,FALSE,FALSE,FALSE,FALSE,FALSE,FALSE,FALSE,FALSE,FALSE,FALSE,FALSE,"Outside UTC session (08:00 - 16:00 UTC, Current: 19:45)","",0,0,0,0.00000,0.00000,0.00000,0.00000,"",0.00,0.00
2026.09.04 20:00:00,2026.09.04 20:00:00,2026.09.04 20:00:00,"10****84",XAUUSD,108151,2026.09.04 19:45:00,NONE,0.00000,0.00000,0.00,0.00000,0.00000,0.00000,0.00000,0.00000,0.00000,0.00000,0.00000,0.00000,0.00,0.00,0.00,0.00,0.00,0.00,0.00,"","","","","OutsideUTCWindow",TRUE,TRUE,FALSE,FALSE,FALSE,FALSE,FALSE,FALSE,FALSE,FALSE,FALSE,FALSE,FALSE,FALSE,FALSE,FALSE,FALSE,FALSE,FALSE,"Outside UTC session (08:00 - 16:00 UTC, Current: 20:00)","",0,0,0,0.00000,0.00000,0.00000,0.00000,"",0.00,0.00
2026.09.04 20:15:00,2026.09.04 20:15:00,2026.09.04 20:15:00,"10****84",XAUUSD,108151,2026.09.04 20:00:00,NONE,0.00000,0.00000,0.00,0.00000,0.00000,0.00000,0.00000,0.00000,0.00000,0.00000,0.00000,0.00000,0.00,0.00,0.00,0.00,0.00,0.00,0.00,"","","","","OutsideUTCWindow",TRUE,TRUE,FALSE,FALSE,FALSE,FALSE,FALSE,FALSE,FALSE,FALSE,FALSE,FALSE,FALSE,FALSE,FALSE,FALSE,FALSE,FALSE,FALSE,"Outside UTC session (08:00 - 16:00 UTC, Current: 20:15)","",0,0,0,0.00000,0.00000,0.00000,0.00000,"",0.00,0.00
2026.09.04 20:30:00,2026.09.04 20:30:00,2026.09.04 20:30:00,"10****84",XAUUSD,108151,2026.09.04 20:15:00,NONE,0.00000,0.00000,0.00,0.00000,0.00000,0.00000,0.00000,0.00000,0.00000,0.00000,0.00000,0.00000,0.00,0.00,0.00,0.00,0.00,0.00,0.00,"","","","","OutsideUTCWindow",TRUE,TRUE,FALSE,FALSE,FALSE,FALSE,FALSE,FALSE,FALSE,FALSE,FALSE,FALSE,FALSE,FALSE,FALSE,FALSE,FALSE,FALSE,FALSE,"Outside UTC session (08:00 - 16:00 UTC, Current: 20:30)","",0,0,0,0.00000,0.00000,0.00000,0.00000,"",0.00,0.00
2026.09.04 20:45:00,2026.09.04 20:45:00,2026.09.04 20:45:00,"10****84",XAUUSD,108151,2026.09.04 20:30:00,NONE,0.00000,0.00000,0.00,0.00000,0.00000,0.00000,0.00000,0.00000,0.00000,0.00000,0.00000,0.00000,0.00,0.00,0.00,0.00,0.00,0.00,0.00,"","","","","OutsideUTCWindow",TRUE,TRUE,FALSE,FALSE,FALSE,FALSE,FALSE,FALSE,FALSE,FALSE,FALSE,FALSE,FALSE,FALSE,FALSE,FALSE,FALSE,FALSE,FALSE,"Outside UTC session (08:00 - 16:00 UTC, Current: 20:45)","",0,0,0,0.00000,0.00000,0.00000,0.00000,"",0.00,0.00
2026.09.04 21:00:00,2026.09.04 21:00:00,2026.09.04 21:00:00,"10****84",XAUUSD,108151,2026.09.04 20:45:00,NONE,0.00000,0.00000,0.00,0.00000,0.00000,0.00000,0.00000,0.00000,0.00000,0.00000,0.00000,0.00000,0.00,0.00,0.00,0.00,0.00,0.00,0.00,"","","","","OutsideUTCWindow",TRUE,TRUE,FALSE,FALSE,FALSE,FALSE,FALSE,FALSE,FALSE,FALSE,FALSE,FALSE,FALSE,FALSE,FALSE,FALSE,FALSE,FALSE,FALSE,"Outside UTC session (08:00 - 16:00 UTC, Current: 21:00)","",0,0,0,0.00000,0.00000,0.00000,0.00000,"",0.00,0.00
2026.09.04 21:15:00,2026.09.04 21:15:00,2026.09.04 21:15:00,"10****84",XAUUSD,108151,2026.09.04 21:00:00,NONE,0.00000,0.00000,0.00,0.00000,0.00000,0.00000,0.00000,0.00000,0.00000,0.00000,0.00000,0.00000,0.00,0.00,0.00,0.00,0.00,0.00,0.00,"","","","","OutsideUTCWindow",TRUE,TRUE,FALSE,FALSE,FALSE,FALSE,FALSE,FALSE,FALSE,FALSE,FALSE,FALSE,FALSE,FALSE,FALSE,FALSE,FALSE,FALSE,FALSE,"Outside UTC session (08:00 - 16:00 UTC, Current: 21:15)","",0,0,0,0.00000,0.00000,0.00000,0.00000,"",0.00,0.00
2026.09.04 21:30:00,2026.09.04 21:30:00,2026.09.04 21:30:00,"10****84",XAUUSD,108151,2026.09.04 21:15:00,NONE,0.00000,0.00000,0.00,0.00000,0.00000,0.00000,0.00000,0.00000,0.00000,0.00000,0.00000,0.00000,0.00,0.00,0.00,0.00,0.00,0.00,0.00,"","","","","OutsideUTCWindow",TRUE,TRUE,FALSE,FALSE,FALSE,FALSE,FALSE,FALSE,FALSE,FALSE,FALSE,FALSE,FALSE,FALSE,FALSE,FALSE,FALSE,FALSE,FALSE,"Outside UTC session (08:00 - 16:00 UTC, Current: 21:30)","",0,0,0,0.00000,0.00000,0.00000,0.00000,"",0.00,0.00
2026.09.04 21:45:00,2026.09.04 21:45:00,2026.09.04 21:45:00,"10****84",XAUUSD,108151,2026.09.04 21:30:00,NONE,0.00000,0.00000,0.00,0.00000,0.00000,0.00000,0.00000,0.00000,0.00000,0.00000,0.00000,0.00000,0.00,0.00,0.00,0.00,0.00,0.00,0.00,"","","","","OutsideUTCWindow",TRUE,TRUE,FALSE,FALSE,FALSE,FALSE,FALSE,FALSE,FALSE,FALSE,FALSE,FALSE,FALSE,FALSE,FALSE,FALSE,FALSE,FALSE,FALSE,"Outside UTC session (08:00 - 16:00 UTC, Current: 21:45)","",0,0,0,0.00000,0.00000,0.00000,0.00000,"",0.00,0.00
2026.09.04 22:00:00,2026.09.04 22:00:00,2026.09.04 22:00:00,"10****84",XAUUSD,108151,2026.09.04 21:45:00,NONE,0.00000,0.00000,0.00,0.00000,0.00000,0.00000,0.00000,0.00000,0.00000,0.00000,0.00000,0.00000,0.00,0.00,0.00,0.00,0.00,0.00,0.00,"","","","","OutsideUTCWindow",TRUE,TRUE,FALSE,FALSE,FALSE,FALSE,FALSE,FALSE,FALSE,FALSE,FALSE,FALSE,FALSE,FALSE,FALSE,FALSE,FALSE,FALSE,FALSE,"Outside UTC session (08:00 - 16:00 UTC, Current: 22:00)","",0,0,0,0.00000,0.00000,0.00000,0.00000,"",0.00,0.00
2026.09.04 22:15:00,2026.09.04 22:15:00,2026.09.04 22:15:00,"10****84",XAUUSD,108151,2026.09.04 22:00:00,NONE,0.00000,0.00000,0.00,0.00000,0.00000,0.00000,0.00000,0.00000,0.00000,0.00000,0.00000,0.00000,0.00,0.00,0.00,0.00,0.00,0.00,0.00,"","","","","OutsideUTCWindow",TRUE,TRUE,FALSE,FALSE,FALSE,FALSE,FALSE,FALSE,FALSE,FALSE,FALSE,FALSE,FALSE,FALSE,FALSE,FALSE,FALSE,FALSE,FALSE,"Outside UTC session (08:00 - 16:00 UTC, Current: 22:15)","",0,0,0,0.00000,0.00000,0.00000,0.00000,"",0.00,0.00
2026.09.04 22:30:00,2026.09.04 22:30:00,2026.09.04 22:30:00,"10****84",XAUUSD,108151,2026.09.04 22:15:00,NONE,0.00000,0.00000,0.00,0.00000,0.00000,0.00000,0.00000,0.00000,0.00000,0.00000,0.00000,0.00000,0.00,0.00,0.00,0.00,0.00,0.00,0.00,"","","","","OutsideUTCWindow",TRUE,TRUE,FALSE,FALSE,FALSE,FALSE,FALSE,FALSE,FALSE,FALSE,FALSE,FALSE,FALSE,FALSE,FALSE,FALSE,FALSE,FALSE,FALSE,"Outside UTC session (08:00 - 16:00 UTC, Current: 22:30)","",0,0,0,0.00000,0.00000,0.00000,0.00000,"",0.00,0.00
2026.09.04 22:45:00,2026.09.04 22:45:00,2026.09.04 22:45:00,"10****84",XAUUSD,108151,2026.09.04 22:30:00,NONE,0.00000,0.00000,0.00,0.00000,0.00000,0.00000,0.00000,0.00000,0.00000,0.00000,0.00000,0.00000,0.00,0.00,0.00,0.00,0.00,0.00,0.00,"","","","","OutsideUTCWindow",TRUE,TRUE,FALSE,FALSE,FALSE,FALSE,FALSE,FALSE,FALSE,FALSE,FALSE,FALSE,FALSE,FALSE,FALSE,FALSE,FALSE,FALSE,FALSE,"Outside UTC session (08:00 - 16:00 UTC, Current: 22:45)","",0,0,0,0.00000,0.00000,0.00000,0.00000,"",0.00,0.00
2026.09.07 01:00:00,2026.09.07 01:00:00,2026.09.07 01:00:00,"10****84",XAUUSD,108151,2026.09.04 22:45:00,NONE,0.00000,0.00000,0.00,0.00000,0.00000,0.00000,0.00000,0.00000,0.00000,0.00000,0.00000,0.00000,0.00,0.00,0.00,0.00,0.00,0.00,0.00,"","","","","OutsideUTCWindow",TRUE,TRUE,FALSE,FALSE,FALSE,FALSE,FALSE,FALSE,FALSE,FALSE,FALSE,FALSE,FALSE,FALSE,FALSE,FALSE,FALSE,FALSE,FALSE,"Outside UTC session (08:00 - 16:00 UTC, Current: 01:00)","",0,0,0,0.00000,0.00000,0.00000,0.00000,"",0.00,0.00
2026.09.07 01:15:00,2026.09.07 01:15:00,2026.09.07 01:15:00,"10****84",XAUUSD,108151,2026.09.07 01:00:00,NONE,0.00000,0.00000,0.00,0.00000,0.00000,0.00000,0.00000,0.00000,0.00000,0.00000,0.00000,0.00000,0.00,0.00,0.00,0.00,0.00,0.00,0.00,"","","","","OutsideUTCWindow",TRUE,TRUE,FALSE,FALSE,FALSE,FALSE,FALSE,FALSE,FALSE,FALSE,FALSE,FALSE,FALSE,FALSE,FALSE,FALSE,FALSE,FALSE,FALSE,"Outside UTC session (08:00 - 16:00 UTC, Current: 01:15)","",0,0,0,0.00000,0.00000,0.00000,0.00000,"",0.00,0.00
2026.09.07 01:30:00,2026.09.07 01:30:00,2026.09.07 01:30:00,"10****84",XAUUSD,108151,2026.09.07 01:15:00,NONE,0.00000,0.00000,0.00,0.00000,0.00000,0.00000,0.00000,0.00000,0.00000,0.00000,0.00000,0.00000,0.00,0.00,0.00,0.00,0.00,0.00,0.00,"","","","","OutsideUTCWindow",TRUE,TRUE,FALSE,FALSE,FALSE,FALSE,FALSE,FALSE,FALSE,FALSE,FALSE,FALSE,FALSE,FALSE,FALSE,FALSE,FALSE,FALSE,FALSE,"Outside UTC session (08:00 - 16:00 UTC, Current: 01:30)","",0,0,0,0.00000,0.00000,0.00000,0.00000,"",0.00,0.00
2026.09.07 01:45:00,2026.09.07 01:45:00,2026.09.07 01:45:00,"10****84",XAUUSD,108151,2026.09.07 01:30:00,NONE,0.00000,0.00000,0.00,0.00000,0.00000,0.00000,0.00000,0.00000,0.00000,0.00000,0.00000,0.00000,0.00,0.00,0.00,0.00,0.00,0.00,0.00,"","","","","OutsideUTCWindow",TRUE,TRUE,FALSE,FALSE,FALSE,FALSE,FALSE,FALSE,FALSE,FALSE,FALSE,FALSE,FALSE,FALSE,FALSE,FALSE,FALSE,FALSE,FALSE,"Outside UTC session (08:00 - 16:00 UTC, Current: 01:45)","",0,0,0,0.00000,0.00000,0.00000,0.00000,"",0.00,0.00
2026.09.07 02:00:00,2026.09.07 02:00:00,2026.09.07 02:00:00,"10****84",XAUUSD,108151,2026.09.07 01:45:00,NONE,0.00000,0.00000,0.00,0.00000,0.00000,0.00000,0.00000,0.00000,0.00000,0.00000,0.00000,0.00000,0.00,0.00,0.00,0.00,0.00,0.00,0.00,"","","","","OutsideUTCWindow",TRUE,TRUE,FALSE,FALSE,FALSE,FALSE,FALSE,FALSE,FALSE,FALSE,FALSE,FALSE,FALSE,FALSE,FALSE,FALSE,FALSE,FALSE,FALSE,"Outside UTC session (08:00 - 16:00 UTC, Current: 02:00)","",0,0,0,0.00000,0.00000,0.00000,0.00000,"",0.00,0.00
2026.09.07 02:15:00,2026.09.07 02:15:00,2026.09.07 02:15:00,"10****84",XAUUSD,108151,2026.09.07 02:00:00,NONE,0.00000,0.00000,0.00,0.00000,0.00000,0.00000,0.00000,0.00000,0.00000,0.00000,0.00000,0.00000,0.00,0.00,0.00,0.00,0.00,0.00,0.00,"","","","","OutsideUTCWindow",TRUE,TRUE,FALSE,FALSE,FALSE,FALSE,FALSE,FALSE,FALSE,FALSE,FALSE,FALSE,FALSE,FALSE,FALSE,FALSE,FALSE,FALSE,FALSE,"Outside UTC session (08:00 - 16:00 UTC, Current: 02:15)","",0,0,0,0.00000,0.00000,0.00000,0.00000,"",0.00,0.00
2026.09.07 02:30:00,2026.09.07 02:30:00,2026.09.07 02:30:00,"10****84",XAUUSD,108151,2026.09.07 02:15:00,NONE,0.00000,0.00000,0.00,0.00000,0.00000,0.00000,0.00000,0.00000,0.00000,0.00000,0.00000,0.00000,0.00,0.00,0.00,0.00,0.00,0.00,0.00,"","","","","OutsideUTCWindow",TRUE,TRUE,FALSE,FALSE,FALSE,FALSE,FALSE,FALSE,FALSE,FALSE,FALSE,FALSE,FALSE,FALSE,FALSE,FALSE,FALSE,FALSE,FALSE,"Outside UTC session (08:00 - 16:00 UTC, Current: 02:30)","",0,0,0,0.00000,0.00000,0.00000,0.00000,"",0.00,0.00
2026.09.07 02:45:00,2026.09.07 02:45:00,2026.09.07 02:45:00,"10****84",XAUUSD,108151,2026.09.07 02:30:00,NONE,0.00000,0.00000,0.00,0.00000,0.00000,0.00000,0.00000,0.00000,0.00000,0.00000,0.00000,0.00000,0.00,0.00,0.00,0.00,0.00,0.00,0.00,"","","","","OutsideUTCWindow",TRUE,TRUE,FALSE,FALSE,FALSE,FALSE,FALSE,FALSE,FALSE,FALSE,FALSE,FALSE,FALSE,FALSE,FALSE,FALSE,FALSE,FALSE,FALSE,"Outside UTC session (08:00 - 16:00 UTC, Current: 02:45)","",0,0,0,0.00000,0.00000,0.00000,0.00000,"",0.00,0.00
2026.09.07 03:00:00,2026.09.07 03:00:00,2026.09.07 03:00:00,"10****84",XAUUSD,108151,2026.09.07 02:45:00,NONE,0.00000,0.00000,0.00,0.00000,0.00000,0.00000,0.00000,0.00000,0.00000,0.00000,0.00000,0.00000,0.00,0.00,0.00,0.00,0.00,0.00,0.00,"","","","","OutsideUTCWindow",TRUE,TRUE,FALSE,FALSE,FALSE,FALSE,FALSE,FALSE,FALSE,FALSE,FALSE,FALSE,FALSE,FALSE,FALSE,FALSE,FALSE,FALSE,FALSE,"Outside UTC session (08:00 - 16:00 UTC, Current: 03:00)","",0,0,0,0.00000,0.00000,0.00000,0.00000,"",0.00,0.00
2026.09.07 03:15:00,2026.09.07 03:15:00,2026.09.07 03:15:00,"10****84",XAUUSD,108151,2026.09.07 03:00:00,NONE,0.00000,0.00000,0.00,0.00000,0.00000,0.00000,0.00000,0.00000,0.00000,0.00000,0.00000,0.00000,0.00,0.00,0.00,0.00,0.00,0.00,0.00,"","","","","OutsideUTCWindow",TRUE,TRUE,FALSE,FALSE,FALSE,FALSE,FALSE,FALSE,FALSE,FALSE,FALSE,FALSE,FALSE,FALSE,FALSE,FALSE,FALSE,FALSE,FALSE,"Outside UTC session (08:00 - 16:00 UTC, Current: 03:15)","",0,0,0,0.00000,0.00000,0.00000,0.00000,"",0.00,0.00
2026.09.07 03:30:00,2026.09.07 03:30:00,2026.09.07 03:30:00,"10****84",XAUUSD,108151,2026.09.07 03:15:00,NONE,0.00000,0.00000,0.00,0.00000,0.00000,0.00000,0.00000,0.00000,0.00000,0.00000,0.00000,0.00000,0.00,0.00,0.00,0.00,0.00,0.00,0.00,"","","","","OutsideUTCWindow",TRUE,TRUE,FALSE,FALSE,FALSE,FALSE,FALSE,FALSE,FALSE,FALSE,FALSE,FALSE,FALSE,FALSE,FALSE,FALSE,FALSE,FALSE,FALSE,"Outside UTC session (08:00 - 16:00 UTC, Current: 03:30)","",0,0,0,0.00000,0.00000,0.00000,0.00000,"",0.00,0.00
2026.09.07 03:45:00,2026.09.07 03:45:00,2026.09.07 03:45:00,"10****84",XAUUSD,108151,2026.09.07 03:30:00,NONE,0.00000,0.00000,0.00,0.00000,0.00000,0.00000,0.00000,0.00000,0.00000,0.00000,0.00000,0.00000,0.00,0.00,0.00,0.00,0.00,0.00,0.00,"","","","","OutsideUTCWindow",TRUE,TRUE,FALSE,FALSE,FALSE,FALSE,FALSE,FALSE,FALSE,FALSE,FALSE,FALSE,FALSE,FALSE,FALSE,FALSE,FALSE,FALSE,FALSE,"Outside UTC session (08:00 - 16:00 UTC, Current: 03:45)","",0,0,0,0.00000,0.00000,0.00000,0.00000,"",0.00,0.00
2026.09.07 04:00:00,2026.09.07 04:00:00,2026.09.07 04:00:00,"10****84",XAUUSD,108151,2026.09.07 03:45:00,NONE,0.00000,0.00000,0.00,0.00000,0.00000,0.00000,0.00000,0.00000,0.00000,0.00000,0.00000,0.00000,0.00,0.00,0.00,0.00,0.00,0.00,0.00,"","","","","OutsideUTCWindow",TRUE,TRUE,FALSE,FALSE,FALSE,FALSE,FALSE,FALSE,FALSE,FALSE,FALSE,FALSE,FALSE,FALSE,FALSE,FALSE,FALSE,FALSE,FALSE,"Outside UTC session (08:00 - 16:00 UTC, Current: 04:00)","",0,0,0,0.00000,0.00000,0.00000,0.00000,"",0.00,0.00
2026.09.07 04:15:00,2026.09.07 04:15:00,2026.09.07 04:15:00,"10****84",XAUUSD,108151,2026.09.07 04:00:00,NONE,0.00000,0.00000,0.00,0.00000,0.00000,0.00000,0.00000,0.00000,0.00000,0.00000,0.00000,0.00000,0.00,0.00,0.00,0.00,0.00,0.00,0.00,"","","","","OutsideUTCWindow",TRUE,TRUE,FALSE,FALSE,FALSE,FALSE,FALSE,FALSE,FALSE,FALSE,FALSE,FALSE,FALSE,FALSE,FALSE,FALSE,FALSE,FALSE,FALSE,"Outside UTC session (08:00 - 16:00 UTC, Current: 04:15)","",0,0,0,0.00000,0.00000,0.00000,0.00000,"",0.00,0.00
2026.09.07 04:30:00,2026.09.07 04:30:00,2026.09.07 04:30:00,"10****84",XAUUSD,108151,2026.09.07 04:15:00,NONE,0.00000,0.00000,0.00,0.00000,0.00000,0.00000,0.00000,0.00000,0.00000,0.00000,0.00000,0.00000,0.00,0.00,0.00,0.00,0.00,0.00,0.00,"","","","","OutsideUTCWindow",TRUE,TRUE,FALSE,FALSE,FALSE,FALSE,FALSE,FALSE,FALSE,FALSE,FALSE,FALSE,FALSE,FALSE,FALSE,FALSE,FALSE,FALSE,FALSE,"Outside UTC session (08:00 - 16:00 UTC, Current: 04:30)","",0,0,0,0.00000,0.00000,0.00000,0.00000,"",0.00,0.00
2026.09.07 04:45:00,2026.09.07 04:45:00,2026.09.07 04:45:00,"10****84",XAUUSD,108151,2026.09.07 04:30:00,NONE,0.00000,0.00000,0.00,0.00000,0.00000,0.00000,0.00000,0.00000,0.00000,0.00000,0.00000,0.00000,0.00,0.00,0.00,0.00,0.00,0.00,0.00,"","","","","OutsideUTCWindow",TRUE,TRUE,FALSE,FALSE,FALSE,FALSE,FALSE,FALSE,FALSE,FALSE,FALSE,FALSE,FALSE,FALSE,FALSE,FALSE,FALSE,FALSE,FALSE,"Outside UTC session (08:00 - 16:00 UTC, Current: 04:45)","",0,0,0,0.00000,0.00000,0.00000,0.00000,"",0.00,0.00
2026.09.07 05:00:00,2026.09.07 05:00:00,2026.09.07 05:00:00,"10****84",XAUUSD,108151,2026.09.07 04:45:00,NONE,0.00000,0.00000,0.00,0.00000,0.00000,0.00000,0.00000,0.00000,0.00000,0.00000,0.00000,0.00000,0.00,0.00,0.00,0.00,0.00,0.00,0.00,"","","","","OutsideUTCWindow",TRUE,TRUE,FALSE,FALSE,FALSE,FALSE,FALSE,FALSE,FALSE,FALSE,FALSE,FALSE,FALSE,FALSE,FALSE,FALSE,FALSE,FALSE,FALSE,"Outside UTC session (08:00 - 16:00 UTC, Current: 05:00)","",0,0,0,0.00000,0.00000,0.00000,0.00000,"",0.00,0.00
2026.09.07 05:15:00,2026.09.07 05:15:00,2026.09.07 05:15:00,"10****84",XAUUSD,108151,2026.09.07 05:00:00,NONE,0.00000,0.00000,0.00,0.00000,0.00000,0.00000,0.00000,0.00000,0.00000,0.00000,0.00000,0.00000,0.00,0.00,0.00,0.00,0.00,0.00,0.00,"","","","","OutsideUTCWindow",TRUE,TRUE,FALSE,FALSE,FALSE,FALSE,FALSE,FALSE,FALSE,FALSE,FALSE,FALSE,FALSE,FALSE,FALSE,FALSE,FALSE,FALSE,FALSE,"Outside UTC session (08:00 - 16:00 UTC, Current: 05:15)","",0,0,0,0.00000,0.00000,0.00000,0.00000,"",0.00,0.00
2026.09.07 05:30:00,2026.09.07 05:30:00,2026.09.07 05:30:00,"10****84",XAUUSD,108151,2026.09.07 05:15:00,NONE,0.00000,0.00000,0.00,0.00000,0.00000,0.00000,0.00000,0.00000,0.00000,0.00000,0.00000,0.00000,0.00,0.00,0.00,0.00,0.00,0.00,0.00,"","","","","OutsideUTCWindow",TRUE,TRUE,FALSE,FALSE,FALSE,FALSE,FALSE,FALSE,FALSE,FALSE,FALSE,FALSE,FALSE,FALSE,FALSE,FALSE,FALSE,FALSE,FALSE,"Outside UTC session (08:00 - 16:00 UTC, Current: 05:30)","",0,0,0,0.00000,0.00000,0.00000,0.00000,"",0.00,0.00
2026.09.07 05:45:00,2026.09.07 05:45:00,2026.09.07 05:45:00,"10****84",XAUUSD,108151,2026.09.07 05:30:00,NONE,0.00000,0.00000,0.00,0.00000,0.00000,0.00000,0.00000,0.00000,0.00000,0.00000,0.00000,0.00000,0.00,0.00,0.00,0.00,0.00,0.00,0.00,"","","","","OutsideUTCWindow",TRUE,TRUE,FALSE,FALSE,FALSE,FALSE,FALSE,FALSE,FALSE,FALSE,FALSE,FALSE,FALSE,FALSE,FALSE,FALSE,FALSE,FALSE,FALSE,"Outside UTC session (08:00 - 16:00 UTC, Current: 05:45)","",0,0,0,0.00000,0.00000,0.00000,0.00000,"",0.00,0.00
2026.09.07 06:00:00,2026.09.07 06:00:00,2026.09.07 06:00:00,"10****84",XAUUSD,108151,2026.09.07 05:45:00,NONE,0.00000,0.00000,0.00,0.00000,0.00000,0.00000,0.00000,0.00000,0.00000,0.00000,0.00000,0.00000,0.00,0.00,0.00,0.00,0.00,0.00,0.00,"","","","","OutsideUTCWindow",TRUE,TRUE,FALSE,FALSE,FALSE,FALSE,FALSE,FALSE,FALSE,FALSE,FALSE,FALSE,FALSE,FALSE,FALSE,FALSE,FALSE,FALSE,FALSE,"Outside UTC session (08:00 - 16:00 UTC, Current: 06:00)","",0,0,0,0.00000,0.00000,0.00000,0.00000,"",0.00,0.00
2026.09.07 06:15:00,2026.09.07 06:15:00,2026.09.07 06:15:00,"10****84",XAUUSD,108151,2026.09.07 06:00:00,NONE,0.00000,0.00000,0.00,0.00000,0.00000,0.00000,0.00000,0.00000,0.00000,0.00000,0.00000,0.00000,0.00,0.00,0.00,0.00,0.00,0.00,0.00,"","","","","OutsideUTCWindow",TRUE,TRUE,FALSE,FALSE,FALSE,FALSE,FALSE,FALSE,FALSE,FALSE,FALSE,FALSE,FALSE,FALSE,FALSE,FALSE,FALSE,FALSE,FALSE,"Outside UTC session (08:00 - 16:00 UTC, Current: 06:15)","",0,0,0,0.00000,0.00000,0.00000,0.00000,"",0.00,0.00
2026.09.07 06:30:00,2026.09.07 06:30:00,2026.09.07 06:30:00,"10****84",XAUUSD,108151,2026.09.07 06:15:00,NONE,0.00000,0.00000,0.00,0.00000,0.00000,0.00000,0.00000,0.00000,0.00000,0.00000,0.00000,0.00000,0.00,0.00,0.00,0.00,0.00,0.00,0.00,"","","","","OutsideUTCWindow",TRUE,TRUE,FALSE,FALSE,FALSE,FALSE,FALSE,FALSE,FALSE,FALSE,FALSE,FALSE,FALSE,FALSE,FALSE,FALSE,FALSE,FALSE,FALSE,"Outside UTC session (08:00 - 16:00 UTC, Current: 06:30)","",0,0,0,0.00000,0.00000,0.00000,0.00000,"",0.00,0.00
2026.09.07 06:45:00,2026.09.07 06:45:00,2026.09.07 06:45:00,"10****84",XAUUSD,108151,2026.09.07 06:30:00,NONE,0.00000,0.00000,0.00,0.00000,0.00000,0.00000,0.00000,0.00000,0.00000,0.00000,0.00000,0.00000,0.00,0.00,0.00,0.00,0.00,0.00,0.00,"","","","","OutsideUTCWindow",TRUE,TRUE,FALSE,FALSE,FALSE,FALSE,FALSE,FALSE,FALSE,FALSE,FALSE,FALSE,FALSE,FALSE,FALSE,FALSE,FALSE,FALSE,FALSE,"Outside UTC session (08:00 - 16:00 UTC, Current: 06:45)","",0,0,0,0.00000,0.00000,0.00000,0.00000,"",0.00,0.00
2026.09.07 07:00:00,2026.09.07 07:00:00,2026.09.07 07:00:00,"10****84",XAUUSD,108151,2026.09.07 06:45:00,NONE,0.00000,0.00000,0.00,0.00000,0.00000,0.00000,0.00000,0.00000,0.00000,0.00000,0.00000,0.00000,0.00,0.00,0.00,0.00,0.00,0.00,0.00,"","","","","OutsideUTCWindow",TRUE,TRUE,FALSE,FALSE,FALSE,FALSE,FALSE,FALSE,FALSE,FALSE,FALSE,FALSE,FALSE,FALSE,FALSE,FALSE,FALSE,FALSE,FALSE,"Outside UTC session (08:00 - 16:00 UTC, Current: 07:00)","",0,0,0,0.00000,0.00000,0.00000,0.00000,"",0.00,0.00
2026.09.07 07:15:00,2026.09.07 07:15:00,2026.09.07 07:15:00,"10****84",XAUUSD,108151,2026.09.07 07:00:00,NONE,0.00000,0.00000,0.00,0.00000,0.00000,0.00000,0.00000,0.00000,0.00000,0.00000,0.00000,0.00000,0.00,0.00,0.00,0.00,0.00,0.00,0.00,"","","","","OutsideUTCWindow",TRUE,TRUE,FALSE,FALSE,FALSE,FALSE,FALSE,FALSE,FALSE,FALSE,FALSE,FALSE,FALSE,FALSE,FALSE,FALSE,FALSE,FALSE,FALSE,"Outside UTC session (08:00 - 16:00 UTC, Current: 07:15)","",0,0,0,0.00000,0.00000,0.00000,0.00000,"",0.00,0.00
2026.09.07 07:30:00,2026.09.07 07:30:00,2026.09.07 07:30:00,"10****84",XAUUSD,108151,2026.09.07 07:15:00,NONE,0.00000,0.00000,0.00,0.00000,0.00000,0.00000,0.00000,0.00000,0.00000,0.00000,0.00000,0.00000,0.00,0.00,0.00,0.00,0.00,0.00,0.00,"","","","","OutsideUTCWindow",TRUE,TRUE,FALSE,FALSE,FALSE,FALSE,FALSE,FALSE,FALSE,FALSE,FALSE,FALSE,FALSE,FALSE,FALSE,FALSE,FALSE,FALSE,FALSE,"Outside UTC session (08:00 - 16:00 UTC, Current: 07:30)","",0,0,0,0.00000,0.00000,0.00000,0.00000,"",0.00,0.00
2026.09.07 07:45:00,2026.09.07 07:45:00,2026.09.07 07:45:00,"10****84",XAUUSD,108151,2026.09.07 07:30:00,NONE,0.00000,0.00000,0.00,0.00000,0.00000,0.00000,0.00000,0.00000,0.00000,0.00000,0.00000,0.00000,0.00,0.00,0.00,0.00,0.00,0.00,0.00,"","","","","OutsideUTCWindow",TRUE,TRUE,FALSE,FALSE,FALSE,FALSE,FALSE,FALSE,FALSE,FALSE,FALSE,FALSE,FALSE,FALSE,FALSE,FALSE,FALSE,FALSE,FALSE,"Outside UTC session (08:00 - 16:00 UTC, Current: 07:45)","",0,0,0,0.00000,0.00000,0.00000,0.00000,"",0.00,0.00
2026.09.07 08:00:00,2026.09.07 08:00:00,2026.09.07 08:00:00,"10****84",XAUUSD,108151,2026.09.07 07:45:00,SELL,4431.51231,4457.01206,37.68,4408.53308,7.21071,9.30857,0.00000,4397.86000,0.00000,0.00000,0.00000,0.00000,0.00,0.00,0.00,0.00,0.00,0.00,0.00,"Loss: $0.00 (Max $50.00) | Losses: 0/Max 2","Loss: 0.00% / Max: 20.00%","DD: 11.74% / Max: 20.00% (HWM: $522.02)","BypassedInTester","ActiveSession",TRUE,TRUE,TRUE,TRUE,TRUE,TRUE,TRUE,TRUE,TRUE,FALSE,FALSE,TRUE,FALSE,FALSE,FALSE,FALSE,FALSE,FALSE,FALSE,"No M15 candle in shifts 2-4 touched above EMA20","",0,0,0,0.00000,0.00000,0.00000,0.00000,"",0.00,0.00
2026.09.07 08:15:00,2026.09.07 08:15:00,2026.09.07 08:15:00,"10****84",XAUUSD,108151,2026.09.07 08:00:00,SELL,4431.51231,4457.01206,37.68,4407.94993,6.94571,9.25893,0.00000,4402.41000,0.00000,0.00000,0.00000,0.00000,0.00,0.00,0.00,0.00,0.00,0.00,0.00,"Loss: $0.00 (Max $50.00) | Losses: 0/Max 2","Loss: 0.00% / Max: 20.00%","DD: 11.74% / Max: 20.00% (HWM: $522.02)","BypassedInTester","ActiveSession",TRUE,TRUE,TRUE,TRUE,TRUE,TRUE,TRUE,TRUE,TRUE,FALSE,FALSE,TRUE,FALSE,FALSE,FALSE,FALSE,FALSE,FALSE,FALSE,"No M15 candle in shifts 2-4 touched above EMA20","",0,0,0,0.00000,0.00000,0.00000,0.00000,"",0.00,0.00
2026.09.07 08:30:00,2026.09.07 08:30:00,2026.09.07 08:30:00,"10****84",XAUUSD,108151,2026.09.07 08:15:00,SELL,4431.51231,4457.01206,37.68,4408.23565,7.07214,9.11000,0.00000,4410.95000,0.00000,0.00000,0.00000,0.00000,0.00,0.00,0.00,0.00,0.00,0.00,0.00,"Loss: $0.00 (Max $50.00) | Losses: 0/Max 2","Loss: 0.00% / Max: 20.00%","DD: 11.74% / Max: 20.00% (HWM: $522.02)","BypassedInTester","ActiveSession",TRUE,TRUE,TRUE,TRUE,TRUE,TRUE,TRUE,TRUE,TRUE,FALSE,FALSE,TRUE,FALSE,FALSE,FALSE,FALSE,FALSE,FALSE,FALSE,"No M15 candle in shifts 2-4 touched above EMA20","",0,0,0,0.00000,0.00000,0.00000,0.00000,"",0.00,0.00
2026.09.07 08:45:00,2026.09.07 08:45:00,2026.09.07 08:45:00,"10****84",XAUUSD,108151,2026.09.07 08:30:00,SELL,4431.51231,4457.01206,37.68,4407.85226,7.35286,8.92000,0.00000,4404.21000,0.00000,0.00000,0.00000,0.00000,0.00,0.00,0.00,0.00,0.00,0.00,0.00,"Loss: $0.00 (Max $50.00) | Losses: 0/Max 2","Loss: 0.00% / Max: 20.00%","DD: 11.74% / Max: 20.00% (HWM: $522.02)","BypassedInTester","ActiveSession",TRUE,TRUE,TRUE,TRUE,TRUE,TRUE,TRUE,TRUE,TRUE,TRUE,FALSE,TRUE,FALSE,FALSE,FALSE,FALSE,FALSE,FALSE,FALSE,"Close[1] (4404.21000) did not close below Low[2] (4401.81000)","",0,0,0,0.00000,0.00000,0.00000,0.00000,"",0.00,0.00
2026.09.07 09:00:00,2026.09.07 09:00:00,2026.09.07 09:00:00,"10****84",XAUUSD,108151,2026.09.07 08:45:00,SELL,4430.03811,4456.38427,38.11,4406.52537,7.89000,8.74679,0.00000,4393.92000,4393.97000,4413.87000,0.00000,19.90000,0.00,0.00,0.00,0.00,0.00,0.00,0.00,"Loss: $0.00 (Max $50.00) | Losses: 0/Max 2","Loss: 0.00% / Max: 20.00%","DD: 11.74% / Max: 20.00% (HWM: $522.02)","BypassedInTester","ActiveSession",TRUE,TRUE,TRUE,TRUE,TRUE,TRUE,TRUE,TRUE,TRUE,TRUE,TRUE,TRUE,FALSE,TRUE,FALSE,FALSE,FALSE,FALSE,FALSE,"Stop distance exceeds 2.5 * ATR (19.90000 > 19.72500)","",0,0,0,0.00000,0.00000,0.00000,0.00000,"",0.00,0.00
2026.09.07 09:15:00,2026.09.07 09:15:00,2026.09.07 09:15:00,"10****84",XAUUSD,108151,2026.09.07 09:00:00,SELL,4430.03811,4456.38427,38.11,4405.14010,7.73643,8.60250,0.00000,4391.98000,4392.04000,4413.86000,0.00000,21.82000,0.00,0.00,0.00,0.00,0.00,0.00,0.00,"Loss: $0.00 (Max $50.00) | Losses: 0/Max 2","Loss: 0.00% / Max: 20.00%","DD: 11.74% / Max: 20.00% (HWM: $522.02)","BypassedInTester","ActiveSession",TRUE,TRUE,TRUE,TRUE,TRUE,TRUE,TRUE,TRUE,TRUE,TRUE,TRUE,TRUE,FALSE,TRUE,FALSE,FALSE,FALSE,FALSE,FALSE,"Stop distance exceeds 2.5 * ATR (21.82000 > 19.34107)","",0,0,0,0.00000,0.00000,0.00000,0.00000,"",0.00,0.00
2026.09.07 09:30:00,2026.09.07 09:30:00,2026.09.07 09:30:00,"10****84",XAUUSD,108151,2026.09.07 09:15:00,SELL,4430.03811,4456.38427,38.11,4404.11342,7.48500,8.52321,0.00000,4394.36000,0.00000,0.00000,0.00000,0.00000,0.00,0.00,0.00,0.00,0.00,0.00,0.00,"Loss: $0.00 (Max $50.00) | Losses: 0/Max 2","Loss: 0.00% / Max: 20.00%","DD: 11.74% / Max: 20.00% (HWM: $522.02)","BypassedInTester","ActiveSession",TRUE,TRUE,TRUE,TRUE,TRUE,TRUE,TRUE,TRUE,TRUE,TRUE,FALSE,TRUE,FALSE,FALSE,FALSE,FALSE,FALSE,FALSE,FALSE,"Close[1] (4394.36000) did not close below Low[2] (4385.07000)","",0,0,0,0.00000,0.00000,0.00000,0.00000,"",0.00,0.00
2026.09.07 09:45:00,2026.09.07 09:45:00,2026.09.07 09:45:00,"10****84",XAUUSD,108151,2026.09.07 09:30:00,SELL,4430.03811,4456.38427,38.11,4403.35786,7.56214,8.31500,0.00000,4396.18000,0.00000,0.00000,0.00000,0.00000,0.00,0.00,0.00,0.00,0.00,0.00,0.00,"Loss: $0.00 (Max $50.00) | Losses: 0/Max 2","Loss: 0.00% / Max: 20.00%","DD: 11.74% / Max: 20.00% (HWM: $522.02)","BypassedInTester","ActiveSession",TRUE,TRUE,TRUE,TRUE,TRUE,TRUE,TRUE,TRUE,TRUE,FALSE,FALSE,TRUE,FALSE,FALSE,FALSE,FALSE,FALSE,FALSE,FALSE,"No M15 candle in shifts 2-4 touched above EMA20","",0,0,0,0.00000,0.00000,0.00000,0.00000,"",0.00,0.00
2026.09.07 10:00:00,2026.09.07 10:00:00,2026.09.07 10:00:00,"10****84",XAUUSD,108151,2026.09.07 09:45:00,SELL,4428.57269,4455.75030,39.97,4402.33997,7.72857,8.05786,0.00000,4392.67000,0.00000,0.00000,0.00000,0.00000,0.00,0.00,0.00,0.00,0.00,0.00,0.00,"Loss: $0.00 (Max $50.00) | Losses: 0/Max 2","Loss: 0.00% / Max: 20.00%","DD: 11.74% / Max: 20.00% (HWM: $522.02)","BypassedInTester","ActiveSession",TRUE,TRUE,TRUE,TRUE,TRUE,TRUE,TRUE,TRUE,TRUE,FALSE,FALSE,TRUE,FALSE,FALSE,FALSE,FALSE,FALSE,FALSE,FALSE,"No M15 candle in shifts 2-4 touched above EMA20","",0,0,0,0.00000,0.00000,0.00000,0.00000,"",0.00,0.00
2026.09.07 10:15:00,2026.09.07 10:15:00,2026.09.07 10:15:00,"10****84",XAUUSD,108151,2026.09.07 10:00:00,SELL,4428.57269,4455.75030,39.97,4402.25426,7.92286,7.97893,0.00000,4401.44000,0.00000,0.00000,0.00000,0.00000,0.00,0.00,0.00,0.00,0.00,0.00,0.00,"Loss: $0.00 (Max $50.00) | Losses: 0/Max 2","Loss: 0.00% / Max: 20.00%","DD: 11.74% / Max: 20.00% (HWM: $522.02)","BypassedInTester","ActiveSession",TRUE,TRUE,TRUE,TRUE,TRUE,TRUE,TRUE,TRUE,TRUE,FALSE,FALSE,TRUE,FALSE,FALSE,FALSE,FALSE,FALSE,FALSE,FALSE,"No M15 candle in shifts 2-4 touched above EMA20","",0,0,0,0.00000,0.00000,0.00000,0.00000,"",0.00,0.00
2026.09.07 10:30:00,2026.09.07 10:30:00,2026.09.07 10:30:00,"10****84",XAUUSD,108151,2026.09.07 10:15:00,SELL,4428.57269,4455.75030,39.97,4401.57004,8.20643,7.95607,0.00000,4395.07000,0.00000,0.00000,0.00000,0.00000,0.00,0.00,0.00,0.00,0.00,0.00,0.00,"Loss: $0.00 (Max $50.00) | Losses: 0/Max 2","Loss: 0.00% / Max: 20.00%","DD: 11.74% / Max: 20.00% (HWM: $522.02)","BypassedInTester","ActiveSession",TRUE,TRUE,TRUE,TRUE,TRUE,TRUE,TRUE,TRUE,TRUE,FALSE,FALSE,TRUE,FALSE,FALSE,FALSE,FALSE,FALSE,FALSE,FALSE,"No M15 candle in shifts 2-4 touched above EMA20","",0,0,0,0.00000,0.00000,0.00000,0.00000,"",0.00,0.00
2026.09.07 10:45:00,2026.09.07 10:45:00,2026.09.07 10:45:00,"10****84",XAUUSD,108151,2026.09.07 10:30:00,SELL,4428.57269,4455.75030,39.97,4401.02909,8.26929,7.95607,0.00000,4395.89000,0.00000,0.00000,0.00000,0.00000,0.00,0.00,0.00,0.00,0.00,0.00,0.00,"Loss: $0.00 (Max $50.00) | Losses: 0/Max 2","Loss: 0.00% / Max: 20.00%","DD: 11.74% / Max: 20.00% (HWM: $522.02)","BypassedInTester","ActiveSession",TRUE,TRUE,TRUE,TRUE,TRUE,TRUE,TRUE,TRUE,TRUE,TRUE,FALSE,TRUE,FALSE,FALSE,FALSE,FALSE,FALSE,FALSE,FALSE,"Close[1] (4395.89000) did not close below Low[2] (4394.50000)","",0,0,0,0.00000,0.00000,0.00000,0.00000,"",0.00,0.00
2026.09.07 11:00:00,2026.09.07 11:00:00,2026.09.07 11:00:00,"10****84",XAUUSD,108151,2026.09.07 10:45:00,SELL,4427.69807,4455.25796,38.45,4401.52822,8.63571,7.95607,0.00000,4406.27000,0.00000,0.00000,0.00000,0.00000,0.00,0.00,0.00,0.00,0.00,0.00,0.00,"Loss: $0.00 (Max $50.00) | Losses: 0/Max 2","Loss: 0.00% / Max: 20.00%","DD: 11.74% / Max: 20.00% (HWM: $522.02)","BypassedInTester","ActiveSession",TRUE,TRUE,TRUE,TRUE,TRUE,TRUE,TRUE,TRUE,TRUE,TRUE,FALSE,TRUE,FALSE,FALSE,FALSE,FALSE,FALSE,FALSE,FALSE,"Close[1] (4406.27000) did not close below Low[2] (4392.24000)","",0,0,0,0.00000,0.00000,0.00000,0.00000,"",0.00,0.00
2026.09.07 11:15:00,2026.09.07 11:15:00,2026.09.07 11:15:00,"10****84",XAUUSD,108151,2026.09.07 11:00:00,SELL,4427.69807,4455.25796,38.45,4403.00649,8.94000,7.95607,0.00000,4417.05000,0.00000,0.00000,0.00000,0.00000,0.00,0.00,0.00,0.00,0.00,0.00,0.00,"Loss: $0.00 (Max $50.00) | Losses: 0/Max 2","Loss: 0.00% / Max: 20.00%","DD: 11.74% / Max: 20.00% (HWM: $522.02)","BypassedInTester","ActiveSession",TRUE,TRUE,TRUE,TRUE,TRUE,TRUE,TRUE,TRUE,TRUE,TRUE,FALSE,TRUE,FALSE,FALSE,FALSE,FALSE,FALSE,FALSE,FALSE,"Close[1] (4417.05000) did not close below Low[2] (4394.90000)","",0,0,0,0.00000,0.00000,0.00000,0.00000,"",0.00,0.00
2026.09.07 11:30:00,2026.09.07 11:30:00,2026.09.07 11:30:00,"10****84",XAUUSD,108151,2026.09.07 11:15:00,SELL,4427.69807,4455.25796,38.45,4404.60111,9.21000,7.95607,0.00000,4419.75000,0.00000,0.00000,0.00000,0.00000,0.00,0.00,0.00,0.00,0.00,0.00,0.00,"Loss: $0.00 (Max $50.00) | Losses: 0/Max 2","Loss: 0.00% / Max: 20.00%","DD: 11.74% / Max: 20.00% (HWM: $522.02)","BypassedInTester","ActiveSession",TRUE,TRUE,TRUE,TRUE,TRUE,TRUE,TRUE,TRUE,TRUE,TRUE,FALSE,TRUE,FALSE,FALSE,FALSE,FALSE,FALSE,FALSE,FALSE,"Close[1] (4419.75000) did not close below Low[2] (4405.12000)","",0,0,0,0.00000,0.00000,0.00000,0.00000,"",0.00,0.00
2026.09.07 11:45:00,2026.09.07 11:45:00,2026.09.07 11:45:00,"10****84",XAUUSD,108151,2026.09.07 11:30:00,SELL,4427.69807,4455.25796,38.45,4405.55624,9.48214,7.95607,0.00000,4414.63000,0.00000,0.00000,0.00000,0.00000,0.00,0.00,0.00,0.00,0.00,0.00,0.00,"Loss: $0.00 (Max $50.00) | Losses: 0/Max 2","Loss: 0.00% / Max: 20.00%","DD: 11.74% / Max: 20.00% (HWM: $522.02)","BypassedInTester","ActiveSession",TRUE,TRUE,TRUE,TRUE,TRUE,TRUE,TRUE,TRUE,TRUE,TRUE,FALSE,TRUE,FALSE,FALSE,FALSE,FALSE,FALSE,FALSE,FALSE,"Close[1] (4414.63000) did not close below EMA20[1] (4405.55624)","",0,0,0,0.00000,0.00000,0.00000,0.00000,"",0.00,0.00
2026.09.07 12:00:00,2026.09.07 12:00:00,2026.09.07 12:00:00,"10****84",XAUUSD,108151,2026.09.07 11:45:00,SELL,4427.03893,4454.81649,34.08,4406.06422,9.18143,7.95607,0.00000,4410.89000,0.00000,0.00000,0.00000,0.00000,0.00,0.00,0.00,0.00,0.00,0.00,0.00,"Loss: $0.00 (Max $50.00) | Losses: 0/Max 2","Loss: 0.00% / Max: 20.00%","DD: 11.74% / Max: 20.00% (HWM: $522.02)","BypassedInTester","ActiveSession",TRUE,TRUE,TRUE,TRUE,TRUE,TRUE,TRUE,TRUE,TRUE,TRUE,FALSE,TRUE,FALSE,FALSE,FALSE,FALSE,FALSE,FALSE,FALSE,"Close[1] (4410.89000) did not close below EMA20[1] (4406.06422)","",0,0,0,0.00000,0.00000,0.00000,0.00000,"",0.00,0.00
2026.09.07 12:15:00,2026.09.07 12:15:00,2026.09.07 12:15:00,"10****84",XAUUSD,108151,2026.09.07 12:00:00,SELL,4427.03893,4454.81649,34.08,4406.54000,8.55714,7.95607,0.00000,4411.06000,0.00000,0.00000,0.00000,0.00000,0.00,0.00,0.00,0.00,0.00,0.00,0.00,"Loss: $0.00 (Max $50.00) | Losses: 0/Max 2","Loss: 0.00% / Max: 20.00%","DD: 11.74% / Max: 20.00% (HWM: $522.02)","BypassedInTester","ActiveSession",TRUE,TRUE,TRUE,TRUE,TRUE,TRUE,TRUE,TRUE,TRUE,TRUE,FALSE,TRUE,FALSE,FALSE,FALSE,FALSE,FALSE,FALSE,FALSE,"Close[1] (4411.06000) did not close below Low[2] (4409.58000)","",0,0,0,0.00000,0.00000,0.00000,0.00000,"",0.00,0.00
2026.09.07 12:30:00,2026.09.07 12:30:00,2026.09.07 12:30:00,"10****84",XAUUSD,108151,2026.09.07 12:15:00,SELL,4427.03893,4454.81649,34.08,4406.44000,8.05714,7.95607,0.08000,4405.49000,4405.64000,4424.62000,4329.72000,18.98000,0.25,50.00,0.03,0.02,0.01,0.01,88.11,"Loss: $0.00 (Max $50.00) | Losses: 0/Max 2","Loss: 0.00% / Max: 20.00%","DD: 11.74% / Max: 20.00% (HWM: $522.02)","BypassedInTester","ActiveSession",TRUE,TRUE,TRUE,TRUE,TRUE,TRUE,TRUE,TRUE,TRUE,TRUE,TRUE,TRUE,TRUE,TRUE,TRUE,TRUE,TRUE,TRUE,TRUE,"","Executed successfully. Deal: 4, Price: 4405.64000, Vol: 0.02",10009,4,4,4405.64000,0.08000,0.00000,0.00000,"",0.00,0.00
2026.09.07 12:45:00,2026.09.07 12:45:00,2026.09.07 12:45:00,"10****84",XAUUSD,108151,2026.09.07 12:30:00,NONE,0.00000,0.00000,0.00,0.00000,0.00000,0.00000,0.00000,0.00000,0.00000,0.00000,0.00000,0.00000,0.00,0.00,0.00,0.00,0.00,0.00,0.00,"","","","","ActiveSession",TRUE,TRUE,TRUE,FALSE,FALSE,FALSE,FALSE,FALSE,FALSE,FALSE,FALSE,FALSE,FALSE,FALSE,FALSE,FALSE,FALSE,FALSE,FALSE,"EA already has an active open position","",0,0,0,0.00000,0.00000,0.00000,0.00000,"",0.00,0.00
2026.09.07 13:00:00,2026.09.07 13:00:00,2026.09.07 13:00:00,"10****84",XAUUSD,108151,2026.09.07 12:45:00,NONE,0.00000,0.00000,0.00,0.00000,0.00000,0.00000,0.00000,0.00000,0.00000,0.00000,0.00000,0.00000,0.00,0.00,0.00,0.00,0.00,0.00,0.00,"","","","","ActiveSession",TRUE,TRUE,TRUE,FALSE,FALSE,FALSE,FALSE,FALSE,FALSE,FALSE,FALSE,FALSE,FALSE,FALSE,FALSE,FALSE,FALSE,FALSE,FALSE,"EA already has an active open position","",0,0,0,0.00000,0.00000,0.00000,0.00000,"",0.00,0.00
2026.09.07 13:15:00,2026.09.07 13:15:00,2026.09.07 13:15:00,"10****84",XAUUSD,108151,2026.09.07 13:00:00,NONE,0.00000,0.00000,0.00,0.00000,0.00000,0.00000,0.00000,0.00000,0.00000,0.00000,0.00000,0.00000,0.00,0.00,0.00,0.00,0.00,0.00,0.00,"","","","","ActiveSession",TRUE,TRUE,TRUE,FALSE,FALSE,FALSE,FALSE,FALSE,FALSE,FALSE,FALSE,FALSE,FALSE,FALSE,FALSE,FALSE,FALSE,FALSE,FALSE,"EA already has an active open position","",0,0,0,0.00000,0.00000,0.00000,0.00000,"",0.00,0.00
2026.09.07 13:30:00,2026.09.07 13:30:00,2026.09.07 13:30:00,"10****84",XAUUSD,108151,2026.09.07 13:15:00,NONE,0.00000,0.00000,0.00,0.00000,0.00000,0.00000,0.00000,0.00000,0.00000,0.00000,0.00000,0.00000,0.00,0.00,0.00,0.00,0.00,0.00,0.00,"","","","","ActiveSession",TRUE,TRUE,TRUE,FALSE,FALSE,FALSE,FALSE,FALSE,FALSE,FALSE,FALSE,FALSE,FALSE,FALSE,FALSE,FALSE,FALSE,FALSE,FALSE,"EA already has an active open position","",0,0,0,0.00000,0.00000,0.00000,0.00000,"",0.00,0.00
2026.09.07 13:45:00,2026.09.07 13:45:00,2026.09.07 13:45:00,"10****84",XAUUSD,108151,2026.09.07 13:30:00,NONE,0.00000,0.00000,0.00,0.00000,0.00000,0.00000,0.00000,0.00000,0.00000,0.00000,0.00000,0.00000,0.00,0.00,0.00,0.00,0.00,0.00,0.00,"","","","","ActiveSession",TRUE,TRUE,TRUE,FALSE,FALSE,FALSE,FALSE,FALSE,FALSE,FALSE,FALSE,FALSE,FALSE,FALSE,FALSE,FALSE,FALSE,FALSE,FALSE,"EA already has an active open position","",0,0,0,0.00000,0.00000,0.00000,0.00000,"",0.00,0.00
2026.09.07 14:00:00,2026.09.07 14:00:00,2026.09.07 14:00:00,"10****84",XAUUSD,108151,2026.09.07 13:45:00,NONE,0.00000,0.00000,0.00,0.00000,0.00000,0.00000,0.00000,0.00000,0.00000,0.00000,0.00000,0.00000,0.00,0.00,0.00,0.00,0.00,0.00,0.00,"","","","","ActiveSession",TRUE,TRUE,TRUE,FALSE,FALSE,FALSE,FALSE,FALSE,FALSE,FALSE,FALSE,FALSE,FALSE,FALSE,FALSE,FALSE,FALSE,FALSE,FALSE,"EA already has an active open position","",0,0,0,0.00000,0.00000,0.00000,0.00000,"",0.00,0.00
2026.09.07 14:15:00,2026.09.07 14:15:00,2026.09.07 14:15:00,"10****84",XAUUSD,108151,2026.09.07 14:00:00,NONE,0.00000,0.00000,0.00,0.00000,0.00000,0.00000,0.00000,0.00000,0.00000,0.00000,0.00000,0.00000,0.00,0.00,0.00,0.00,0.00,0.00,0.00,"","","","","ActiveSession",TRUE,TRUE,TRUE,FALSE,FALSE,FALSE,FALSE,FALSE,FALSE,FALSE,FALSE,FALSE,FALSE,FALSE,FALSE,FALSE,FALSE,FALSE,FALSE,"EA already has an active open position","",0,0,0,0.00000,0.00000,0.00000,0.00000,"",0.00,0.00
2026.09.07 14:30:00,2026.09.07 14:30:00,2026.09.07 14:30:00,"10****84",XAUUSD,108151,2026.09.07 14:15:00,NONE,0.00000,0.00000,0.00,0.00000,0.00000,0.00000,0.00000,0.00000,0.00000,0.00000,0.00000,0.00000,0.00,0.00,0.00,0.00,0.00,0.00,0.00,"","","","","ActiveSession",TRUE,TRUE,TRUE,FALSE,FALSE,FALSE,FALSE,FALSE,FALSE,FALSE,FALSE,FALSE,FALSE,FALSE,FALSE,FALSE,FALSE,FALSE,FALSE,"EA already has an active open position","",0,0,0,0.00000,0.00000,0.00000,0.00000,"",0.00,0.00
2026.09.07 14:45:00,2026.09.07 14:45:00,2026.09.07 14:45:00,"10****84",XAUUSD,108151,2026.09.07 14:30:00,NONE,0.00000,0.00000,0.00,0.00000,0.00000,0.00000,0.00000,0.00000,0.00000,0.00000,0.00000,0.00000,0.00,0.00,0.00,0.00,0.00,0.00,0.00,"","","","","ActiveSession",TRUE,TRUE,TRUE,FALSE,FALSE,FALSE,FALSE,FALSE,FALSE,FALSE,FALSE,FALSE,FALSE,FALSE,FALSE,FALSE,FALSE,FALSE,FALSE,"EA already has an active open position","",0,0,0,0.00000,0.00000,0.00000,0.00000,"",0.00,0.00
2026.09.07 15:00:00,2026.09.07 15:00:00,2026.09.07 15:00:00,"10****84",XAUUSD,108151,2026.09.07 14:45:00,NONE,0.00000,0.00000,0.00,0.00000,0.00000,0.00000,0.00000,0.00000,0.00000,0.00000,0.00000,0.00000,0.00,0.00,0.00,0.00,0.00,0.00,0.00,"","","","","ActiveSession",TRUE,TRUE,TRUE,TRUE,FALSE,FALSE,FALSE,FALSE,FALSE,FALSE,FALSE,FALSE,FALSE,FALSE,FALSE,FALSE,FALSE,FALSE,FALSE,"Cooldown active: last trade closed at 2026.09.07 14:48, need 1 completed bar","",0,0,0,0.00000,0.00000,0.00000,0.00000,"",0.00,0.00
2026.09.07 15:15:00,2026.09.07 15:15:00,2026.09.07 15:15:00,"10****84",XAUUSD,108151,2026.09.07 15:00:00,NONE,0.00000,0.00000,0.00,0.00000,0.00000,0.00000,0.00000,0.00000,0.00000,0.00000,0.00000,0.00000,0.00,0.00,0.00,0.00,0.00,0.00,0.00,"","","","","ActiveSession",TRUE,TRUE,TRUE,TRUE,FALSE,FALSE,FALSE,FALSE,FALSE,FALSE,FALSE,FALSE,FALSE,FALSE,FALSE,FALSE,FALSE,FALSE,FALSE,"Cooldown active: last trade closed at 2026.09.07 14:48, need 1 completed bar","",0,0,0,0.00000,0.00000,0.00000,0.00000,"",0.00,0.00
2026.09.07 15:30:00,2026.09.07 15:30:00,2026.09.07 15:30:00,"10****84",XAUUSD,108151,2026.09.07 15:15:00,SELL,4423.28252,4453.01991,29.48,4397.47651,6.72429,7.90643,0.00000,4395.29000,0.00000,0.00000,0.00000,0.00000,0.00,0.00,0.00,0.00,0.00,0.00,0.00,"Loss: $0.00 (Max $50.00) | Losses: 0/Max 2","Loss: 0.00% / Max: 20.00%","DD: 6.50% / Max: 20.00% (HWM: $522.02)","BypassedInTester","ActiveSession",TRUE,TRUE,TRUE,TRUE,TRUE,TRUE,TRUE,TRUE,TRUE,FALSE,FALSE,TRUE,FALSE,FALSE,FALSE,FALSE,FALSE,FALSE,FALSE,"No M15 candle in shifts 2-4 touched above EMA20","",0,0,0,0.00000,0.00000,0.00000,0.00000,"",0.00,0.00
2026.09.07 15:45:00,2026.09.07 15:45:00,2026.09.07 15:45:00,"10****84",XAUUSD,108151,2026.09.07 15:30:00,SELL,4423.28252,4453.01991,29.48,4397.42731,6.86500,7.90643,0.00000,4396.96000,0.00000,0.00000,0.00000,0.00000,0.00,0.00,0.00,0.00,0.00,0.00,0.00,"Loss: $0.00 (Max $50.00) | Losses: 0/Max 2","Loss: 0.00% / Max: 20.00%","DD: 6.50% / Max: 20.00% (HWM: $522.02)","BypassedInTester","ActiveSession",TRUE,TRUE,TRUE,TRUE,TRUE,TRUE,TRUE,TRUE,TRUE,FALSE,FALSE,TRUE,FALSE,FALSE,FALSE,FALSE,FALSE,FALSE,FALSE,"No M15 candle in shifts 2-4 touched above EMA20","",0,0,0,0.00000,0.00000,0.00000,0.00000,"",0.00,0.00
2026.09.07 16:00:00,2026.09.07 16:00:00,2026.09.07 16:00:00,"10****84",XAUUSD,108151,2026.09.07 15:45:00,NONE,0.00000,0.00000,0.00,0.00000,0.00000,0.00000,0.00000,0.00000,0.00000,0.00000,0.00000,0.00000,0.00,0.00,0.00,0.00,0.00,0.00,0.00,"","","","","OutsideUTCWindow",TRUE,TRUE,FALSE,FALSE,FALSE,FALSE,FALSE,FALSE,FALSE,FALSE,FALSE,FALSE,FALSE,FALSE,FALSE,FALSE,FALSE,FALSE,FALSE,"Outside UTC session (08:00 - 16:00 UTC, Current: 16:00)","",0,0,0,0.00000,0.00000,0.00000,0.00000,"",0.00,0.00
2026.09.07 16:15:00,2026.09.07 16:15:00,2026.09.07 16:15:00,"10****84",XAUUSD,108151,2026.09.07 16:00:00,NONE,0.00000,0.00000,0.00,0.00000,0.00000,0.00000,0.00000,0.00000,0.00000,0.00000,0.00000,0.00000,0.00,0.00,0.00,0.00,0.00,0.00,0.00,"","","","","OutsideUTCWindow",TRUE,TRUE,FALSE,FALSE,FALSE,FALSE,FALSE,FALSE,FALSE,FALSE,FALSE,FALSE,FALSE,FALSE,FALSE,FALSE,FALSE,FALSE,FALSE,"Outside UTC session (08:00 - 16:00 UTC, Current: 16:15)","",0,0,0,0.00000,0.00000,0.00000,0.00000,"",0.00,0.00
2026.09.07 16:30:00,2026.09.07 16:30:00,2026.09.07 16:30:00,"10****84",XAUUSD,108151,2026.09.07 16:15:00,NONE,0.00000,0.00000,0.00,0.00000,0.00000,0.00000,0.00000,0.00000,0.00000,0.00000,0.00000,0.00000,0.00,0.00,0.00,0.00,0.00,0.00,0.00,"","","","","OutsideUTCWindow",TRUE,TRUE,FALSE,FALSE,FALSE,FALSE,FALSE,FALSE,FALSE,FALSE,FALSE,FALSE,FALSE,FALSE,FALSE,FALSE,FALSE,FALSE,FALSE,"Outside UTC session (08:00 - 16:00 UTC, Current: 16:30)","",0,0,0,0.00000,0.00000,0.00000,0.00000,"",0.00,0.00
2026.09.07 16:45:00,2026.09.07 16:45:00,2026.09.07 16:45:00,"10****84",XAUUSD,108151,2026.09.07 16:30:00,NONE,0.00000,0.00000,0.00,0.00000,0.00000,0.00000,0.00000,0.00000,0.00000,0.00000,0.00000,0.00000,0.00,0.00,0.00,0.00,0.00,0.00,0.00,"","","","","OutsideUTCWindow",TRUE,TRUE,FALSE,FALSE,FALSE,FALSE,FALSE,FALSE,FALSE,FALSE,FALSE,FALSE,FALSE,FALSE,FALSE,FALSE,FALSE,FALSE,FALSE,"Outside UTC session (08:00 - 16:00 UTC, Current: 16:45)","",0,0,0,0.00000,0.00000,0.00000,0.00000,"",0.00,0.00
2026.09.07 17:00:00,2026.09.07 17:00:00,2026.09.07 17:00:00,"10****84",XAUUSD,108151,2026.09.07 16:45:00,NONE,0.00000,0.00000,0.00,0.00000,0.00000,0.00000,0.00000,0.00000,0.00000,0.00000,0.00000,0.00000,0.00,0.00,0.00,0.00,0.00,0.00,0.00,"","","","","OutsideUTCWindow",TRUE,TRUE,FALSE,FALSE,FALSE,FALSE,FALSE,FALSE,FALSE,FALSE,FALSE,FALSE,FALSE,FALSE,FALSE,FALSE,FALSE,FALSE,FALSE,"Outside UTC session (08:00 - 16:00 UTC, Current: 17:00)","",0,0,0,0.00000,0.00000,0.00000,0.00000,"",0.00,0.00
2026.09.07 17:15:00,2026.09.07 17:15:00,2026.09.07 17:15:00,"10****84",XAUUSD,108151,2026.09.07 17:00:00,NONE,0.00000,0.00000,0.00,0.00000,0.00000,0.00000,0.00000,0.00000,0.00000,0.00000,0.00000,0.00000,0.00,0.00,0.00,0.00,0.00,0.00,0.00,"","","","","OutsideUTCWindow",TRUE,TRUE,FALSE,FALSE,FALSE,FALSE,FALSE,FALSE,FALSE,FALSE,FALSE,FALSE,FALSE,FALSE,FALSE,FALSE,FALSE,FALSE,FALSE,"Outside UTC session (08:00 - 16:00 UTC, Current: 17:15)","",0,0,0,0.00000,0.00000,0.00000,0.00000,"",0.00,0.00
2026.09.07 17:30:00,2026.09.07 17:30:00,2026.09.07 17:30:00,"10****84",XAUUSD,108151,2026.09.07 17:15:00,NONE,0.00000,0.00000,0.00,0.00000,0.00000,0.00000,0.00000,0.00000,0.00000,0.00000,0.00000,0.00000,0.00,0.00,0.00,0.00,0.00,0.00,0.00,"","","","","OutsideUTCWindow",TRUE,TRUE,FALSE,FALSE,FALSE,FALSE,FALSE,FALSE,FALSE,FALSE,FALSE,FALSE,FALSE,FALSE,FALSE,FALSE,FALSE,FALSE,FALSE,"Outside UTC session (08:00 - 16:00 UTC, Current: 17:30)","",0,0,0,0.00000,0.00000,0.00000,0.00000,"",0.00,0.00
2026.09.07 17:45:00,2026.09.07 17:45:00,2026.09.07 17:45:00,"10****84",XAUUSD,108151,2026.09.07 17:30:00,NONE,0.00000,0.00000,0.00,0.00000,0.00000,0.00000,0.00000,0.00000,0.00000,0.00000,0.00000,0.00000,0.00,0.00,0.00,0.00,0.00,0.00,0.00,"","","","","OutsideUTCWindow",TRUE,TRUE,FALSE,FALSE,FALSE,FALSE,FALSE,FALSE,FALSE,FALSE,FALSE,FALSE,FALSE,FALSE,FALSE,FALSE,FALSE,FALSE,FALSE,"Outside UTC session (08:00 - 16:00 UTC, Current: 17:45)","",0,0,0,0.00000,0.00000,0.00000,0.00000,"",0.00,0.00
2026.09.07 18:00:00,2026.09.07 18:00:00,2026.09.07 18:00:00,"10****84",XAUUSD,108151,2026.09.07 17:45:00,NONE,0.00000,0.00000,0.00,0.00000,0.00000,0.00000,0.00000,0.00000,0.00000,0.00000,0.00000,0.00000,0.00,0.00,0.00,0.00,0.00,0.00,0.00,"","","","","OutsideUTCWindow",TRUE,TRUE,FALSE,FALSE,FALSE,FALSE,FALSE,FALSE,FALSE,FALSE,FALSE,FALSE,FALSE,FALSE,FALSE,FALSE,FALSE,FALSE,FALSE,"Outside UTC session (08:00 - 16:00 UTC, Current: 18:00)","",0,0,0,0.00000,0.00000,0.00000,0.00000,"",0.00,0.00
2026.09.07 18:15:00,2026.09.07 18:15:00,2026.09.07 18:15:00,"10****84",XAUUSD,108151,2026.09.07 18:00:00,NONE,0.00000,0.00000,0.00,0.00000,0.00000,0.00000,0.00000,0.00000,0.00000,0.00000,0.00000,0.00000,0.00,0.00,0.00,0.00,0.00,0.00,0.00,"","","","","OutsideUTCWindow",TRUE,TRUE,FALSE,FALSE,FALSE,FALSE,FALSE,FALSE,FALSE,FALSE,FALSE,FALSE,FALSE,FALSE,FALSE,FALSE,FALSE,FALSE,FALSE,"Outside UTC session (08:00 - 16:00 UTC, Current: 18:15)","",0,0,0,0.00000,0.00000,0.00000,0.00000,"",0.00,0.00
2026.09.07 18:30:00,2026.09.07 18:30:00,2026.09.07 18:30:00,"10****84",XAUUSD,108151,2026.09.07 18:15:00,NONE,0.00000,0.00000,0.00,0.00000,0.00000,0.00000,0.00000,0.00000,0.00000,0.00000,0.00000,0.00000,0.00,0.00,0.00,0.00,0.00,0.00,0.00,"","","","","OutsideUTCWindow",TRUE,TRUE,FALSE,FALSE,FALSE,FALSE,FALSE,FALSE,FALSE,FALSE,FALSE,FALSE,FALSE,FALSE,FALSE,FALSE,FALSE,FALSE,FALSE,"Outside UTC session (08:00 - 16:00 UTC, Current: 18:30)","",0,0,0,0.00000,0.00000,0.00000,0.00000,"",0.00,0.00
2026.09.07 18:45:00,2026.09.07 18:45:00,2026.09.07 18:45:00,"10****84",XAUUSD,108151,2026.09.07 18:30:00,NONE,0.00000,0.00000,0.00,0.00000,0.00000,0.00000,0.00000,0.00000,0.00000,0.00000,0.00000,0.00000,0.00,0.00,0.00,0.00,0.00,0.00,0.00,"","","","","OutsideUTCWindow",TRUE,TRUE,FALSE,FALSE,FALSE,FALSE,FALSE,FALSE,FALSE,FALSE,FALSE,FALSE,FALSE,FALSE,FALSE,FALSE,FALSE,FALSE,FALSE,"Outside UTC session (08:00 - 16:00 UTC, Current: 18:45)","",0,0,0,0.00000,0.00000,0.00000,0.00000,"",0.00,0.00
2026.09.07 19:00:00,2026.09.07 19:00:00,2026.09.07 19:00:00,"10****84",XAUUSD,108151,2026.09.07 18:45:00,NONE,0.00000,0.00000,0.00,0.00000,0.00000,0.00000,0.00000,0.00000,0.00000,0.00000,0.00000,0.00000,0.00,0.00,0.00,0.00,0.00,0.00,0.00,"","","","","OutsideUTCWindow",TRUE,TRUE,FALSE,FALSE,FALSE,FALSE,FALSE,FALSE,FALSE,FALSE,FALSE,FALSE,FALSE,FALSE,FALSE,FALSE,FALSE,FALSE,FALSE,"Outside UTC session (08:00 - 16:00 UTC, Current: 19:00)","",0,0,0,0.00000,0.00000,0.00000,0.00000,"",0.00,0.00
2026.09.07 19:15:00,2026.09.07 19:15:00,2026.09.07 19:15:00,"10****84",XAUUSD,108151,2026.09.07 19:00:00,NONE,0.00000,0.00000,0.00,0.00000,0.00000,0.00000,0.00000,0.00000,0.00000,0.00000,0.00000,0.00000,0.00,0.00,0.00,0.00,0.00,0.00,0.00,"","","","","OutsideUTCWindow",TRUE,TRUE,FALSE,FALSE,FALSE,FALSE,FALSE,FALSE,FALSE,FALSE,FALSE,FALSE,FALSE,FALSE,FALSE,FALSE,FALSE,FALSE,FALSE,"Outside UTC session (08:00 - 16:00 UTC, Current: 19:15)","",0,0,0,0.00000,0.00000,0.00000,0.00000,"",0.00,0.00
2026.09.07 19:30:00,2026.09.07 19:30:00,2026.09.07 19:30:00,"10****84",XAUUSD,108151,2026.09.07 19:15:00,NONE,0.00000,0.00000,0.00,0.00000,0.00000,0.00000,0.00000,0.00000,0.00000,0.00000,0.00000,0.00000,0.00,0.00,0.00,0.00,0.00,0.00,0.00,"","","","","OutsideUTCWindow",TRUE,TRUE,FALSE,FALSE,FALSE,FALSE,FALSE,FALSE,FALSE,FALSE,FALSE,FALSE,FALSE,FALSE,FALSE,FALSE,FALSE,FALSE,FALSE,"Outside UTC session (08:00 - 16:00 UTC, Current: 19:30)","",0,0,0,0.00000,0.00000,0.00000,0.00000,"",0.00,0.00
2026.09.07 19:45:00,2026.09.07 19:45:00,2026.09.07 19:45:00,"10****84",XAUUSD,108151,2026.09.07 19:30:00,NONE,0.00000,0.00000,0.00,0.00000,0.00000,0.00000,0.00000,0.00000,0.00000,0.00000,0.00000,0.00000,0.00,0.00,0.00,0.00,0.00,0.00,0.00,"","","","","OutsideUTCWindow",TRUE,TRUE,FALSE,FALSE,FALSE,FALSE,FALSE,FALSE,FALSE,FALSE,FALSE,FALSE,FALSE,FALSE,FALSE,FALSE,FALSE,FALSE,FALSE,"Outside UTC session (08:00 - 16:00 UTC, Current: 19:45)","",0,0,0,0.00000,0.00000,0.00000,0.00000,"",0.00,0.00
2026.09.07 20:00:00,2026.09.07 20:00:00,2026.09.07 20:00:00,"10****84",XAUUSD,108151,2026.09.07 19:45:00,NONE,0.00000,0.00000,0.00,0.00000,0.00000,0.00000,0.00000,0.00000,0.00000,0.00000,0.00000,0.00000,0.00,0.00,0.00,0.00,0.00,0.00,0.00,"","","","","OutsideUTCWindow",TRUE,TRUE,FALSE,FALSE,FALSE,FALSE,FALSE,FALSE,FALSE,FALSE,FALSE,FALSE,FALSE,FALSE,FALSE,FALSE,FALSE,FALSE,FALSE,"Outside UTC session (08:00 - 16:00 UTC, Current: 20:00)","",0,0,0,0.00000,0.00000,0.00000,0.00000,"",0.00,0.00
2026.09.07 20:15:00,2026.09.07 20:15:00,2026.09.07 20:15:00,"10****84",XAUUSD,108151,2026.09.07 20:00:00,NONE,0.00000,0.00000,0.00,0.00000,0.00000,0.00000,0.00000,0.00000,0.00000,0.00000,0.00000,0.00000,0.00,0.00,0.00,0.00,0.00,0.00,0.00,"","","","","OutsideUTCWindow",TRUE,TRUE,FALSE,FALSE,FALSE,FALSE,FALSE,FALSE,FALSE,FALSE,FALSE,FALSE,FALSE,FALSE,FALSE,FALSE,FALSE,FALSE,FALSE,"Outside UTC session (08:00 - 16:00 UTC, Current: 20:15)","",0,0,0,0.00000,0.00000,0.00000,0.00000,"",0.00,0.00
2026.09.07 20:30:00,2026.09.07 20:30:00,2026.09.07 20:30:00,"10****84",XAUUSD,108151,2026.09.07 20:15:00,NONE,0.00000,0.00000,0.00,0.00000,0.00000,0.00000,0.00000,0.00000,0.00000,0.00000,0.00000,0.00000,0.00,0.00,0.00,0.00,0.00,0.00,0.00,"","","","","OutsideUTCWindow",TRUE,TRUE,FALSE,FALSE,FALSE,FALSE,FALSE,FALSE,FALSE,FALSE,FALSE,FALSE,FALSE,FALSE,FALSE,FALSE,FALSE,FALSE,FALSE,"Outside UTC session (08:00 - 16:00 UTC, Current: 20:30)","",0,0,0,0.00000,0.00000,0.00000,0.00000,"",0.00,0.00
2026.09.07 20:45:00,2026.09.07 20:45:00,2026.09.07 20:45:00,"10****84",XAUUSD,108151,2026.09.07 20:30:00,NONE,0.00000,0.00000,0.00,0.00000,0.00000,0.00000,0.00000,0.00000,0.00000,0.00000,0.00000,0.00000,0.00,0.00,0.00,0.00,0.00,0.00,0.00,"","","","","OutsideUTCWindow",TRUE,TRUE,FALSE,FALSE,FALSE,FALSE,FALSE,FALSE,FALSE,FALSE,FALSE,FALSE,FALSE,FALSE,FALSE,FALSE,FALSE,FALSE,FALSE,"Outside UTC session (08:00 - 16:00 UTC, Current: 20:45)","",0,0,0,0.00000,0.00000,0.00000,0.00000,"",0.00,0.00
2026.09.07 21:00:00,2026.09.07 21:00:00,2026.09.07 21:00:00,"10****84",XAUUSD,108151,2026.09.07 20:45:00,NONE,0.00000,0.00000,0.00,0.00000,0.00000,0.00000,0.00000,0.00000,0.00000,0.00000,0.00000,0.00000,0.00,0.00,0.00,0.00,0.00,0.00,0.00,"","","","","OutsideUTCWindow",TRUE,TRUE,FALSE,FALSE,FALSE,FALSE,FALSE,FALSE,FALSE,FALSE,FALSE,FALSE,FALSE,FALSE,FALSE,FALSE,FALSE,FALSE,FALSE,"Outside UTC session (08:00 - 16:00 UTC, Current: 21:00)","",0,0,0,0.00000,0.00000,0.00000,0.00000,"",0.00,0.00
2026.09.07 21:15:00,2026.09.07 21:15:00,2026.09.07 21:15:00,"10****84",XAUUSD,108151,2026.09.07 21:00:00,NONE,0.00000,0.00000,0.00,0.00000,0.00000,0.00000,0.00000,0.00000,0.00000,0.00000,0.00000,0.00000,0.00,0.00,0.00,0.00,0.00,0.00,0.00,"","","","","OutsideUTCWindow",TRUE,TRUE,FALSE,FALSE,FALSE,FALSE,FALSE,FALSE,FALSE,FALSE,FALSE,FALSE,FALSE,FALSE,FALSE,FALSE,FALSE,FALSE,FALSE,"Outside UTC session (08:00 - 16:00 UTC, Current: 21:15)","",0,0,0,0.00000,0.00000,0.00000,0.00000,"",0.00,0.00
2026.09.08 01:00:00,2026.09.08 01:00:00,2026.09.08 01:00:00,"10****84",XAUUSD,108151,2026.09.07 21:15:00,NONE,0.00000,0.00000,0.00,0.00000,0.00000,0.00000,0.00000,0.00000,0.00000,0.00000,0.00000,0.00000,0.00,0.00,0.00,0.00,0.00,0.00,0.00,"","","","","OutsideUTCWindow",TRUE,TRUE,FALSE,FALSE,FALSE,FALSE,FALSE,FALSE,FALSE,FALSE,FALSE,FALSE,FALSE,FALSE,FALSE,FALSE,FALSE,FALSE,FALSE,"Outside UTC session (08:00 - 16:00 UTC, Current: 01:00)","",0,0,0,0.00000,0.00000,0.00000,0.00000,"",0.00,0.00
2026.09.08 01:15:00,2026.09.08 01:15:00,2026.09.08 01:15:00,"10****84",XAUUSD,108151,2026.09.08 01:00:00,NONE,0.00000,0.00000,0.00,0.00000,0.00000,0.00000,0.00000,0.00000,0.00000,0.00000,0.00000,0.00000,0.00,0.00,0.00,0.00,0.00,0.00,0.00,"","","","","OutsideUTCWindow",TRUE,TRUE,FALSE,FALSE,FALSE,FALSE,FALSE,FALSE,FALSE,FALSE,FALSE,FALSE,FALSE,FALSE,FALSE,FALSE,FALSE,FALSE,FALSE,"Outside UTC session (08:00 - 16:00 UTC, Current: 01:15)","",0,0,0,0.00000,0.00000,0.00000,0.00000,"",0.00,0.00
2026.09.08 01:30:00,2026.09.08 01:30:00,2026.09.08 01:30:00,"10****84",XAUUSD,108151,2026.09.08 01:15:00,NONE,0.00000,0.00000,0.00,0.00000,0.00000,0.00000,0.00000,0.00000,0.00000,0.00000,0.00000,0.00000,0.00,0.00,0.00,0.00,0.00,0.00,0.00,"","","","","OutsideUTCWindow",TRUE,TRUE,FALSE,FALSE,FALSE,FALSE,FALSE,FALSE,FALSE,FALSE,FALSE,FALSE,FALSE,FALSE,FALSE,FALSE,FALSE,FALSE,FALSE,"Outside UTC session (08:00 - 16:00 UTC, Current: 01:30)","",0,0,0,0.00000,0.00000,0.00000,0.00000,"",0.00,0.00
2026.09.08 01:45:00,2026.09.08 01:45:00,2026.09.08 01:45:00,"10****84",XAUUSD,108151,2026.09.08 01:30:00,NONE,0.00000,0.00000,0.00,0.00000,0.00000,0.00000,0.00000,0.00000,0.00000,0.00000,0.00000,0.00000,0.00,0.00,0.00,0.00,0.00,0.00,0.00,"","","","","OutsideUTCWindow",TRUE,TRUE,FALSE,FALSE,FALSE,FALSE,FALSE,FALSE,FALSE,FALSE,FALSE,FALSE,FALSE,FALSE,FALSE,FALSE,FALSE,FALSE,FALSE,"Outside UTC session (08:00 - 16:00 UTC, Current: 01:45)","",0,0,0,0.00000,0.00000,0.00000,0.00000,"",0.00,0.00
2026.09.08 02:00:00,2026.09.08 02:00:00,2026.09.08 02:00:00,"10****84",XAUUSD,108151,2026.09.08 01:45:00,NONE,0.00000,0.00000,0.00,0.00000,0.00000,0.00000,0.00000,0.00000,0.00000,0.00000,0.00000,0.00000,0.00,0.00,0.00,0.00,0.00,0.00,0.00,"","","","","OutsideUTCWindow",TRUE,TRUE,FALSE,FALSE,FALSE,FALSE,FALSE,FALSE,FALSE,FALSE,FALSE,FALSE,FALSE,FALSE,FALSE,FALSE,FALSE,FALSE,FALSE,"Outside UTC session (08:00 - 16:00 UTC, Current: 02:00)","",0,0,0,0.00000,0.00000,0.00000,0.00000,"",0.00,0.00
2026.09.08 02:15:00,2026.09.08 02:15:00,2026.09.08 02:15:00,"10****84",XAUUSD,108151,2026.09.08 02:00:00,NONE,0.00000,0.00000,0.00,0.00000,0.00000,0.00000,0.00000,0.00000,0.00000,0.00000,0.00000,0.00000,0.00,0.00,0.00,0.00,0.00,0.00,0.00,"","","","","OutsideUTCWindow",TRUE,TRUE,FALSE,FALSE,FALSE,FALSE,FALSE,FALSE,FALSE,FALSE,FALSE,FALSE,FALSE,FALSE,FALSE,FALSE,FALSE,FALSE,FALSE,"Outside UTC session (08:00 - 16:00 UTC, Current: 02:15)","",0,0,0,0.00000,0.00000,0.00000,0.00000,"",0.00,0.00
2026.09.08 02:30:00,2026.09.08 02:30:00,2026.09.08 02:30:00,"10****84",XAUUSD,108151,2026.09.08 02:15:00,NONE,0.00000,0.00000,0.00,0.00000,0.00000,0.00000,0.00000,0.00000,0.00000,0.00000,0.00000,0.00000,0.00,0.00,0.00,0.00,0.00,0.00,0.00,"","","","","OutsideUTCWindow",TRUE,TRUE,FALSE,FALSE,FALSE,FALSE,FALSE,FALSE,FALSE,FALSE,FALSE,FALSE,FALSE,FALSE,FALSE,FALSE,FALSE,FALSE,FALSE,"Outside UTC session (08:00 - 16:00 UTC, Current: 02:30)","",0,0,0,0.00000,0.00000,0.00000,0.00000,"",0.00,0.00
2026.09.08 02:45:00,2026.09.08 02:45:00,2026.09.08 02:45:00,"10****84",XAUUSD,108151,2026.09.08 02:30:00,NONE,0.00000,0.00000,0.00,0.00000,0.00000,0.00000,0.00000,0.00000,0.00000,0.00000,0.00000,0.00000,0.00,0.00,0.00,0.00,0.00,0.00,0.00,"","","","","OutsideUTCWindow",TRUE,TRUE,FALSE,FALSE,FALSE,FALSE,FALSE,FALSE,FALSE,FALSE,FALSE,FALSE,FALSE,FALSE,FALSE,FALSE,FALSE,FALSE,FALSE,"Outside UTC session (08:00 - 16:00 UTC, Current: 02:45)","",0,0,0,0.00000,0.00000,0.00000,0.00000,"",0.00,0.00
2026.09.08 03:00:00,2026.09.08 03:00:00,2026.09.08 03:00:00,"10****84",XAUUSD,108151,2026.09.08 02:45:00,NONE,0.00000,0.00000,0.00,0.00000,0.00000,0.00000,0.00000,0.00000,0.00000,0.00000,0.00000,0.00000,0.00,0.00,0.00,0.00,0.00,0.00,0.00,"","","","","OutsideUTCWindow",TRUE,TRUE,FALSE,FALSE,FALSE,FALSE,FALSE,FALSE,FALSE,FALSE,FALSE,FALSE,FALSE,FALSE,FALSE,FALSE,FALSE,FALSE,FALSE,"Outside UTC session (08:00 - 16:00 UTC, Current: 03:00)","",0,0,0,0.00000,0.00000,0.00000,0.00000,"",0.00,0.00
2026.09.08 03:15:00,2026.09.08 03:15:00,2026.09.08 03:15:00,"10****84",XAUUSD,108151,2026.09.08 03:00:00,NONE,0.00000,0.00000,0.00,0.00000,0.00000,0.00000,0.00000,0.00000,0.00000,0.00000,0.00000,0.00000,0.00,0.00,0.00,0.00,0.00,0.00,0.00,"","","","","OutsideUTCWindow",TRUE,TRUE,FALSE,FALSE,FALSE,FALSE,FALSE,FALSE,FALSE,FALSE,FALSE,FALSE,FALSE,FALSE,FALSE,FALSE,FALSE,FALSE,FALSE,"Outside UTC session (08:00 - 16:00 UTC, Current: 03:15)","",0,0,0,0.00000,0.00000,0.00000,0.00000,"",0.00,0.00
2026.09.08 03:30:00,2026.09.08 03:30:00,2026.09.08 03:30:00,"10****84",XAUUSD,108151,2026.09.08 03:15:00,NONE,0.00000,0.00000,0.00,0.00000,0.00000,0.00000,0.00000,0.00000,0.00000,0.00000,0.00000,0.00000,0.00,0.00,0.00,0.00,0.00,0.00,0.00,"","","","","OutsideUTCWindow",TRUE,TRUE,FALSE,FALSE,FALSE,FALSE,FALSE,FALSE,FALSE,FALSE,FALSE,FALSE,FALSE,FALSE,FALSE,FALSE,FALSE,FALSE,FALSE,"Outside UTC session (08:00 - 16:00 UTC, Current: 03:30)","",0,0,0,0.00000,0.00000,0.00000,0.00000,"",0.00,0.00
2026.09.08 03:45:00,2026.09.08 03:45:00,2026.09.08 03:45:00,"10****84",XAUUSD,108151,2026.09.08 03:30:00,NONE,0.00000,0.00000,0.00,0.00000,0.00000,0.00000,0.00000,0.00000,0.00000,0.00000,0.00000,0.00000,0.00,0.00,0.00,0.00,0.00,0.00,0.00,"","","","","OutsideUTCWindow",TRUE,TRUE,FALSE,FALSE,FALSE,FALSE,FALSE,FALSE,FALSE,FALSE,FALSE,FALSE,FALSE,FALSE,FALSE,FALSE,FALSE,FALSE,FALSE,"Outside UTC session (08:00 - 16:00 UTC, Current: 03:45)","",0,0,0,0.00000,0.00000,0.00000,0.00000,"",0.00,0.00
2026.09.08 04:00:00,2026.09.08 04:00:00,2026.09.08 04:00:00,"10****84",XAUUSD,108151,2026.09.08 03:45:00,NONE,0.00000,0.00000,0.00,0.00000,0.00000,0.00000,0.00000,0.00000,0.00000,0.00000,0.00000,0.00000,0.00,0.00,0.00,0.00,0.00,0.00,0.00,"","","","","OutsideUTCWindow",TRUE,TRUE,FALSE,FALSE,FALSE,FALSE,FALSE,FALSE,FALSE,FALSE,FALSE,FALSE,FALSE,FALSE,FALSE,FALSE,FALSE,FALSE,FALSE,"Outside UTC session (08:00 - 16:00 UTC, Current: 04:00)","",0,0,0,0.00000,0.00000,0.00000,0.00000,"",0.00,0.00
2026.09.08 04:15:00,2026.09.08 04:15:00,2026.09.08 04:15:00,"10****84",XAUUSD,108151,2026.09.08 04:00:00,NONE,0.00000,0.00000,0.00,0.00000,0.00000,0.00000,0.00000,0.00000,0.00000,0.00000,0.00000,0.00000,0.00,0.00,0.00,0.00,0.00,0.00,0.00,"","","","","OutsideUTCWindow",TRUE,TRUE,FALSE,FALSE,FALSE,FALSE,FALSE,FALSE,FALSE,FALSE,FALSE,FALSE,FALSE,FALSE,FALSE,FALSE,FALSE,FALSE,FALSE,"Outside UTC session (08:00 - 16:00 UTC, Current: 04:15)","",0,0,0,0.00000,0.00000,0.00000,0.00000,"",0.00,0.00
2026.09.08 04:30:00,2026.09.08 04:30:00,2026.09.08 04:30:00,"10****84",XAUUSD,108151,2026.09.08 04:15:00,NONE,0.00000,0.00000,0.00,0.00000,0.00000,0.00000,0.00000,0.00000,0.00000,0.00000,0.00000,0.00000,0.00,0.00,0.00,0.00,0.00,0.00,0.00,"","","","","OutsideUTCWindow",TRUE,TRUE,FALSE,FALSE,FALSE,FALSE,FALSE,FALSE,FALSE,FALSE,FALSE,FALSE,FALSE,FALSE,FALSE,FALSE,FALSE,FALSE,FALSE,"Outside UTC session (08:00 - 16:00 UTC, Current: 04:30)","",0,0,0,0.00000,0.00000,0.00000,0.00000,"",0.00,0.00
2026.09.08 04:45:00,2026.09.08 04:45:00,2026.09.08 04:45:00,"10****84",XAUUSD,108151,2026.09.08 04:30:00,NONE,0.00000,0.00000,0.00,0.00000,0.00000,0.00000,0.00000,0.00000,0.00000,0.00000,0.00000,0.00000,0.00,0.00,0.00,0.00,0.00,0.00,0.00,"","","","","OutsideUTCWindow",TRUE,TRUE,FALSE,FALSE,FALSE,FALSE,FALSE,FALSE,FALSE,FALSE,FALSE,FALSE,FALSE,FALSE,FALSE,FALSE,FALSE,FALSE,FALSE,"Outside UTC session (08:00 - 16:00 UTC, Current: 04:45)","",0,0,0,0.00000,0.00000,0.00000,0.00000,"",0.00,0.00
2026.09.08 05:00:00,2026.09.08 05:00:00,2026.09.08 05:00:00,"10****84",XAUUSD,108151,2026.09.08 04:45:00,NONE,0.00000,0.00000,0.00,0.00000,0.00000,0.00000,0.00000,0.00000,0.00000,0.00000,0.00000,0.00000,0.00,0.00,0.00,0.00,0.00,0.00,0.00,"","","","","OutsideUTCWindow",TRUE,TRUE,FALSE,FALSE,FALSE,FALSE,FALSE,FALSE,FALSE,FALSE,FALSE,FALSE,FALSE,FALSE,FALSE,FALSE,FALSE,FALSE,FALSE,"Outside UTC session (08:00 - 16:00 UTC, Current: 05:00)","",0,0,0,0.00000,0.00000,0.00000,0.00000,"",0.00,0.00
2026.09.08 05:15:00,2026.09.08 05:15:00,2026.09.08 05:15:00,"10****84",XAUUSD,108151,2026.09.08 05:00:00,NONE,0.00000,0.00000,0.00,0.00000,0.00000,0.00000,0.00000,0.00000,0.00000,0.00000,0.00000,0.00000,0.00,0.00,0.00,0.00,0.00,0.00,0.00,"","","","","OutsideUTCWindow",TRUE,TRUE,FALSE,FALSE,FALSE,FALSE,FALSE,FALSE,FALSE,FALSE,FALSE,FALSE,FALSE,FALSE,FALSE,FALSE,FALSE,FALSE,FALSE,"Outside UTC session (08:00 - 16:00 UTC, Current: 05:15)","",0,0,0,0.00000,0.00000,0.00000,0.00000,"",0.00,0.00
2026.09.08 05:30:00,2026.09.08 05:30:00,2026.09.08 05:30:00,"10****84",XAUUSD,108151,2026.09.08 05:15:00,NONE,0.00000,0.00000,0.00,0.00000,0.00000,0.00000,0.00000,0.00000,0.00000,0.00000,0.00000,0.00000,0.00,0.00,0.00,0.00,0.00,0.00,0.00,"","","","","OutsideUTCWindow",TRUE,TRUE,FALSE,FALSE,FALSE,FALSE,FALSE,FALSE,FALSE,FALSE,FALSE,FALSE,FALSE,FALSE,FALSE,FALSE,FALSE,FALSE,FALSE,"Outside UTC session (08:00 - 16:00 UTC, Current: 05:30)","",0,0,0,0.00000,0.00000,0.00000,0.00000,"",0.00,0.00
2026.09.08 05:45:00,2026.09.08 05:45:00,2026.09.08 05:45:00,"10****84",XAUUSD,108151,2026.09.08 05:30:00,NONE,0.00000,0.00000,0.00,0.00000,0.00000,0.00000,0.00000,0.00000,0.00000,0.00000,0.00000,0.00000,0.00,0.00,0.00,0.00,0.00,0.00,0.00,"","","","","OutsideUTCWindow",TRUE,TRUE,FALSE,FALSE,FALSE,FALSE,FALSE,FALSE,FALSE,FALSE,FALSE,FALSE,FALSE,FALSE,FALSE,FALSE,FALSE,FALSE,FALSE,"Outside UTC session (08:00 - 16:00 UTC, Current: 05:45)","",0,0,0,0.00000,0.00000,0.00000,0.00000,"",0.00,0.00
2026.09.08 06:00:00,2026.09.08 06:00:00,2026.09.08 06:00:00,"10****84",XAUUSD,108151,2026.09.08 05:45:00,NONE,0.00000,0.00000,0.00,0.00000,0.00000,0.00000,0.00000,0.00000,0.00000,0.00000,0.00000,0.00000,0.00,0.00,0.00,0.00,0.00,0.00,0.00,"","","","","OutsideUTCWindow",TRUE,TRUE,FALSE,FALSE,FALSE,FALSE,FALSE,FALSE,FALSE,FALSE,FALSE,FALSE,FALSE,FALSE,FALSE,FALSE,FALSE,FALSE,FALSE,"Outside UTC session (08:00 - 16:00 UTC, Current: 06:00)","",0,0,0,0.00000,0.00000,0.00000,0.00000,"",0.00,0.00
2026.09.08 06:15:00,2026.09.08 06:15:00,2026.09.08 06:15:00,"10****84",XAUUSD,108151,2026.09.08 06:00:00,NONE,0.00000,0.00000,0.00,0.00000,0.00000,0.00000,0.00000,0.00000,0.00000,0.00000,0.00000,0.00000,0.00,0.00,0.00,0.00,0.00,0.00,0.00,"","","","","OutsideUTCWindow",TRUE,TRUE,FALSE,FALSE,FALSE,FALSE,FALSE,FALSE,FALSE,FALSE,FALSE,FALSE,FALSE,FALSE,FALSE,FALSE,FALSE,FALSE,FALSE,"Outside UTC session (08:00 - 16:00 UTC, Current: 06:15)","",0,0,0,0.00000,0.00000,0.00000,0.00000,"",0.00,0.00
2026.09.08 06:30:00,2026.09.08 06:30:00,2026.09.08 06:30:00,"10****84",XAUUSD,108151,2026.09.08 06:15:00,NONE,0.00000,0.00000,0.00,0.00000,0.00000,0.00000,0.00000,0.00000,0.00000,0.00000,0.00000,0.00000,0.00,0.00,0.00,0.00,0.00,0.00,0.00,"","","","","OutsideUTCWindow",TRUE,TRUE,FALSE,FALSE,FALSE,FALSE,FALSE,FALSE,FALSE,FALSE,FALSE,FALSE,FALSE,FALSE,FALSE,FALSE,FALSE,FALSE,FALSE,"Outside UTC session (08:00 - 16:00 UTC, Current: 06:30)","",0,0,0,0.00000,0.00000,0.00000,0.00000,"",0.00,0.00
2026.09.08 06:45:00,2026.09.08 06:45:00,2026.09.08 06:45:00,"10****84",XAUUSD,108151,2026.09.08 06:30:00,NONE,0.00000,0.00000,0.00,0.00000,0.00000,0.00000,0.00000,0.00000,0.00000,0.00000,0.00000,0.00000,0.00,0.00,0.00,0.00,0.00,0.00,0.00,"","","","","OutsideUTCWindow",TRUE,TRUE,FALSE,FALSE,FALSE,FALSE,FALSE,FALSE,FALSE,FALSE,FALSE,FALSE,FALSE,FALSE,FALSE,FALSE,FALSE,FALSE,FALSE,"Outside UTC session (08:00 - 16:00 UTC, Current: 06:45)","",0,0,0,0.00000,0.00000,0.00000,0.00000,"",0.00,0.00
2026.09.08 07:00:00,2026.09.08 07:00:00,2026.09.08 07:00:00,"10****84",XAUUSD,108151,2026.09.08 06:45:00,NONE,0.00000,0.00000,0.00,0.00000,0.00000,0.00000,0.00000,0.00000,0.00000,0.00000,0.00000,0.00000,0.00,0.00,0.00,0.00,0.00,0.00,0.00,"","","","","OutsideUTCWindow",TRUE,TRUE,FALSE,FALSE,FALSE,FALSE,FALSE,FALSE,FALSE,FALSE,FALSE,FALSE,FALSE,FALSE,FALSE,FALSE,FALSE,FALSE,FALSE,"Outside UTC session (08:00 - 16:00 UTC, Current: 07:00)","",0,0,0,0.00000,0.00000,0.00000,0.00000,"",0.00,0.00
2026.09.08 07:15:00,2026.09.08 07:15:00,2026.09.08 07:15:00,"10****84",XAUUSD,108151,2026.09.08 07:00:00,NONE,0.00000,0.00000,0.00,0.00000,0.00000,0.00000,0.00000,0.00000,0.00000,0.00000,0.00000,0.00000,0.00,0.00,0.00,0.00,0.00,0.00,0.00,"","","","","OutsideUTCWindow",TRUE,TRUE,FALSE,FALSE,FALSE,FALSE,FALSE,FALSE,FALSE,FALSE,FALSE,FALSE,FALSE,FALSE,FALSE,FALSE,FALSE,FALSE,FALSE,"Outside UTC session (08:00 - 16:00 UTC, Current: 07:15)","",0,0,0,0.00000,0.00000,0.00000,0.00000,"",0.00,0.00
2026.09.08 07:30:00,2026.09.08 07:30:00,2026.09.08 07:30:00,"10****84",XAUUSD,108151,2026.09.08 07:15:00,NONE,0.00000,0.00000,0.00,0.00000,0.00000,0.00000,0.00000,0.00000,0.00000,0.00000,0.00000,0.00000,0.00,0.00,0.00,0.00,0.00,0.00,0.00,"","","","","OutsideUTCWindow",TRUE,TRUE,FALSE,FALSE,FALSE,FALSE,FALSE,FALSE,FALSE,FALSE,FALSE,FALSE,FALSE,FALSE,FALSE,FALSE,FALSE,FALSE,FALSE,"Outside UTC session (08:00 - 16:00 UTC, Current: 07:30)","",0,0,0,0.00000,0.00000,0.00000,0.00000,"",0.00,0.00
2026.09.08 07:45:00,2026.09.08 07:45:00,2026.09.08 07:45:00,"10****84",XAUUSD,108151,2026.09.08 07:30:00,NONE,0.00000,0.00000,0.00,0.00000,0.00000,0.00000,0.00000,0.00000,0.00000,0.00000,0.00000,0.00000,0.00,0.00,0.00,0.00,0.00,0.00,0.00,"","","","","OutsideUTCWindow",TRUE,TRUE,FALSE,FALSE,FALSE,FALSE,FALSE,FALSE,FALSE,FALSE,FALSE,FALSE,FALSE,FALSE,FALSE,FALSE,FALSE,FALSE,FALSE,"Outside UTC session (08:00 - 16:00 UTC, Current: 07:45)","",0,0,0,0.00000,0.00000,0.00000,0.00000,"",0.00,0.00
2026.09.08 08:00:00,2026.09.08 08:00:00,2026.09.08 08:00:00,"10****84",XAUUSD,108151,2026.09.08 07:45:00,NONE,4421.66306,4448.46749,15.69,4429.45393,7.18714,6.69857,0.00000,4435.96000,0.00000,0.00000,0.00000,0.00000,0.00,0.00,0.00,0.00,0.00,0.00,0.00,"Loss: $0.00 (Max $50.00) | Losses: 0/Max 2","Loss: 0.00% / Max: 20.00%","DD: 6.50% / Max: 20.00% (HWM: $522.02)","BypassedInTester","ActiveSession",TRUE,TRUE,TRUE,TRUE,TRUE,TRUE,TRUE,TRUE,FALSE,FALSE,FALSE,TRUE,FALSE,FALSE,FALSE,FALSE,FALSE,FALSE,FALSE,"No valid H1 trend alignment (EMA50 vs EMA200 or Close vs EMA50)","",0,0,0,0.00000,0.00000,0.00000,0.00000,"",0.00,0.00
2026.09.08 08:15:00,2026.09.08 08:15:00,2026.09.08 08:15:00,"10****84",XAUUSD,108151,2026.09.08 08:00:00,NONE,4421.66306,4448.46749,15.69,4429.24403,7.49714,6.73107,0.00000,4427.25000,0.00000,0.00000,0.00000,0.00000,0.00,0.00,0.00,0.00,0.00,0.00,0.00,"Loss: $0.00 (Max $50.00) | Losses: 0/Max 2","Loss: 0.00% / Max: 20.00%","DD: 6.50% / Max: 20.00% (HWM: $522.02)","BypassedInTester","ActiveSession",TRUE,TRUE,TRUE,TRUE,TRUE,TRUE,TRUE,TRUE,FALSE,FALSE,FALSE,TRUE,FALSE,FALSE,FALSE,FALSE,FALSE,FALSE,FALSE,"No valid H1 trend alignment (EMA50 vs EMA200 or Close vs EMA50)","",0,0,0,0.00000,0.00000,0.00000,0.00000,"",0.00,0.00
2026.09.08 08:30:00,2026.09.08 08:30:00,2026.09.08 08:30:00,"10****84",XAUUSD,108151,2026.09.08 08:15:00,NONE,4421.66306,4448.46749,15.69,4428.40746,7.77500,6.73107,0.00000,4420.46000,0.00000,0.00000,0.00000,0.00000,0.00,0.00,0.00,0.00,0.00,0.00,0.00,"Loss: $0.00 (Max $50.00) | Losses: 0/Max 2","Loss: 0.00% / Max: 20.00%","DD: 6.50% / Max: 20.00% (HWM: $522.02)","BypassedInTester","ActiveSession",TRUE,TRUE,TRUE,TRUE,TRUE,TRUE,TRUE,TRUE,FALSE,FALSE,FALSE,TRUE,FALSE,FALSE,FALSE,FALSE,FALSE,FALSE,FALSE,"No valid H1 trend alignment (EMA50 vs EMA200 or Close vs EMA50)","",0,0,0,0.00000,0.00000,0.00000,0.00000,"",0.00,0.00
2026.09.08 08:45:00,2026.09.08 08:45:00,2026.09.08 08:45:00,"10****84",XAUUSD,108151,2026.09.08 08:30:00,NONE,4421.66306,4448.46749,15.69,4428.15437,7.50929,6.74179,0.00000,4425.75000,0.00000,0.00000,0.00000,0.00000,0.00,0.00,0.00,0.00,0.00,0.00,0.00,"Loss: $0.00 (Max $50.00) | Losses: 0/Max 2","Loss: 0.00% / Max: 20.00%","DD: 6.50% / Max: 20.00% (HWM: $522.02)","BypassedInTester","ActiveSession",TRUE,TRUE,TRUE,TRUE,TRUE,TRUE,TRUE,TRUE,FALSE,FALSE,FALSE,TRUE,FALSE,FALSE,FALSE,FALSE,FALSE,FALSE,FALSE,"No valid H1 trend alignment (EMA50 vs EMA200 or Close vs EMA50)","",0,0,0,0.00000,0.00000,0.00000,0.00000,"",0.00,0.00
2026.09.08 09:00:00,2026.09.08 09:00:00,2026.09.08 09:00:00,"10****84",XAUUSD,108151,2026.09.08 08:45:00,NONE,4421.56215,4448.17518,14.90,4427.29109,7.95286,6.74179,0.00000,4419.09000,0.00000,0.00000,0.00000,0.00000,0.00,0.00,0.00,0.00,0.00,0.00,0.00,"Loss: $0.00 (Max $50.00) | Losses: 0/Max 2","Loss: 0.00% / Max: 20.00%","DD: 6.50% / Max: 20.00% (HWM: $522.02)","BypassedInTester","ActiveSession",TRUE,TRUE,TRUE,TRUE,TRUE,TRUE,TRUE,TRUE,FALSE,FALSE,FALSE,TRUE,FALSE,FALSE,FALSE,FALSE,FALSE,FALSE,FALSE,"Short trend exists but H1 ADX (14.90) < MinADX (20.00)","",0,0,0,0.00000,0.00000,0.00000,0.00000,"",0.00,0.00
2026.09.08 09:15:00,2026.09.08 09:15:00,2026.09.08 09:15:00,"10****84",XAUUSD,108151,2026.09.08 09:00:00,NONE,4421.56215,4448.17518,14.90,4425.79194,8.38071,6.78857,0.00000,4411.55000,0.00000,0.00000,0.00000,0.00000,0.00,0.00,0.00,0.00,0.00,0.00,0.00,"Loss: $0.00 (Max $50.00) | Losses: 0/Max 2","Loss: 0.00% / Max: 20.00%","DD: 6.50% / Max: 20.00% (HWM: $522.02)","BypassedInTester","ActiveSession",TRUE,TRUE,TRUE,TRUE,TRUE,TRUE,TRUE,TRUE,FALSE,FALSE,FALSE,TRUE,FALSE,FALSE,FALSE,FALSE,FALSE,FALSE,FALSE,"Short trend exists but H1 ADX (14.90) < MinADX (20.00)","",0,0,0,0.00000,0.00000,0.00000,0.00000,"",0.00,0.00
2026.09.08 09:30:00,2026.09.08 09:30:00,2026.09.08 09:30:00,"10****84",XAUUSD,108151,2026.09.08 09:15:00,NONE,4421.56215,4448.17518,14.90,4423.34604,8.78071,7.00143,0.00000,4400.11000,0.00000,0.00000,0.00000,0.00000,0.00,0.00,0.00,0.00,0.00,0.00,0.00,"Loss: $0.00 (Max $50.00) | Losses: 0/Max 2","Loss: 0.00% / Max: 20.00%","DD: 6.50% / Max: 20.00% (HWM: $522.02)","BypassedInTester","ActiveSession",TRUE,TRUE,TRUE,TRUE,TRUE,TRUE,TRUE,TRUE,FALSE,FALSE,FALSE,TRUE,FALSE,FALSE,FALSE,FALSE,FALSE,FALSE,FALSE,"Short trend exists but H1 ADX (14.90) < MinADX (20.00)","",0,0,0,0.00000,0.00000,0.00000,0.00000,"",0.00,0.00
2026.09.08 09:45:00,2026.09.08 09:45:00,2026.09.08 09:45:00,"10****84",XAUUSD,108151,2026.09.08 09:30:00,NONE,4421.56215,4448.17518,14.90,4421.81023,8.86786,7.23000,0.00000,4407.22000,0.00000,0.00000,0.00000,0.00000,0.00,0.00,0.00,0.00,0.00,0.00,0.00,"Loss: $0.00 (Max $50.00) | Losses: 0/Max 2","Loss: 0.00% / Max: 20.00%","DD: 6.50% / Max: 20.00% (HWM: $522.02)","BypassedInTester","ActiveSession",TRUE,TRUE,TRUE,TRUE,TRUE,TRUE,TRUE,TRUE,FALSE,FALSE,FALSE,TRUE,FALSE,FALSE,FALSE,FALSE,FALSE,FALSE,FALSE,"Short trend exists but H1 ADX (14.90) < MinADX (20.00)","",0,0,0,0.00000,0.00000,0.00000,0.00000,"",0.00,0.00
2026.09.08 10:00:00,2026.09.08 10:00:00,2026.09.08 10:00:00,"10****84",XAUUSD,108151,2026.09.08 09:45:00,NONE,4420.85932,4447.73204,17.29,4420.07973,8.48500,7.35929,0.00000,4403.64000,0.00000,0.00000,0.00000,0.00000,0.00,0.00,0.00,0.00,0.00,0.00,0.00,"Loss: $0.00 (Max $50.00) | Losses: 0/Max 2","Loss: 0.00% / Max: 20.00%","DD: 6.50% / Max: 20.00% (HWM: $522.02)","BypassedInTester","ActiveSession",TRUE,TRUE,TRUE,TRUE,TRUE,TRUE,TRUE,TRUE,FALSE,FALSE,FALSE,TRUE,FALSE,FALSE,FALSE,FALSE,FALSE,FALSE,FALSE,"Short trend exists but H1 ADX (17.29) < MinADX (20.00)","",0,0,0,0.00000,0.00000,0.00000,0.00000,"",0.00,0.00
2026.09.08 10:15:00,2026.09.08 10:15:00,2026.09.08 10:15:00,"10****84",XAUUSD,108151,2026.09.08 10:00:00,NONE,4420.85932,4447.73204,17.29,4418.45023,8.67286,7.47143,0.00000,4402.97000,0.00000,0.00000,0.00000,0.00000,0.00,0.00,0.00,0.00,0.00,0.00,0.00,"Loss: $0.00 (Max $50.00) | Losses: 0/Max 2","Loss: 0.00% / Max: 20.00%","DD: 6.50% / Max: 20.00% (HWM: $522.02)","BypassedInTester","ActiveSession",TRUE,TRUE,TRUE,TRUE,TRUE,TRUE,TRUE,TRUE,FALSE,FALSE,FALSE,TRUE,FALSE,FALSE,FALSE,FALSE,FALSE,FALSE,FALSE,"Short trend exists but H1 ADX (17.29) < MinADX (20.00)","",0,0,0,0.00000,0.00000,0.00000,0.00000,"",0.00,0.00
2026.09.08 10:30:00,2026.09.08 10:30:00,2026.09.08 10:30:00,"10****84",XAUUSD,108151,2026.09.08 10:15:00,NONE,4420.85932,4447.73204,17.29,4416.83878,8.50286,7.50321,0.00000,4401.53000,0.00000,0.00000,0.00000,0.00000,0.00,0.00,0.00,0.00,0.00,0.00,0.00,"Loss: $0.00 (Max $50.00) | Losses: 0/Max 2","Loss: 0.00% / Max: 20.00%","DD: 6.50% / Max: 20.00% (HWM: $522.02)","BypassedInTester","ActiveSession",TRUE,TRUE,TRUE,TRUE,TRUE,TRUE,TRUE,TRUE,FALSE,FALSE,FALSE,TRUE,FALSE,FALSE,FALSE,FALSE,FALSE,FALSE,FALSE,"Short trend exists but H1 ADX (17.29) < MinADX (20.00)","",0,0,0,0.00000,0.00000,0.00000,0.00000,"",0.00,0.00
2026.09.08 10:45:00,2026.09.08 10:45:00,2026.09.08 10:45:00,"10****84",XAUUSD,108151,2026.09.08 10:30:00,NONE,4420.85932,4447.73204,17.29,4414.81509,9.14500,7.64214,0.00000,4395.59000,0.00000,0.00000,0.00000,0.00000,0.00,0.00,0.00,0.00,0.00,0.00,0.00,"Loss: $0.00 (Max $50.00) | Losses: 0/Max 2","Loss: 0.00% / Max: 20.00%","DD: 6.50% / Max: 20.00% (HWM: $522.02)","BypassedInTester","ActiveSession",TRUE,TRUE,TRUE,TRUE,TRUE,TRUE,TRUE,TRUE,FALSE,FALSE,FALSE,TRUE,FALSE,FALSE,FALSE,FALSE,FALSE,FALSE,FALSE,"Short trend exists but H1 ADX (17.29) < MinADX (20.00)","",0,0,0,0.00000,0.00000,0.00000,0.00000,"",0.00,0.00
2026.09.08 11:00:00,2026.09.08 11:00:00,2026.09.08 11:00:00,"10****84",XAUUSD,108151,2026.09.08 10:45:00,SELL,4419.73817,4447.18018,20.48,4412.66794,9.01071,7.86393,0.00000,4392.27000,0.00000,0.00000,0.00000,0.00000,0.00,0.00,0.00,0.00,0.00,0.00,0.00,"Loss: $0.00 (Max $50.00) | Losses: 0/Max 2","Loss: 0.00% / Max: 20.00%","DD: 6.50% / Max: 20.00% (HWM: $522.02)","BypassedInTester","ActiveSession",TRUE,TRUE,TRUE,TRUE,TRUE,TRUE,TRUE,TRUE,TRUE,FALSE,FALSE,TRUE,FALSE,FALSE,FALSE,FALSE,FALSE,FALSE,FALSE,"No M15 candle in shifts 2-4 touched above EMA20","",0,0,0,0.00000,0.00000,0.00000,0.00000,"",0.00,0.00
2026.09.08 11:15:00,2026.09.08 11:15:00,2026.09.08 11:15:00,"10****84",XAUUSD,108151,2026.09.08 11:00:00,SELL,4419.73817,4447.18018,20.48,4410.54052,9.26714,8.02929,0.00000,4390.33000,0.00000,0.00000,0.00000,0.00000,0.00,0.00,0.00,0.00,0.00,0.00,0.00,"Loss: $0.00 (Max $50.00) | Losses: 0/Max 2","Loss: 0.00% / Max: 20.00%","DD: 6.50% / Max: 20.00% (HWM: $522.02)","BypassedInTester","ActiveSession",TRUE,TRUE,TRUE,TRUE,TRUE,TRUE,TRUE,TRUE,TRUE,FALSE,FALSE,TRUE,FALSE,FALSE,FALSE,FALSE,FALSE,FALSE,FALSE,"No M15 candle in shifts 2-4 touched above EMA20","",0,0,0,0.00000,0.00000,0.00000,0.00000,"",0.00,0.00
2026.09.08 11:30:00,2026.09.08 11:30:00,2026.09.08 11:30:00,"10****84",XAUUSD,108151,2026.09.08 11:15:00,SELL,4419.73817,4447.18018,20.48,4409.02618,9.35571,8.13071,0.00000,4394.64000,0.00000,0.00000,0.00000,0.00000,0.00,0.00,0.00,0.00,0.00,0.00,0.00,"Loss: $0.00 (Max $50.00) | Losses: 0/Max 2","Loss: 0.00% / Max: 20.00%","DD: 6.50% / Max: 20.00% (HWM: $522.02)","BypassedInTester","ActiveSession",TRUE,TRUE,TRUE,TRUE,TRUE,TRUE,TRUE,TRUE,TRUE,FALSE,FALSE,TRUE,FALSE,FALSE,FALSE,FALSE,FALSE,FALSE,FALSE,"No M15 candle in shifts 2-4 touched above EMA20","",0,0,0,0.00000,0.00000,0.00000,0.00000,"",0.00,0.00
2026.09.08 11:45:00,2026.09.08 11:45:00,2026.09.08 11:45:00,"10****84",XAUUSD,108151,2026.09.08 11:30:00,SELL,4419.73817,4447.18018,20.48,4407.46750,9.07357,8.23000,0.00000,4392.66000,0.00000,0.00000,0.00000,0.00000,0.00,0.00,0.00,0.00,0.00,0.00,0.00,"Loss: $0.00 (Max $50.00) | Losses: 0/Max 2","Loss: 0.00% / Max: 20.00%","DD: 6.50% / Max: 20.00% (HWM: $522.02)","BypassedInTester","ActiveSession",TRUE,TRUE,TRUE,TRUE,TRUE,TRUE,TRUE,TRUE,TRUE,FALSE,FALSE,TRUE,FALSE,FALSE,FALSE,FALSE,FALSE,FALSE,FALSE,"No M15 candle in shifts 2-4 touched above EMA20","",0,0,0,0.00000,0.00000,0.00000,0.00000,"",0.00,0.00
2026.09.08 12:00:00,2026.09.08 12:00:00,2026.09.08 12:00:00,"10****84",XAUUSD,108151,2026.09.08 11:45:00,SELL,4418.73393,4446.65232,23.75,4406.19726,8.79143,8.34250,0.00000,4394.13000,0.00000,0.00000,0.00000,0.00000,0.00,0.00,0.00,0.00,0.00,0.00,0.00,"Loss: $0.00 (Max $50.00) | Losses: 0/Max 2","Loss: 0.00% / Max: 20.00%","DD: 6.50% / Max: 20.00% (HWM: $522.02)","BypassedInTester","ActiveSession",TRUE,TRUE,TRUE,TRUE,TRUE,TRUE,TRUE,TRUE,TRUE,FALSE,FALSE,TRUE,FALSE,FALSE,FALSE,FALSE,FALSE,FALSE,FALSE,"No M15 candle in shifts 2-4 touched above EMA20","",0,0,0,0.00000,0.00000,0.00000,0.00000,"",0.00,0.00
2026.09.08 12:15:00,2026.09.08 12:15:00,2026.09.08 12:15:00,"10****84",XAUUSD,108151,2026.09.08 12:00:00,SELL,4418.73393,4446.65232,23.75,4405.35562,8.63500,8.38607,0.00000,4397.36000,0.00000,0.00000,0.00000,0.00000,0.00,0.00,0.00,0.00,0.00,0.00,0.00,"Loss: $0.00 (Max $50.00) | Losses: 0/Max 2","Loss: 0.00% / Max: 20.00%","DD: 6.50% / Max: 20.00% (HWM: $522.02)","BypassedInTester","ActiveSession",TRUE,TRUE,TRUE,TRUE,TRUE,TRUE,TRUE,TRUE,TRUE,FALSE,FALSE,TRUE,FALSE,FALSE,FALSE,FALSE,FALSE,FALSE,FALSE,"No M15 candle in shifts 2-4 touched above EMA20","",0,0,0,0.00000,0.00000,0.00000,0.00000,"",0.00,0.00
2026.09.08 12:30:00,2026.09.08 12:30:00,2026.09.08 12:30:00,"10****84",XAUUSD,108151,2026.09.08 12:15:00,SELL,4418.73393,4446.65232,23.75,4404.17794,8.30286,8.40036,0.00000,4392.99000,0.00000,0.00000,0.00000,0.00000,0.00,0.00,0.00,0.00,0.00,0.00,0.00,"Loss: $0.00 (Max $50.00) | Losses: 0/Max 2","Loss: 0.00% / Max: 20.00%","DD: 6.50% / Max: 20.00% (HWM: $522.02)","BypassedInTester","ActiveSession",TRUE,TRUE,TRUE,TRUE,TRUE,TRUE,TRUE,TRUE,TRUE,FALSE,FALSE,TRUE,FALSE,FALSE,FALSE,FALSE,FALSE,FALSE,FALSE,"No M15 candle in shifts 2-4 touched above EMA20","",0,0,0,0.00000,0.00000,0.00000,0.00000,"",0.00,0.00
2026.09.08 12:45:00,2026.09.08 12:45:00,2026.09.08 12:45:00,"10****84",XAUUSD,108151,2026.09.08 12:30:00,SELL,4418.73393,4446.65232,23.75,4403.91528,8.38857,8.40036,0.00000,4401.42000,0.00000,0.00000,0.00000,0.00000,0.00,0.00,0.00,0.00,0.00,0.00,0.00,"Loss: $0.00 (Max $50.00) | Losses: 0/Max 2","Loss: 0.00% / Max: 20.00%","DD: 6.50% / Max: 20.00% (HWM: $522.02)","BypassedInTester","ActiveSession",TRUE,TRUE,TRUE,TRUE,TRUE,TRUE,TRUE,TRUE,TRUE,FALSE,FALSE,TRUE,FALSE,FALSE,FALSE,FALSE,FALSE,FALSE,FALSE,"No M15 candle in shifts 2-4 touched above EMA20","",0,0,0,0.00000,0.00000,0.00000,0.00000,"",0.00,0.00
2026.09.08 13:00:00,2026.09.08 13:00:00,2026.09.08 13:00:00,"10****84",XAUUSD,108151,2026.09.08 12:45:00,SELL,4418.11299,4446.21697,23.68,4403.81858,7.82143,8.40036,0.00000,4402.90000,0.00000,0.00000,0.00000,0.00000,0.00,0.00,0.00,0.00,0.00,0.00,0.00,"Loss: $0.00 (Max $50.00) | Losses: 0/Max 2","Loss: 0.00% / Max: 20.00%","DD: 6.50% / Max: 20.00% (HWM: $522.02)","BypassedInTester","ActiveSession",TRUE,TRUE,TRUE,TRUE,TRUE,TRUE,TRUE,TRUE,TRUE,FALSE,FALSE,TRUE,FALSE,FALSE,FALSE,FALSE,FALSE,FALSE,FALSE,"No M15 candle in shifts 2-4 touched above EMA20","",0,0,0,0.00000,0.00000,0.00000,0.00000,"",0.00,0.00
2026.09.08 13:15:00,2026.09.08 13:15:00,2026.09.08 13:15:00,"10****84",XAUUSD,108151,2026.09.08 13:00:00,SELL,4418.11299,4446.21697,23.68,4403.09777,7.73071,8.40036,0.14000,4396.25000,4396.27000,4406.35000,4355.95000,10.08000,0.25,50.00,0.05,0.04,0.01,0.01,175.85,"Loss: $0.00 (Max $50.00) | Losses: 0/Max 2","Loss: 0.00% / Max: 20.00%","DD: 6.50% / Max: 20.00% (HWM: $522.02)","BypassedInTester","ActiveSession",TRUE,TRUE,TRUE,TRUE,TRUE,TRUE,TRUE,TRUE,TRUE,TRUE,TRUE,TRUE,TRUE,TRUE,TRUE,TRUE,TRUE,FALSE,FALSE,"Required margin $175.85 exceeds 20% of equity ($97.62)","",0,0,0,0.00000,0.00000,0.00000,0.00000,"",0.00,0.00
2026.09.08 13:30:00,2026.09.08 13:30:00,2026.09.08 13:30:00,"10****84",XAUUSD,108151,2026.09.08 13:15:00,SELL,4418.11299,4446.21697,23.68,4402.74369,8.07000,8.40036,0.00000,4399.38000,0.00000,0.00000,0.00000,0.00000,0.00,0.00,0.00,0.00,0.00,0.00,0.00,"Loss: $0.00 (Max $50.00) | Losses: 0/Max 2","Loss: 0.00% / Max: 20.00%","DD: 6.50% / Max: 20.00% (HWM: $522.02)","BypassedInTester","ActiveSession",TRUE,TRUE,TRUE,TRUE,TRUE,TRUE,TRUE,TRUE,TRUE,TRUE,FALSE,TRUE,FALSE,FALSE,FALSE,FALSE,FALSE,FALSE,FALSE,"Close[1] (4399.38000) did not close below Low[2] (4393.64000)","",0,0,0,0.00000,0.00000,0.00000,0.00000,"",0.00,0.00
2026.09.08 13:45:00,2026.09.08 13:45:00,2026.09.08 13:45:00,"10****84",XAUUSD,108151,2026.09.08 13:30:00,SELL,4418.11299,4446.21697,23.68,4402.20429,7.95571,8.40036,0.00000,4397.08000,0.00000,0.00000,0.00000,0.00000,0.00,0.00,0.00,0.00,0.00,0.00,0.00,"Loss: $0.00 (Max $50.00) | Losses: 0/Max 2","Loss: 0.00% / Max: 20.00%","DD: 6.50% / Max: 20.00% (HWM: $522.02)","BypassedInTester","ActiveSession",TRUE,TRUE,TRUE,TRUE,TRUE,TRUE,TRUE,TRUE,TRUE,TRUE,FALSE,TRUE,FALSE,FALSE,FALSE,FALSE,FALSE,FALSE,FALSE,"Close[1] (4397.08000) did not close below Low[2] (4395.98000)","",0,0,0,0.00000,0.00000,0.00000,0.00000,"",0.00,0.00
2026.09.08 14:00:00,2026.09.08 14:00:00,2026.09.08 14:00:00,"10****84",XAUUSD,108151,2026.09.08 13:45:00,SELL,4417.21601,4445.70974,23.04,4401.54103,8.03929,8.40036,0.00000,4395.24000,0.00000,0.00000,0.00000,0.00000,0.00,0.00,0.00,0.00,0.00,0.00,0.00,"Loss: $0.00 (Max $50.00) | Losses: 0/Max 2","Loss: 0.00% / Max: 20.00%","DD: 6.50% / Max: 20.00% (HWM: $522.02)","BypassedInTester","ActiveSession",TRUE,TRUE,TRUE,TRUE,TRUE,TRUE,TRUE,TRUE,TRUE,TRUE,FALSE,TRUE,FALSE,FALSE,FALSE,FALSE,FALSE,FALSE,FALSE,"Close[1] (4395.24000) did not close below Low[2] (4393.86000)","",0,0,0,0.00000,0.00000,0.00000,0.00000,"",0.00,0.00
2026.09.08 14:15:00,2026.09.08 14:15:00,2026.09.08 14:15:00,"10****84",XAUUSD,108151,2026.09.08 14:00:00,SELL,4417.21601,4445.70974,23.04,4400.92283,7.61714,8.40036,0.16000,4395.05000,4395.01000,4407.68000,4344.33000,12.67000,0.25,50.00,0.04,0.03,0.01,0.01,131.85,"Loss: $0.00 (Max $50.00) | Losses: 0/Max 2","Loss: 0.00% / Max: 20.00%","DD: 6.50% / Max: 20.00% (HWM: $522.02)","BypassedInTester","ActiveSession",TRUE,TRUE,TRUE,TRUE,TRUE,TRUE,TRUE,TRUE,TRUE,TRUE,TRUE,TRUE,TRUE,TRUE,TRUE,TRUE,TRUE,FALSE,FALSE,"Required margin $131.85 exceeds 20% of equity ($97.62)","",0,0,0,0.00000,0.00000,0.00000,0.00000,"",0.00,0.00
2026.09.08 14:30:00,2026.09.08 14:30:00,2026.09.08 14:30:00,"10****84",XAUUSD,108151,2026.09.08 14:15:00,SELL,4417.21601,4445.70974,23.04,4401.02066,7.67143,8.40036,0.00000,4401.95000,0.00000,0.00000,0.00000,0.00000,0.00,0.00,0.00,0.00,0.00,0.00,0.00,"Loss: $0.00 (Max $50.00) | Losses: 0/Max 2","Loss: 0.00% / Max: 20.00%","DD: 6.50% / Max: 20.00% (HWM: $522.02)","BypassedInTester","ActiveSession",TRUE,TRUE,TRUE,TRUE,TRUE,TRUE,TRUE,TRUE,TRUE,FALSE,FALSE,TRUE,FALSE,FALSE,FALSE,FALSE,FALSE,FALSE,FALSE,"No M15 candle in shifts 2-4 touched above EMA20","",0,0,0,0.00000,0.00000,0.00000,0.00000,"",0.00,0.00
2026.09.08 14:45:00,2026.09.08 14:45:00,2026.09.08 14:45:00,"10****84",XAUUSD,108151,2026.09.08 14:30:00,SELL,4417.21601,4445.70974,23.04,4401.25679,7.62786,8.40036,0.00000,4403.50000,0.00000,0.00000,0.00000,0.00000,0.00,0.00,0.00,0.00,0.00,0.00,0.00,"Loss: $0.00 (Max $50.00) | Losses: 0/Max 2","Loss: 0.00% / Max: 20.00%","DD: 6.50% / Max: 20.00% (HWM: $522.02)","BypassedInTester","ActiveSession",TRUE,TRUE,TRUE,TRUE,TRUE,TRUE,TRUE,TRUE,TRUE,TRUE,FALSE,TRUE,FALSE,FALSE,FALSE,FALSE,FALSE,FALSE,FALSE,"Close[1] (4403.50000) did not close below Low[2] (4394.87000)","",0,0,0,0.00000,0.00000,0.00000,0.00000,"",0.00,0.00
2026.09.08 15:00:00,2026.09.08 15:00:00,2026.09.08 15:00:00,"10****84",XAUUSD,108151,2026.09.08 14:45:00,SELL,4416.78990,4445.31810,23.12,4401.74186,7.76714,8.40036,0.00000,4406.35000,0.00000,0.00000,0.00000,0.00000,0.00,0.00,0.00,0.00,0.00,0.00,0.00,"Loss: $0.00 (Max $50.00) | Losses: 0/Max 2","Loss: 0.00% / Max: 20.00%","DD: 6.50% / Max: 20.00% (HWM: $522.02)","BypassedInTester","ActiveSession",TRUE,TRUE,TRUE,TRUE,TRUE,TRUE,TRUE,TRUE,TRUE,TRUE,FALSE,TRUE,FALSE,FALSE,FALSE,FALSE,FALSE,FALSE,FALSE,"Close[1] (4406.35000) did not close below Low[2] (4400.48000)","",0,0,0,0.00000,0.00000,0.00000,0.00000,"",0.00,0.00
2026.09.08 15:15:00,2026.09.08 15:15:00,2026.09.08 15:15:00,"10****84",XAUUSD,108151,2026.09.08 15:00:00,SELL,4416.78990,4445.31810,23.12,4400.79311,8.45500,8.40036,0.08000,4391.78000,4391.72000,4408.75000,4323.60000,17.03000,0.25,50.00,0.03,0.02,0.01,0.01,87.83,"Loss: $0.00 (Max $50.00) | Losses: 0/Max 2","Loss: 0.00% / Max: 20.00%","DD: 6.50% / Max: 20.00% (HWM: $522.02)","BypassedInTester","ActiveSession",TRUE,TRUE,TRUE,TRUE,TRUE,TRUE,TRUE,TRUE,TRUE,TRUE,TRUE,TRUE,TRUE,TRUE,TRUE,TRUE,TRUE,TRUE,TRUE,"","Executed successfully. Deal: 6, Price: 4391.72000, Vol: 0.02",10009,6,6,4391.72000,0.08000,0.00000,0.00000,"",0.00,0.00
2026.09.08 15:30:00,2026.09.08 15:30:00,2026.09.08 15:30:00,"10****84",XAUUSD,108151,2026.09.08 15:15:00,NONE,0.00000,0.00000,0.00,0.00000,0.00000,0.00000,0.00000,0.00000,0.00000,0.00000,0.00000,0.00000,0.00,0.00,0.00,0.00,0.00,0.00,0.00,"","","","","ActiveSession",TRUE,TRUE,TRUE,FALSE,FALSE,FALSE,FALSE,FALSE,FALSE,FALSE,FALSE,FALSE,FALSE,FALSE,FALSE,FALSE,FALSE,FALSE,FALSE,"EA already has an active open position","",0,0,0,0.00000,0.00000,0.00000,0.00000,"",0.00,0.00
2026.09.08 15:45:00,2026.09.08 15:45:00,2026.09.08 15:45:00,"10****84",XAUUSD,108151,2026.09.08 15:30:00,NONE,0.00000,0.00000,0.00,0.00000,0.00000,0.00000,0.00000,0.00000,0.00000,0.00000,0.00000,0.00000,0.00,0.00,0.00,0.00,0.00,0.00,0.00,"","","","","ActiveSession",TRUE,TRUE,TRUE,FALSE,FALSE,FALSE,FALSE,FALSE,FALSE,FALSE,FALSE,FALSE,FALSE,FALSE,FALSE,FALSE,FALSE,FALSE,FALSE,"EA already has an active open position","",0,0,0,0.00000,0.00000,0.00000,0.00000,"",0.00,0.00
2026.09.08 16:00:00,2026.09.08 16:00:00,2026.09.08 16:00:00,"10****84",XAUUSD,108151,2026.09.08 15:45:00,NONE,0.00000,0.00000,0.00,0.00000,0.00000,0.00000,0.00000,0.00000,0.00000,0.00000,0.00000,0.00000,0.00,0.00,0.00,0.00,0.00,0.00,0.00,"","","","","OutsideUTCWindow",TRUE,TRUE,FALSE,FALSE,FALSE,FALSE,FALSE,FALSE,FALSE,FALSE,FALSE,FALSE,FALSE,FALSE,FALSE,FALSE,FALSE,FALSE,FALSE,"Outside UTC session (08:00 - 16:00 UTC, Current: 16:00)","",0,0,0,0.00000,0.00000,0.00000,0.00000,"",0.00,0.00
2026.09.08 16:15:00,2026.09.08 16:15:00,2026.09.08 16:15:00,"10****84",XAUUSD,108151,2026.09.08 16:00:00,NONE,0.00000,0.00000,0.00,0.00000,0.00000,0.00000,0.00000,0.00000,0.00000,0.00000,0.00000,0.00000,0.00,0.00,0.00,0.00,0.00,0.00,0.00,"","","","","OutsideUTCWindow",TRUE,TRUE,FALSE,FALSE,FALSE,FALSE,FALSE,FALSE,FALSE,FALSE,FALSE,FALSE,FALSE,FALSE,FALSE,FALSE,FALSE,FALSE,FALSE,"Outside UTC session (08:00 - 16:00 UTC, Current: 16:15)","",0,0,0,0.00000,0.00000,0.00000,0.00000,"",0.00,0.00
2026.09.08 16:30:00,2026.09.08 16:30:00,2026.09.08 16:30:00,"10****84",XAUUSD,108151,2026.09.08 16:15:00,NONE,0.00000,0.00000,0.00,0.00000,0.00000,0.00000,0.00000,0.00000,0.00000,0.00000,0.00000,0.00000,0.00,0.00,0.00,0.00,0.00,0.00,0.00,"","","","","OutsideUTCWindow",TRUE,TRUE,FALSE,FALSE,FALSE,FALSE,FALSE,FALSE,FALSE,FALSE,FALSE,FALSE,FALSE,FALSE,FALSE,FALSE,FALSE,FALSE,FALSE,"Outside UTC session (08:00 - 16:00 UTC, Current: 16:30)","",0,0,0,0.00000,0.00000,0.00000,0.00000,"",0.00,0.00
2026.09.08 16:45:00,2026.09.08 16:45:00,2026.09.08 16:45:00,"10****84",XAUUSD,108151,2026.09.08 16:30:00,NONE,0.00000,0.00000,0.00,0.00000,0.00000,0.00000,0.00000,0.00000,0.00000,0.00000,0.00000,0.00000,0.00,0.00,0.00,0.00,0.00,0.00,0.00,"","","","","OutsideUTCWindow",TRUE,TRUE,FALSE,FALSE,FALSE,FALSE,FALSE,FALSE,FALSE,FALSE,FALSE,FALSE,FALSE,FALSE,FALSE,FALSE,FALSE,FALSE,FALSE,"Outside UTC session (08:00 - 16:00 UTC, Current: 16:45)","",0,0,0,0.00000,0.00000,0.00000,0.00000,"",0.00,0.00
2026.09.08 17:00:00,2026.09.08 17:00:00,2026.09.08 17:00:00,"10****84",XAUUSD,108151,2026.09.08 16:45:00,NONE,0.00000,0.00000,0.00,0.00000,0.00000,0.00000,0.00000,0.00000,0.00000,0.00000,0.00000,0.00000,0.00,0.00,0.00,0.00,0.00,0.00,0.00,"","","","","OutsideUTCWindow",TRUE,TRUE,FALSE,FALSE,FALSE,FALSE,FALSE,FALSE,FALSE,FALSE,FALSE,FALSE,FALSE,FALSE,FALSE,FALSE,FALSE,FALSE,FALSE,"Outside UTC session (08:00 - 16:00 UTC, Current: 17:00)","",0,0,0,0.00000,0.00000,0.00000,0.00000,"",0.00,0.00
2026.09.08 17:15:00,2026.09.08 17:15:00,2026.09.08 17:15:00,"10****84",XAUUSD,108151,2026.09.08 17:00:00,NONE,0.00000,0.00000,0.00,0.00000,0.00000,0.00000,0.00000,0.00000,0.00000,0.00000,0.00000,0.00000,0.00,0.00,0.00,0.00,0.00,0.00,0.00,"","","","","OutsideUTCWindow",TRUE,TRUE,FALSE,FALSE,FALSE,FALSE,FALSE,FALSE,FALSE,FALSE,FALSE,FALSE,FALSE,FALSE,FALSE,FALSE,FALSE,FALSE,FALSE,"Outside UTC session (08:00 - 16:00 UTC, Current: 17:15)","",0,0,0,0.00000,0.00000,0.00000,0.00000,"",0.00,0.00
2026.09.08 17:30:00,2026.09.08 17:30:00,2026.09.08 17:30:00,"10****84",XAUUSD,108151,2026.09.08 17:15:00,NONE,0.00000,0.00000,0.00,0.00000,0.00000,0.00000,0.00000,0.00000,0.00000,0.00000,0.00000,0.00000,0.00,0.00,0.00,0.00,0.00,0.00,0.00,"","","","","OutsideUTCWindow",TRUE,TRUE,FALSE,FALSE,FALSE,FALSE,FALSE,FALSE,FALSE,FALSE,FALSE,FALSE,FALSE,FALSE,FALSE,FALSE,FALSE,FALSE,FALSE,"Outside UTC session (08:00 - 16:00 UTC, Current: 17:30)","",0,0,0,0.00000,0.00000,0.00000,0.00000,"",0.00,0.00
2026.09.08 17:45:00,2026.09.08 17:45:00,2026.09.08 17:45:00,"10****84",XAUUSD,108151,2026.09.08 17:30:00,NONE,0.00000,0.00000,0.00,0.00000,0.00000,0.00000,0.00000,0.00000,0.00000,0.00000,0.00000,0.00000,0.00,0.00,0.00,0.00,0.00,0.00,0.00,"","","","","OutsideUTCWindow",TRUE,TRUE,FALSE,FALSE,FALSE,FALSE,FALSE,FALSE,FALSE,FALSE,FALSE,FALSE,FALSE,FALSE,FALSE,FALSE,FALSE,FALSE,FALSE,"Outside UTC session (08:00 - 16:00 UTC, Current: 17:45)","",0,0,0,0.00000,0.00000,0.00000,0.00000,"",0.00,0.00
2026.09.08 18:00:00,2026.09.08 18:00:00,2026.09.08 18:00:00,"10****84",XAUUSD,108151,2026.09.08 17:45:00,NONE,0.00000,0.00000,0.00,0.00000,0.00000,0.00000,0.00000,0.00000,0.00000,0.00000,0.00000,0.00000,0.00,0.00,0.00,0.00,0.00,0.00,0.00,"","","","","OutsideUTCWindow",TRUE,TRUE,FALSE,FALSE,FALSE,FALSE,FALSE,FALSE,FALSE,FALSE,FALSE,FALSE,FALSE,FALSE,FALSE,FALSE,FALSE,FALSE,FALSE,"Outside UTC session (08:00 - 16:00 UTC, Current: 18:00)","",0,0,0,0.00000,0.00000,0.00000,0.00000,"",0.00,0.00
2026.09.08 18:15:00,2026.09.08 18:15:00,2026.09.08 18:15:00,"10****84",XAUUSD,108151,2026.09.08 18:00:00,NONE,0.00000,0.00000,0.00,0.00000,0.00000,0.00000,0.00000,0.00000,0.00000,0.00000,0.00000,0.00000,0.00,0.00,0.00,0.00,0.00,0.00,0.00,"","","","","OutsideUTCWindow",TRUE,TRUE,FALSE,FALSE,FALSE,FALSE,FALSE,FALSE,FALSE,FALSE,FALSE,FALSE,FALSE,FALSE,FALSE,FALSE,FALSE,FALSE,FALSE,"Outside UTC session (08:00 - 16:00 UTC, Current: 18:15)","",0,0,0,0.00000,0.00000,0.00000,0.00000,"",0.00,0.00
2026.09.08 18:30:00,2026.09.08 18:30:00,2026.09.08 18:30:00,"10****84",XAUUSD,108151,2026.09.08 18:15:00,NONE,0.00000,0.00000,0.00,0.00000,0.00000,0.00000,0.00000,0.00000,0.00000,0.00000,0.00000,0.00000,0.00,0.00,0.00,0.00,0.00,0.00,0.00,"","","","","OutsideUTCWindow",TRUE,TRUE,FALSE,FALSE,FALSE,FALSE,FALSE,FALSE,FALSE,FALSE,FALSE,FALSE,FALSE,FALSE,FALSE,FALSE,FALSE,FALSE,FALSE,"Outside UTC session (08:00 - 16:00 UTC, Current: 18:30)","",0,0,0,0.00000,0.00000,0.00000,0.00000,"",0.00,0.00
2026.09.08 18:45:00,2026.09.08 18:45:00,2026.09.08 18:45:00,"10****84",XAUUSD,108151,2026.09.08 18:30:00,NONE,0.00000,0.00000,0.00,0.00000,0.00000,0.00000,0.00000,0.00000,0.00000,0.00000,0.00000,0.00000,0.00,0.00,0.00,0.00,0.00,0.00,0.00,"","","","","OutsideUTCWindow",TRUE,TRUE,FALSE,FALSE,FALSE,FALSE,FALSE,FALSE,FALSE,FALSE,FALSE,FALSE,FALSE,FALSE,FALSE,FALSE,FALSE,FALSE,FALSE,"Outside UTC session (08:00 - 16:00 UTC, Current: 18:45)","",0,0,0,0.00000,0.00000,0.00000,0.00000,"",0.00,0.00
2026.09.08 19:00:00,2026.09.08 19:00:00,2026.09.08 19:00:00,"10****84",XAUUSD,108151,2026.09.08 18:45:00,NONE,0.00000,0.00000,0.00,0.00000,0.00000,0.00000,0.00000,0.00000,0.00000,0.00000,0.00000,0.00000,0.00,0.00,0.00,0.00,0.00,0.00,0.00,"","","","","OutsideUTCWindow",TRUE,TRUE,FALSE,FALSE,FALSE,FALSE,FALSE,FALSE,FALSE,FALSE,FALSE,FALSE,FALSE,FALSE,FALSE,FALSE,FALSE,FALSE,FALSE,"Outside UTC session (08:00 - 16:00 UTC, Current: 19:00)","",0,0,0,0.00000,0.00000,0.00000,0.00000,"",0.00,0.00
2026.09.08 19:15:00,2026.09.08 19:15:00,2026.09.08 19:15:00,"10****84",XAUUSD,108151,2026.09.08 19:00:00,NONE,0.00000,0.00000,0.00,0.00000,0.00000,0.00000,0.00000,0.00000,0.00000,0.00000,0.00000,0.00000,0.00,0.00,0.00,0.00,0.00,0.00,0.00,"","","","","OutsideUTCWindow",TRUE,TRUE,FALSE,FALSE,FALSE,FALSE,FALSE,FALSE,FALSE,FALSE,FALSE,FALSE,FALSE,FALSE,FALSE,FALSE,FALSE,FALSE,FALSE,"Outside UTC session (08:00 - 16:00 UTC, Current: 19:15)","",0,0,0,0.00000,0.00000,0.00000,0.00000,"",0.00,0.00
2026.09.08 19:30:00,2026.09.08 19:30:00,2026.09.08 19:30:00,"10****84",XAUUSD,108151,2026.09.08 19:15:00,NONE,0.00000,0.00000,0.00,0.00000,0.00000,0.00000,0.00000,0.00000,0.00000,0.00000,0.00000,0.00000,0.00,0.00,0.00,0.00,0.00,0.00,0.00,"","","","","OutsideUTCWindow",TRUE,TRUE,FALSE,FALSE,FALSE,FALSE,FALSE,FALSE,FALSE,FALSE,FALSE,FALSE,FALSE,FALSE,FALSE,FALSE,FALSE,FALSE,FALSE,"Outside UTC session (08:00 - 16:00 UTC, Current: 19:30)","",0,0,0,0.00000,0.00000,0.00000,0.00000,"",0.00,0.00
2026.09.08 19:45:00,2026.09.08 19:45:00,2026.09.08 19:45:00,"10****84",XAUUSD,108151,2026.09.08 19:30:00,NONE,0.00000,0.00000,0.00,0.00000,0.00000,0.00000,0.00000,0.00000,0.00000,0.00000,0.00000,0.00000,0.00,0.00,0.00,0.00,0.00,0.00,0.00,"","","","","OutsideUTCWindow",TRUE,TRUE,FALSE,FALSE,FALSE,FALSE,FALSE,FALSE,FALSE,FALSE,FALSE,FALSE,FALSE,FALSE,FALSE,FALSE,FALSE,FALSE,FALSE,"Outside UTC session (08:00 - 16:00 UTC, Current: 19:45)","",0,0,0,0.00000,0.00000,0.00000,0.00000,"",0.00,0.00
2026.09.08 20:00:00,2026.09.08 20:00:00,2026.09.08 20:00:00,"10****84",XAUUSD,108151,2026.09.08 19:45:00,NONE,0.00000,0.00000,0.00,0.00000,0.00000,0.00000,0.00000,0.00000,0.00000,0.00000,0.00000,0.00000,0.00,0.00,0.00,0.00,0.00,0.00,0.00,"","","","","OutsideUTCWindow",TRUE,TRUE,FALSE,FALSE,FALSE,FALSE,FALSE,FALSE,FALSE,FALSE,FALSE,FALSE,FALSE,FALSE,FALSE,FALSE,FALSE,FALSE,FALSE,"Outside UTC session (08:00 - 16:00 UTC, Current: 20:00)","",0,0,0,0.00000,0.00000,0.00000,0.00000,"",0.00,0.00
2026.09.08 20:15:00,2026.09.08 20:15:00,2026.09.08 20:15:00,"10****84",XAUUSD,108151,2026.09.08 20:00:00,NONE,0.00000,0.00000,0.00,0.00000,0.00000,0.00000,0.00000,0.00000,0.00000,0.00000,0.00000,0.00000,0.00,0.00,0.00,0.00,0.00,0.00,0.00,"","","","","OutsideUTCWindow",TRUE,TRUE,FALSE,FALSE,FALSE,FALSE,FALSE,FALSE,FALSE,FALSE,FALSE,FALSE,FALSE,FALSE,FALSE,FALSE,FALSE,FALSE,FALSE,"Outside UTC session (08:00 - 16:00 UTC, Current: 20:15)","",0,0,0,0.00000,0.00000,0.00000,0.00000,"",0.00,0.00
2026.09.08 20:30:00,2026.09.08 20:30:00,2026.09.08 20:30:00,"10****84",XAUUSD,108151,2026.09.08 20:15:00,NONE,0.00000,0.00000,0.00,0.00000,0.00000,0.00000,0.00000,0.00000,0.00000,0.00000,0.00000,0.00000,0.00,0.00,0.00,0.00,0.00,0.00,0.00,"","","","","OutsideUTCWindow",TRUE,TRUE,FALSE,FALSE,FALSE,FALSE,FALSE,FALSE,FALSE,FALSE,FALSE,FALSE,FALSE,FALSE,FALSE,FALSE,FALSE,FALSE,FALSE,"Outside UTC session (08:00 - 16:00 UTC, Current: 20:30)","",0,0,0,0.00000,0.00000,0.00000,0.00000,"",0.00,0.00
2026.09.08 20:45:00,2026.09.08 20:45:00,2026.09.08 20:45:00,"10****84",XAUUSD,108151,2026.09.08 20:30:00,NONE,0.00000,0.00000,0.00,0.00000,0.00000,0.00000,0.00000,0.00000,0.00000,0.00000,0.00000,0.00000,0.00,0.00,0.00,0.00,0.00,0.00,0.00,"","","","","OutsideUTCWindow",TRUE,TRUE,FALSE,FALSE,FALSE,FALSE,FALSE,FALSE,FALSE,FALSE,FALSE,FALSE,FALSE,FALSE,FALSE,FALSE,FALSE,FALSE,FALSE,"Outside UTC session (08:00 - 16:00 UTC, Current: 20:45)","",0,0,0,0.00000,0.00000,0.00000,0.00000,"",0.00,0.00
2026.09.08 21:00:00,2026.09.08 21:00:00,2026.09.08 21:00:00,"10****84",XAUUSD,108151,2026.09.08 20:45:00,NONE,0.00000,0.00000,0.00,0.00000,0.00000,0.00000,0.00000,0.00000,0.00000,0.00000,0.00000,0.00000,0.00,0.00,0.00,0.00,0.00,0.00,0.00,"","","","","OutsideUTCWindow",TRUE,TRUE,FALSE,FALSE,FALSE,FALSE,FALSE,FALSE,FALSE,FALSE,FALSE,FALSE,FALSE,FALSE,FALSE,FALSE,FALSE,FALSE,FALSE,"Outside UTC session (08:00 - 16:00 UTC, Current: 21:00)","",0,0,0,0.00000,0.00000,0.00000,0.00000,"",0.00,0.00
2026.09.08 21:15:00,2026.09.08 21:15:00,2026.09.08 21:15:00,"10****84",XAUUSD,108151,2026.09.08 21:00:00,NONE,0.00000,0.00000,0.00,0.00000,0.00000,0.00000,0.00000,0.00000,0.00000,0.00000,0.00000,0.00000,0.00,0.00,0.00,0.00,0.00,0.00,0.00,"","","","","OutsideUTCWindow",TRUE,TRUE,FALSE,FALSE,FALSE,FALSE,FALSE,FALSE,FALSE,FALSE,FALSE,FALSE,FALSE,FALSE,FALSE,FALSE,FALSE,FALSE,FALSE,"Outside UTC session (08:00 - 16:00 UTC, Current: 21:15)","",0,0,0,0.00000,0.00000,0.00000,0.00000,"",0.00,0.00
2026.09.08 21:30:00,2026.09.08 21:30:00,2026.09.08 21:30:00,"10****84",XAUUSD,108151,2026.09.08 21:15:00,NONE,0.00000,0.00000,0.00,0.00000,0.00000,0.00000,0.00000,0.00000,0.00000,0.00000,0.00000,0.00000,0.00,0.00,0.00,0.00,0.00,0.00,0.00,"","","","","OutsideUTCWindow",TRUE,TRUE,FALSE,FALSE,FALSE,FALSE,FALSE,FALSE,FALSE,FALSE,FALSE,FALSE,FALSE,FALSE,FALSE,FALSE,FALSE,FALSE,FALSE,"Outside UTC session (08:00 - 16:00 UTC, Current: 21:30)","",0,0,0,0.00000,0.00000,0.00000,0.00000,"",0.00,0.00
2026.09.08 21:45:00,2026.09.08 21:45:00,2026.09.08 21:45:00,"10****84",XAUUSD,108151,2026.09.08 21:30:00,NONE,0.00000,0.00000,0.00,0.00000,0.00000,0.00000,0.00000,0.00000,0.00000,0.00000,0.00000,0.00000,0.00,0.00,0.00,0.00,0.00,0.00,0.00,"","","","","OutsideUTCWindow",TRUE,TRUE,FALSE,FALSE,FALSE,FALSE,FALSE,FALSE,FALSE,FALSE,FALSE,FALSE,FALSE,FALSE,FALSE,FALSE,FALSE,FALSE,FALSE,"Outside UTC session (08:00 - 16:00 UTC, Current: 21:45)","",0,0,0,0.00000,0.00000,0.00000,0.00000,"",0.00,0.00
2026.09.08 22:00:00,2026.09.08 22:00:00,2026.09.08 22:00:00,"10****84",XAUUSD,108151,2026.09.08 21:45:00,NONE,0.00000,0.00000,0.00,0.00000,0.00000,0.00000,0.00000,0.00000,0.00000,0.00000,0.00000,0.00000,0.00,0.00,0.00,0.00,0.00,0.00,0.00,"","","","","OutsideUTCWindow",TRUE,TRUE,FALSE,FALSE,FALSE,FALSE,FALSE,FALSE,FALSE,FALSE,FALSE,FALSE,FALSE,FALSE,FALSE,FALSE,FALSE,FALSE,FALSE,"Outside UTC session (08:00 - 16:00 UTC, Current: 22:00)","",0,0,0,0.00000,0.00000,0.00000,0.00000,"",0.00,0.00
2026.09.08 22:15:00,2026.09.08 22:15:00,2026.09.08 22:15:00,"10****84",XAUUSD,108151,2026.09.08 22:00:00,NONE,0.00000,0.00000,0.00,0.00000,0.00000,0.00000,0.00000,0.00000,0.00000,0.00000,0.00000,0.00000,0.00,0.00,0.00,0.00,0.00,0.00,0.00,"","","","","OutsideUTCWindow",TRUE,TRUE,FALSE,FALSE,FALSE,FALSE,FALSE,FALSE,FALSE,FALSE,FALSE,FALSE,FALSE,FALSE,FALSE,FALSE,FALSE,FALSE,FALSE,"Outside UTC session (08:00 - 16:00 UTC, Current: 22:15)","",0,0,0,0.00000,0.00000,0.00000,0.00000,"",0.00,0.00
2026.09.08 22:30:00,2026.09.08 22:30:00,2026.09.08 22:30:00,"10****84",XAUUSD,108151,2026.09.08 22:15:00,NONE,0.00000,0.00000,0.00,0.00000,0.00000,0.00000,0.00000,0.00000,0.00000,0.00000,0.00000,0.00000,0.00,0.00,0.00,0.00,0.00,0.00,0.00,"","","","","OutsideUTCWindow",TRUE,TRUE,FALSE,FALSE,FALSE,FALSE,FALSE,FALSE,FALSE,FALSE,FALSE,FALSE,FALSE,FALSE,FALSE,FALSE,FALSE,FALSE,FALSE,"Outside UTC session (08:00 - 16:00 UTC, Current: 22:30)","",0,0,0,0.00000,0.00000,0.00000,0.00000,"",0.00,0.00
2026.09.08 22:45:00,2026.09.08 22:45:00,2026.09.08 22:45:00,"10****84",XAUUSD,108151,2026.09.08 22:30:00,NONE,0.00000,0.00000,0.00,0.00000,0.00000,0.00000,0.00000,0.00000,0.00000,0.00000,0.00000,0.00000,0.00,0.00,0.00,0.00,0.00,0.00,0.00,"","","","","OutsideUTCWindow",TRUE,TRUE,FALSE,FALSE,FALSE,FALSE,FALSE,FALSE,FALSE,FALSE,FALSE,FALSE,FALSE,FALSE,FALSE,FALSE,FALSE,FALSE,FALSE,"Outside UTC session (08:00 - 16:00 UTC, Current: 22:45)","",0,0,0,0.00000,0.00000,0.00000,0.00000,"",0.00,0.00
2026.09.09 01:00:00,2026.09.09 01:00:00,2026.09.09 01:00:00,"10****84",XAUUSD,108151,2026.09.08 22:45:00,NONE,0.00000,0.00000,0.00,0.00000,0.00000,0.00000,0.00000,0.00000,0.00000,0.00000,0.00000,0.00000,0.00,0.00,0.00,0.00,0.00,0.00,0.00,"","","","","OutsideUTCWindow",TRUE,TRUE,FALSE,FALSE,FALSE,FALSE,FALSE,FALSE,FALSE,FALSE,FALSE,FALSE,FALSE,FALSE,FALSE,FALSE,FALSE,FALSE,FALSE,"Outside UTC session (08:00 - 16:00 UTC, Current: 01:00)","",0,0,0,0.00000,0.00000,0.00000,0.00000,"",0.00,0.00
2026.09.09 01:15:00,2026.09.09 01:15:00,2026.09.09 01:15:00,"10****84",XAUUSD,108151,2026.09.09 01:00:00,NONE,0.00000,0.00000,0.00,0.00000,0.00000,0.00000,0.00000,0.00000,0.00000,0.00000,0.00000,0.00000,0.00,0.00,0.00,0.00,0.00,0.00,0.00,"","","","","OutsideUTCWindow",TRUE,TRUE,FALSE,FALSE,FALSE,FALSE,FALSE,FALSE,FALSE,FALSE,FALSE,FALSE,FALSE,FALSE,FALSE,FALSE,FALSE,FALSE,FALSE,"Outside UTC session (08:00 - 16:00 UTC, Current: 01:15)","",0,0,0,0.00000,0.00000,0.00000,0.00000,"",0.00,0.00
2026.09.09 01:30:00,2026.09.09 01:30:00,2026.09.09 01:30:00,"10****84",XAUUSD,108151,2026.09.09 01:15:00,NONE,0.00000,0.00000,0.00,0.00000,0.00000,0.00000,0.00000,0.00000,0.00000,0.00000,0.00000,0.00000,0.00,0.00,0.00,0.00,0.00,0.00,0.00,"","","","","OutsideUTCWindow",TRUE,TRUE,FALSE,FALSE,FALSE,FALSE,FALSE,FALSE,FALSE,FALSE,FALSE,FALSE,FALSE,FALSE,FALSE,FALSE,FALSE,FALSE,FALSE,"Outside UTC session (08:00 - 16:00 UTC, Current: 01:30)","",0,0,0,0.00000,0.00000,0.00000,0.00000,"",0.00,0.00
2026.09.09 01:45:00,2026.09.09 01:45:00,2026.09.09 01:45:00,"10****84",XAUUSD,108151,2026.09.09 01:30:00,NONE,0.00000,0.00000,0.00,0.00000,0.00000,0.00000,0.00000,0.00000,0.00000,0.00000,0.00000,0.00000,0.00,0.00,0.00,0.00,0.00,0.00,0.00,"","","","","OutsideUTCWindow",TRUE,TRUE,FALSE,FALSE,FALSE,FALSE,FALSE,FALSE,FALSE,FALSE,FALSE,FALSE,FALSE,FALSE,FALSE,FALSE,FALSE,FALSE,FALSE,"Outside UTC session (08:00 - 16:00 UTC, Current: 01:45)","",0,0,0,0.00000,0.00000,0.00000,0.00000,"",0.00,0.00
2026.09.09 02:00:00,2026.09.09 02:00:00,2026.09.09 02:00:00,"10****84",XAUUSD,108151,2026.09.09 01:45:00,NONE,0.00000,0.00000,0.00,0.00000,0.00000,0.00000,0.00000,0.00000,0.00000,0.00000,0.00000,0.00000,0.00,0.00,0.00,0.00,0.00,0.00,0.00,"","","","","OutsideUTCWindow",TRUE,TRUE,FALSE,FALSE,FALSE,FALSE,FALSE,FALSE,FALSE,FALSE,FALSE,FALSE,FALSE,FALSE,FALSE,FALSE,FALSE,FALSE,FALSE,"Outside UTC session (08:00 - 16:00 UTC, Current: 02:00)","",0,0,0,0.00000,0.00000,0.00000,0.00000,"",0.00,0.00
2026.09.09 02:15:00,2026.09.09 02:15:00,2026.09.09 02:15:00,"10****84",XAUUSD,108151,2026.09.09 02:00:00,NONE,0.00000,0.00000,0.00,0.00000,0.00000,0.00000,0.00000,0.00000,0.00000,0.00000,0.00000,0.00000,0.00,0.00,0.00,0.00,0.00,0.00,0.00,"","","","","OutsideUTCWindow",TRUE,TRUE,FALSE,FALSE,FALSE,FALSE,FALSE,FALSE,FALSE,FALSE,FALSE,FALSE,FALSE,FALSE,FALSE,FALSE,FALSE,FALSE,FALSE,"Outside UTC session (08:00 - 16:00 UTC, Current: 02:15)","",0,0,0,0.00000,0.00000,0.00000,0.00000,"",0.00,0.00
2026.09.09 02:30:00,2026.09.09 02:30:00,2026.09.09 02:30:00,"10****84",XAUUSD,108151,2026.09.09 02:15:00,NONE,0.00000,0.00000,0.00,0.00000,0.00000,0.00000,0.00000,0.00000,0.00000,0.00000,0.00000,0.00000,0.00,0.00,0.00,0.00,0.00,0.00,0.00,"","","","","OutsideUTCWindow",TRUE,TRUE,FALSE,FALSE,FALSE,FALSE,FALSE,FALSE,FALSE,FALSE,FALSE,FALSE,FALSE,FALSE,FALSE,FALSE,FALSE,FALSE,FALSE,"Outside UTC session (08:00 - 16:00 UTC, Current: 02:30)","",0,0,0,0.00000,0.00000,0.00000,0.00000,"",0.00,0.00
2026.09.09 02:45:00,2026.09.09 02:45:00,2026.09.09 02:45:00,"10****84",XAUUSD,108151,2026.09.09 02:30:00,NONE,0.00000,0.00000,0.00,0.00000,0.00000,0.00000,0.00000,0.00000,0.00000,0.00000,0.00000,0.00000,0.00,0.00,0.00,0.00,0.00,0.00,0.00,"","","","","OutsideUTCWindow",TRUE,TRUE,FALSE,FALSE,FALSE,FALSE,FALSE,FALSE,FALSE,FALSE,FALSE,FALSE,FALSE,FALSE,FALSE,FALSE,FALSE,FALSE,FALSE,"Outside UTC session (08:00 - 16:00 UTC, Current: 02:45)","",0,0,0,0.00000,0.00000,0.00000,0.00000,"",0.00,0.00
2026.09.09 03:00:00,2026.09.09 03:00:00,2026.09.09 03:00:00,"10****84",XAUUSD,108151,2026.09.09 02:45:00,NONE,0.00000,0.00000,0.00,0.00000,0.00000,0.00000,0.00000,0.00000,0.00000,0.00000,0.00000,0.00000,0.00,0.00,0.00,0.00,0.00,0.00,0.00,"","","","","OutsideUTCWindow",TRUE,TRUE,FALSE,FALSE,FALSE,FALSE,FALSE,FALSE,FALSE,FALSE,FALSE,FALSE,FALSE,FALSE,FALSE,FALSE,FALSE,FALSE,FALSE,"Outside UTC session (08:00 - 16:00 UTC, Current: 03:00)","",0,0,0,0.00000,0.00000,0.00000,0.00000,"",0.00,0.00
2026.09.09 03:15:00,2026.09.09 03:15:00,2026.09.09 03:15:00,"10****84",XAUUSD,108151,2026.09.09 03:00:00,NONE,0.00000,0.00000,0.00,0.00000,0.00000,0.00000,0.00000,0.00000,0.00000,0.00000,0.00000,0.00000,0.00,0.00,0.00,0.00,0.00,0.00,0.00,"","","","","OutsideUTCWindow",TRUE,TRUE,FALSE,FALSE,FALSE,FALSE,FALSE,FALSE,FALSE,FALSE,FALSE,FALSE,FALSE,FALSE,FALSE,FALSE,FALSE,FALSE,FALSE,"Outside UTC session (08:00 - 16:00 UTC, Current: 03:15)","",0,0,0,0.00000,0.00000,0.00000,0.00000,"",0.00,0.00
2026.09.09 03:30:00,2026.09.09 03:30:00,2026.09.09 03:30:00,"10****84",XAUUSD,108151,2026.09.09 03:15:00,NONE,0.00000,0.00000,0.00,0.00000,0.00000,0.00000,0.00000,0.00000,0.00000,0.00000,0.00000,0.00000,0.00,0.00,0.00,0.00,0.00,0.00,0.00,"","","","","OutsideUTCWindow",TRUE,TRUE,FALSE,FALSE,FALSE,FALSE,FALSE,FALSE,FALSE,FALSE,FALSE,FALSE,FALSE,FALSE,FALSE,FALSE,FALSE,FALSE,FALSE,"Outside UTC session (08:00 - 16:00 UTC, Current: 03:30)","",0,0,0,0.00000,0.00000,0.00000,0.00000,"",0.00,0.00
2026.09.09 03:45:00,2026.09.09 03:45:00,2026.09.09 03:45:00,"10****84",XAUUSD,108151,2026.09.09 03:30:00,NONE,0.00000,0.00000,0.00,0.00000,0.00000,0.00000,0.00000,0.00000,0.00000,0.00000,0.00000,0.00000,0.00,0.00,0.00,0.00,0.00,0.00,0.00,"","","","","OutsideUTCWindow",TRUE,TRUE,FALSE,FALSE,FALSE,FALSE,FALSE,FALSE,FALSE,FALSE,FALSE,FALSE,FALSE,FALSE,FALSE,FALSE,FALSE,FALSE,FALSE,"Outside UTC session (08:00 - 16:00 UTC, Current: 03:45)","",0,0,0,0.00000,0.00000,0.00000,0.00000,"",0.00,0.00
2026.09.09 04:00:00,2026.09.09 04:00:00,2026.09.09 04:00:00,"10****84",XAUUSD,108151,2026.09.09 03:45:00,NONE,0.00000,0.00000,0.00,0.00000,0.00000,0.00000,0.00000,0.00000,0.00000,0.00000,0.00000,0.00000,0.00,0.00,0.00,0.00,0.00,0.00,0.00,"","","","","OutsideUTCWindow",TRUE,TRUE,FALSE,FALSE,FALSE,FALSE,FALSE,FALSE,FALSE,FALSE,FALSE,FALSE,FALSE,FALSE,FALSE,FALSE,FALSE,FALSE,FALSE,"Outside UTC session (08:00 - 16:00 UTC, Current: 04:00)","",0,0,0,0.00000,0.00000,0.00000,0.00000,"",0.00,0.00
2026.09.09 04:15:00,2026.09.09 04:15:00,2026.09.09 04:15:00,"10****84",XAUUSD,108151,2026.09.09 04:00:00,NONE,0.00000,0.00000,0.00,0.00000,0.00000,0.00000,0.00000,0.00000,0.00000,0.00000,0.00000,0.00000,0.00,0.00,0.00,0.00,0.00,0.00,0.00,"","","","","OutsideUTCWindow",TRUE,TRUE,FALSE,FALSE,FALSE,FALSE,FALSE,FALSE,FALSE,FALSE,FALSE,FALSE,FALSE,FALSE,FALSE,FALSE,FALSE,FALSE,FALSE,"Outside UTC session (08:00 - 16:00 UTC, Current: 04:15)","",0,0,0,0.00000,0.00000,0.00000,0.00000,"",0.00,0.00
2026.09.09 04:30:00,2026.09.09 04:30:00,2026.09.09 04:30:00,"10****84",XAUUSD,108151,2026.09.09 04:15:00,NONE,0.00000,0.00000,0.00,0.00000,0.00000,0.00000,0.00000,0.00000,0.00000,0.00000,0.00000,0.00000,0.00,0.00,0.00,0.00,0.00,0.00,0.00,"","","","","OutsideUTCWindow",TRUE,TRUE,FALSE,FALSE,FALSE,FALSE,FALSE,FALSE,FALSE,FALSE,FALSE,FALSE,FALSE,FALSE,FALSE,FALSE,FALSE,FALSE,FALSE,"Outside UTC session (08:00 - 16:00 UTC, Current: 04:30)","",0,0,0,0.00000,0.00000,0.00000,0.00000,"",0.00,0.00
2026.09.09 04:45:00,2026.09.09 04:45:00,2026.09.09 04:45:00,"10****84",XAUUSD,108151,2026.09.09 04:30:00,NONE,0.00000,0.00000,0.00,0.00000,0.00000,0.00000,0.00000,0.00000,0.00000,0.00000,0.00000,0.00000,0.00,0.00,0.00,0.00,0.00,0.00,0.00,"","","","","OutsideUTCWindow",TRUE,TRUE,FALSE,FALSE,FALSE,FALSE,FALSE,FALSE,FALSE,FALSE,FALSE,FALSE,FALSE,FALSE,FALSE,FALSE,FALSE,FALSE,FALSE,"Outside UTC session (08:00 - 16:00 UTC, Current: 04:45)","",0,0,0,0.00000,0.00000,0.00000,0.00000,"",0.00,0.00
2026.09.09 05:00:00,2026.09.09 05:00:00,2026.09.09 05:00:00,"10****84",XAUUSD,108151,2026.09.09 04:45:00,NONE,0.00000,0.00000,0.00,0.00000,0.00000,0.00000,0.00000,0.00000,0.00000,0.00000,0.00000,0.00000,0.00,0.00,0.00,0.00,0.00,0.00,0.00,"","","","","OutsideUTCWindow",TRUE,TRUE,FALSE,FALSE,FALSE,FALSE,FALSE,FALSE,FALSE,FALSE,FALSE,FALSE,FALSE,FALSE,FALSE,FALSE,FALSE,FALSE,FALSE,"Outside UTC session (08:00 - 16:00 UTC, Current: 05:00)","",0,0,0,0.00000,0.00000,0.00000,0.00000,"",0.00,0.00
2026.09.09 05:15:00,2026.09.09 05:15:00,2026.09.09 05:15:00,"10****84",XAUUSD,108151,2026.09.09 05:00:00,NONE,0.00000,0.00000,0.00,0.00000,0.00000,0.00000,0.00000,0.00000,0.00000,0.00000,0.00000,0.00000,0.00,0.00,0.00,0.00,0.00,0.00,0.00,"","","","","OutsideUTCWindow",TRUE,TRUE,FALSE,FALSE,FALSE,FALSE,FALSE,FALSE,FALSE,FALSE,FALSE,FALSE,FALSE,FALSE,FALSE,FALSE,FALSE,FALSE,FALSE,"Outside UTC session (08:00 - 16:00 UTC, Current: 05:15)","",0,0,0,0.00000,0.00000,0.00000,0.00000,"",0.00,0.00
2026.09.09 05:30:00,2026.09.09 05:30:00,2026.09.09 05:30:00,"10****84",XAUUSD,108151,2026.09.09 05:15:00,NONE,0.00000,0.00000,0.00,0.00000,0.00000,0.00000,0.00000,0.00000,0.00000,0.00000,0.00000,0.00000,0.00,0.00,0.00,0.00,0.00,0.00,0.00,"","","","","OutsideUTCWindow",TRUE,TRUE,FALSE,FALSE,FALSE,FALSE,FALSE,FALSE,FALSE,FALSE,FALSE,FALSE,FALSE,FALSE,FALSE,FALSE,FALSE,FALSE,FALSE,"Outside UTC session (08:00 - 16:00 UTC, Current: 05:30)","",0,0,0,0.00000,0.00000,0.00000,0.00000,"",0.00,0.00
2026.09.09 05:45:00,2026.09.09 05:45:00,2026.09.09 05:45:00,"10****84",XAUUSD,108151,2026.09.09 05:30:00,NONE,0.00000,0.00000,0.00,0.00000,0.00000,0.00000,0.00000,0.00000,0.00000,0.00000,0.00000,0.00000,0.00,0.00,0.00,0.00,0.00,0.00,0.00,"","","","","OutsideUTCWindow",TRUE,TRUE,FALSE,FALSE,FALSE,FALSE,FALSE,FALSE,FALSE,FALSE,FALSE,FALSE,FALSE,FALSE,FALSE,FALSE,FALSE,FALSE,FALSE,"Outside UTC session (08:00 - 16:00 UTC, Current: 05:45)","",0,0,0,0.00000,0.00000,0.00000,0.00000,"",0.00,0.00
2026.09.09 06:00:00,2026.09.09 06:00:00,2026.09.09 06:00:00,"10****84",XAUUSD,108151,2026.09.09 05:45:00,NONE,0.00000,0.00000,0.00,0.00000,0.00000,0.00000,0.00000,0.00000,0.00000,0.00000,0.00000,0.00000,0.00,0.00,0.00,0.00,0.00,0.00,0.00,"","","","","OutsideUTCWindow",TRUE,TRUE,FALSE,FALSE,FALSE,FALSE,FALSE,FALSE,FALSE,FALSE,FALSE,FALSE,FALSE,FALSE,FALSE,FALSE,FALSE,FALSE,FALSE,"Outside UTC session (08:00 - 16:00 UTC, Current: 06:00)","",0,0,0,0.00000,0.00000,0.00000,0.00000,"",0.00,0.00
2026.09.09 06:15:00,2026.09.09 06:15:00,2026.09.09 06:15:00,"10****84",XAUUSD,108151,2026.09.09 06:00:00,NONE,0.00000,0.00000,0.00,0.00000,0.00000,0.00000,0.00000,0.00000,0.00000,0.00000,0.00000,0.00000,0.00,0.00,0.00,0.00,0.00,0.00,0.00,"","","","","OutsideUTCWindow",TRUE,TRUE,FALSE,FALSE,FALSE,FALSE,FALSE,FALSE,FALSE,FALSE,FALSE,FALSE,FALSE,FALSE,FALSE,FALSE,FALSE,FALSE,FALSE,"Outside UTC session (08:00 - 16:00 UTC, Current: 06:15)","",0,0,0,0.00000,0.00000,0.00000,0.00000,"",0.00,0.00
2026.09.09 06:30:00,2026.09.09 06:30:00,2026.09.09 06:30:00,"10****84",XAUUSD,108151,2026.09.09 06:15:00,NONE,0.00000,0.00000,0.00,0.00000,0.00000,0.00000,0.00000,0.00000,0.00000,0.00000,0.00000,0.00000,0.00,0.00,0.00,0.00,0.00,0.00,0.00,"","","","","OutsideUTCWindow",TRUE,TRUE,FALSE,FALSE,FALSE,FALSE,FALSE,FALSE,FALSE,FALSE,FALSE,FALSE,FALSE,FALSE,FALSE,FALSE,FALSE,FALSE,FALSE,"Outside UTC session (08:00 - 16:00 UTC, Current: 06:30)","",0,0,0,0.00000,0.00000,0.00000,0.00000,"",0.00,0.00
2026.09.09 06:45:00,2026.09.09 06:45:00,2026.09.09 06:45:00,"10****84",XAUUSD,108151,2026.09.09 06:30:00,NONE,0.00000,0.00000,0.00,0.00000,0.00000,0.00000,0.00000,0.00000,0.00000,0.00000,0.00000,0.00000,0.00,0.00,0.00,0.00,0.00,0.00,0.00,"","","","","OutsideUTCWindow",TRUE,TRUE,FALSE,FALSE,FALSE,FALSE,FALSE,FALSE,FALSE,FALSE,FALSE,FALSE,FALSE,FALSE,FALSE,FALSE,FALSE,FALSE,FALSE,"Outside UTC session (08:00 - 16:00 UTC, Current: 06:45)","",0,0,0,0.00000,0.00000,0.00000,0.00000,"",0.00,0.00
2026.09.09 07:00:00,2026.09.09 07:00:00,2026.09.09 07:00:00,"10****84",XAUUSD,108151,2026.09.09 06:45:00,NONE,0.00000,0.00000,0.00,0.00000,0.00000,0.00000,0.00000,0.00000,0.00000,0.00000,0.00000,0.00000,0.00,0.00,0.00,0.00,0.00,0.00,0.00,"","","","","OutsideUTCWindow",TRUE,TRUE,FALSE,FALSE,FALSE,FALSE,FALSE,FALSE,FALSE,FALSE,FALSE,FALSE,FALSE,FALSE,FALSE,FALSE,FALSE,FALSE,FALSE,"Outside UTC session (08:00 - 16:00 UTC, Current: 07:00)","",0,0,0,0.00000,0.00000,0.00000,0.00000,"",0.00,0.00
2026.09.09 07:15:00,2026.09.09 07:15:00,2026.09.09 07:15:00,"10****84",XAUUSD,108151,2026.09.09 07:00:00,NONE,0.00000,0.00000,0.00,0.00000,0.00000,0.00000,0.00000,0.00000,0.00000,0.00000,0.00000,0.00000,0.00,0.00,0.00,0.00,0.00,0.00,0.00,"","","","","OutsideUTCWindow",TRUE,TRUE,FALSE,FALSE,FALSE,FALSE,FALSE,FALSE,FALSE,FALSE,FALSE,FALSE,FALSE,FALSE,FALSE,FALSE,FALSE,FALSE,FALSE,"Outside UTC session (08:00 - 16:00 UTC, Current: 07:15)","",0,0,0,0.00000,0.00000,0.00000,0.00000,"",0.00,0.00
2026.09.09 07:30:00,2026.09.09 07:30:00,2026.09.09 07:30:00,"10****84",XAUUSD,108151,2026.09.09 07:15:00,NONE,0.00000,0.00000,0.00,0.00000,0.00000,0.00000,0.00000,0.00000,0.00000,0.00000,0.00000,0.00000,0.00,0.00,0.00,0.00,0.00,0.00,0.00,"","","","","OutsideUTCWindow",TRUE,TRUE,FALSE,FALSE,FALSE,FALSE,FALSE,FALSE,FALSE,FALSE,FALSE,FALSE,FALSE,FALSE,FALSE,FALSE,FALSE,FALSE,FALSE,"Outside UTC session (08:00 - 16:00 UTC, Current: 07:30)","",0,0,0,0.00000,0.00000,0.00000,0.00000,"",0.00,0.00
2026.09.09 07:45:00,2026.09.09 07:45:00,2026.09.09 07:45:00,"10****84",XAUUSD,108151,2026.09.09 07:30:00,NONE,0.00000,0.00000,0.00,0.00000,0.00000,0.00000,0.00000,0.00000,0.00000,0.00000,0.00000,0.00000,0.00,0.00,0.00,0.00,0.00,0.00,0.00,"","","","","OutsideUTCWindow",TRUE,TRUE,FALSE,FALSE,FALSE,FALSE,FALSE,FALSE,FALSE,FALSE,FALSE,FALSE,FALSE,FALSE,FALSE,FALSE,FALSE,FALSE,FALSE,"Outside UTC session (08:00 - 16:00 UTC, Current: 07:45)","",0,0,0,0.00000,0.00000,0.00000,0.00000,"",0.00,0.00
2026.09.09 08:00:00,2026.09.09 08:00:00,2026.09.09 08:00:00,"10****84",XAUUSD,108151,2026.09.09 07:45:00,SELL,4399.41284,4436.15250,30.15,4374.17843,6.00786,8.73929,0.00000,4381.45000,0.00000,0.00000,0.00000,0.00000,0.00,0.00,0.00,0.00,0.00,0.00,0.00,"Loss: $0.00 (Max $50.00) | Losses: 0/Max 2","Loss: 1.46% / Max: 20.00%","DD: 13.03% / Max: 20.00% (HWM: $522.02)","BypassedInTester","ActiveSession",TRUE,TRUE,TRUE,TRUE,TRUE,TRUE,TRUE,TRUE,TRUE,TRUE,FALSE,TRUE,FALSE,FALSE,FALSE,FALSE,FALSE,FALSE,FALSE,"Close[1] (4381.45000) did not close below Low[2] (4376.20000)","",0,0,0,0.00000,0.00000,0.00000,0.00000,"",0.00,0.00
2026.09.09 08:15:00,2026.09.09 08:15:00,2026.09.09 08:15:00,"10****84",XAUUSD,108151,2026.09.09 08:00:00,SELL,4399.41284,4436.15250,30.15,4375.45572,6.01857,8.69821,0.00000,4387.59000,0.00000,0.00000,0.00000,0.00000,0.00,0.00,0.00,0.00,0.00,0.00,0.00,"Loss: $0.00 (Max $50.00) | Losses: 0/Max 2","Loss: 1.46% / Max: 20.00%","DD: 13.03% / Max: 20.00% (HWM: $522.02)","BypassedInTester","ActiveSession",TRUE,TRUE,TRUE,TRUE,TRUE,TRUE,TRUE,TRUE,TRUE,TRUE,FALSE,TRUE,FALSE,FALSE,FALSE,FALSE,FALSE,FALSE,FALSE,"Close[1] (4387.59000) did not close below Low[2] (4377.42000)","",0,0,0,0.00000,0.00000,0.00000,0.00000,"",0.00,0.00
2026.09.09 08:30:00,2026.09.09 08:30:00,2026.09.09 08:30:00,"10****84",XAUUSD,108151,2026.09.09 08:15:00,SELL,4399.41284,4436.15250,30.15,4376.35898,5.87929,8.69571,0.00000,4384.94000,0.00000,0.00000,0.00000,0.00000,0.00,0.00,0.00,0.00,0.00,0.00,0.00,"Loss: $0.00 (Max $50.00) | Losses: 0/Max 2","Loss: 1.46% / Max: 20.00%","DD: 13.03% / Max: 20.00% (HWM: $522.02)","BypassedInTester","ActiveSession",TRUE,TRUE,TRUE,TRUE,TRUE,TRUE,TRUE,TRUE,TRUE,TRUE,FALSE,TRUE,FALSE,FALSE,FALSE,FALSE,FALSE,FALSE,FALSE,"Close[1] (4384.94000) did not close below Low[2] (4380.33000)","",0,0,0,0.00000,0.00000,0.00000,0.00000,"",0.00,0.00
2026.09.09 08:45:00,2026.09.09 08:45:00,2026.09.09 08:45:00,"10****84",XAUUSD,108151,2026.09.09 08:30:00,SELL,4399.41284,4436.15250,30.15,4378.17718,6.33000,8.64036,0.00000,4395.45000,0.00000,0.00000,0.00000,0.00000,0.00,0.00,0.00,0.00,0.00,0.00,0.00,"Loss: $0.00 (Max $50.00) | Losses: 0/Max 2","Loss: 1.46% / Max: 20.00%","DD: 13.03% / Max: 20.00% (HWM: $522.02)","BypassedInTester","ActiveSession",TRUE,TRUE,TRUE,TRUE,TRUE,TRUE,TRUE,TRUE,TRUE,TRUE,FALSE,TRUE,FALSE,FALSE,FALSE,FALSE,FALSE,FALSE,FALSE,"Close[1] (4395.45000) did not close below Low[2] (4383.17000)","",0,0,0,0.00000,0.00000,0.00000,0.00000,"",0.00,0.00
2026.09.09 09:00:00,2026.09.09 09:00:00,2026.09.09 09:00:00,"10****84",XAUUSD,108151,2026.09.09 08:45:00,SELL,4399.38567,4435.78003,27.44,4380.13364,6.55214,8.57536,0.00000,4398.72000,0.00000,0.00000,0.00000,0.00000,0.00,0.00,0.00,0.00,0.00,0.00,0.00,"Loss: $0.00 (Max $50.00) | Losses: 0/Max 2","Loss: 1.46% / Max: 20.00%","DD: 13.03% / Max: 20.00% (HWM: $522.02)","BypassedInTester","ActiveSession",TRUE,TRUE,TRUE,TRUE,TRUE,TRUE,TRUE,TRUE,TRUE,TRUE,FALSE,TRUE,FALSE,FALSE,FALSE,FALSE,FALSE,FALSE,FALSE,"Close[1] (4398.72000) did not close below Low[2] (4384.16000)","",0,0,0,0.00000,0.00000,0.00000,0.00000,"",0.00,0.00
2026.09.09 09:15:00,2026.09.09 09:15:00,2026.09.09 09:15:00,"10****84",XAUUSD,108151,2026.09.09 09:00:00,SELL,4399.38567,4435.78003,27.44,4382.14758,6.52500,8.56500,0.00000,4401.28000,0.00000,0.00000,0.00000,0.00000,0.00,0.00,0.00,0.00,0.00,0.00,0.00,"Loss: $0.00 (Max $50.00) | Losses: 0/Max 2","Loss: 1.46% / Max: 20.00%","DD: 13.03% / Max: 20.00% (HWM: $522.02)","BypassedInTester","ActiveSession",TRUE,TRUE,TRUE,TRUE,TRUE,TRUE,TRUE,TRUE,TRUE,TRUE,FALSE,TRUE,FALSE,FALSE,FALSE,FALSE,FALSE,FALSE,FALSE,"Close[1] (4401.28000) did not close below Low[2] (4392.43000)","",0,0,0,0.00000,0.00000,0.00000,0.00000,"",0.00,0.00
2026.09.09 09:30:00,2026.09.09 09:30:00,2026.09.09 09:30:00,"10****84",XAUUSD,108151,2026.09.09 09:15:00,SELL,4399.38567,4435.78003,27.44,4383.66209,6.28857,8.52893,0.00000,4398.05000,0.00000,0.00000,0.00000,0.00000,0.00,0.00,0.00,0.00,0.00,0.00,0.00,"Loss: $0.00 (Max $50.00) | Losses: 0/Max 2","Loss: 1.46% / Max: 20.00%","DD: 13.03% / Max: 20.00% (HWM: $522.02)","BypassedInTester","ActiveSession",TRUE,TRUE,TRUE,TRUE,TRUE,TRUE,TRUE,TRUE,TRUE,TRUE,FALSE,TRUE,FALSE,FALSE,FALSE,FALSE,FALSE,FALSE,FALSE,"Close[1] (4398.05000) did not close below EMA20[1] (4383.66209)","",0,0,0,0.00000,0.00000,0.00000,0.00000,"",0.00,0.00
2026.09.09 09:45:00,2026.09.09 09:45:00,2026.09.09 09:45:00,"10****84",XAUUSD,108151,2026.09.09 09:30:00,SELL,4399.38567,4435.78003,27.44,4385.24570,6.58357,8.48857,0.00000,4400.29000,0.00000,0.00000,0.00000,0.00000,0.00,0.00,0.00,0.00,0.00,0.00,0.00,"Loss: $0.00 (Max $50.00) | Losses: 0/Max 2","Loss: 1.46% / Max: 20.00%","DD: 13.03% / Max: 20.00% (HWM: $522.02)","BypassedInTester","ActiveSession",TRUE,TRUE,TRUE,TRUE,TRUE,TRUE,TRUE,TRUE,TRUE,TRUE,FALSE,TRUE,FALSE,FALSE,FALSE,FALSE,FALSE,FALSE,FALSE,"Close[1] (4400.29000) did not close below Low[2] (4395.13000)","",0,0,0,0.00000,0.00000,0.00000,0.00000,"",0.00,0.00
2026.09.09 10:00:00,2026.09.09 10:00:00,2026.09.09 10:00:00,"10****84",XAUUSD,108151,2026.09.09 09:45:00,NONE,4399.42858,4435.42879,26.84,4386.69659,6.50929,8.46643,0.00000,4400.48000,0.00000,0.00000,0.00000,0.00000,0.00,0.00,0.00,0.00,0.00,0.00,0.00,"Loss: $0.00 (Max $50.00) | Losses: 0/Max 2","Loss: 1.46% / Max: 20.00%","DD: 13.03% / Max: 20.00% (HWM: $522.02)","BypassedInTester","ActiveSession",TRUE,TRUE,TRUE,TRUE,TRUE,TRUE,TRUE,TRUE,FALSE,FALSE,FALSE,TRUE,FALSE,FALSE,FALSE,FALSE,FALSE,FALSE,FALSE,"No valid H1 trend alignment (EMA50 vs EMA200 or Close vs EMA50)","",0,0,0,0.00000,0.00000,0.00000,0.00000,"",0.00,0.00
2026.09.09 10:15:00,2026.09.09 10:15:00,2026.09.09 10:15:00,"10****84",XAUUSD,108151,2026.09.09 10:00:00,NONE,4399.42858,4435.42879,26.84,4388.58263,6.79214,8.40964,0.00000,4406.50000,0.00000,0.00000,0.00000,0.00000,0.00,0.00,0.00,0.00,0.00,0.00,0.00,"Loss: $0.00 (Max $50.00) | Losses: 0/Max 2","Loss: 1.46% / Max: 20.00%","DD: 13.03% / Max: 20.00% (HWM: $522.02)","BypassedInTester","ActiveSession",TRUE,TRUE,TRUE,TRUE,TRUE,TRUE,TRUE,TRUE,FALSE,FALSE,FALSE,TRUE,FALSE,FALSE,FALSE,FALSE,FALSE,FALSE,FALSE,"No valid H1 trend alignment (EMA50 vs EMA200 or Close vs EMA50)","",0,0,0,0.00000,0.00000,0.00000,0.00000,"",0.00,0.00
2026.09.09 10:30:00,2026.09.09 10:30:00,2026.09.09 10:30:00,"10****84",XAUUSD,108151,2026.09.09 10:15:00,NONE,4399.42858,4435.42879,26.84,4390.39761,6.93500,8.31536,0.00000,4407.64000,0.00000,0.00000,0.00000,0.00000,0.00,0.00,0.00,0.00,0.00,0.00,0.00,"Loss: $0.00 (Max $50.00) | Losses: 0/Max 2","Loss: 1.46% / Max: 20.00%","DD: 13.03% / Max: 20.00% (HWM: $522.02)","BypassedInTester","ActiveSession",TRUE,TRUE,TRUE,TRUE,TRUE,TRUE,TRUE,TRUE,FALSE,FALSE,FALSE,TRUE,FALSE,FALSE,FALSE,FALSE,FALSE,FALSE,FALSE,"No valid H1 trend alignment (EMA50 vs EMA200 or Close vs EMA50)","",0,0,0,0.00000,0.00000,0.00000,0.00000,"",0.00,0.00
2026.09.09 10:45:00,2026.09.09 10:45:00,2026.09.09 10:45:00,"10****84",XAUUSD,108151,2026.09.09 10:30:00,NONE,4399.42858,4435.42879,26.84,4392.29498,6.83571,8.25786,0.00000,4410.32000,0.00000,0.00000,0.00000,0.00000,0.00,0.00,0.00,0.00,0.00,0.00,0.00,"Loss: $0.00 (Max $50.00) | Losses: 0/Max 2","Loss: 1.46% / Max: 20.00%","DD: 13.03% / Max: 20.00% (HWM: $522.02)","BypassedInTester","ActiveSession",TRUE,TRUE,TRUE,TRUE,TRUE,TRUE,TRUE,TRUE,FALSE,FALSE,FALSE,TRUE,FALSE,FALSE,FALSE,FALSE,FALSE,FALSE,FALSE,"No valid H1 trend alignment (EMA50 vs EMA200 or Close vs EMA50)","",0,0,0,0.00000,0.00000,0.00000,0.00000,"",0.00,0.00
2026.09.09 11:00:00,2026.09.09 11:00:00,2026.09.09 11:00:00,"10****84",XAUUSD,108151,2026.09.09 10:45:00,NONE,4399.80668,4435.16651,27.88,4393.89261,6.54500,8.24179,0.00000,4409.07000,0.00000,0.00000,0.00000,0.00000,0.00,0.00,0.00,0.00,0.00,0.00,0.00,"Loss: $0.00 (Max $50.00) | Losses: 0/Max 2","Loss: 1.46% / Max: 20.00%","DD: 13.03% / Max: 20.00% (HWM: $522.02)","BypassedInTester","ActiveSession",TRUE,TRUE,TRUE,TRUE,TRUE,TRUE,TRUE,TRUE,FALSE,FALSE,FALSE,TRUE,FALSE,FALSE,FALSE,FALSE,FALSE,FALSE,FALSE,"No valid H1 trend alignment (EMA50 vs EMA200 or Close vs EMA50)","",0,0,0,0.00000,0.00000,0.00000,0.00000,"",0.00,0.00
2026.09.09 11:15:00,2026.09.09 11:15:00,2026.09.09 11:15:00,"10****84",XAUUSD,108151,2026.09.09 11:00:00,NONE,4399.80668,4435.16651,27.88,4394.83331,6.86071,8.21821,0.00000,4403.77000,0.00000,0.00000,0.00000,0.00000,0.00,0.00,0.00,0.00,0.00,0.00,0.00,"Loss: $0.00 (Max $50.00) | Losses: 0/Max 2","Loss: 1.46% / Max: 20.00%","DD: 13.03% / Max: 20.00% (HWM: $522.02)","BypassedInTester","ActiveSession",TRUE,TRUE,TRUE,TRUE,TRUE,TRUE,TRUE,TRUE,FALSE,FALSE,FALSE,TRUE,FALSE,FALSE,FALSE,FALSE,FALSE,FALSE,FALSE,"No valid H1 trend alignment (EMA50 vs EMA200 or Close vs EMA50)","",0,0,0,0.00000,0.00000,0.00000,0.00000,"",0.00,0.00
2026.09.09 11:30:00,2026.09.09 11:30:00,2026.09.09 11:30:00,"10****84",XAUUSD,108151,2026.09.09 11:15:00,NONE,4399.80668,4435.16651,27.88,4395.29585,6.88429,8.13821,0.00000,4399.69000,0.00000,0.00000,0.00000,0.00000,0.00,0.00,0.00,0.00,0.00,0.00,0.00,"Loss: $0.00 (Max $50.00) | Losses: 0/Max 2","Loss: 1.46% / Max: 20.00%","DD: 13.03% / Max: 20.00% (HWM: $522.02)","BypassedInTester","ActiveSession",TRUE,TRUE,TRUE,TRUE,TRUE,TRUE,TRUE,TRUE,FALSE,FALSE,FALSE,TRUE,FALSE,FALSE,FALSE,FALSE,FALSE,FALSE,FALSE,"No valid H1 trend alignment (EMA50 vs EMA200 or Close vs EMA50)","",0,0,0,0.00000,0.00000,0.00000,0.00000,"",0.00,0.00
2026.09.09 11:45:00,2026.09.09 11:45:00,2026.09.09 11:45:00,"10****84",XAUUSD,108151,2026.09.09 11:30:00,NONE,4399.80668,4435.16651,27.88,4395.73434,6.67286,8.01357,0.00000,4399.90000,0.00000,0.00000,0.00000,0.00000,0.00,0.00,0.00,0.00,0.00,0.00,0.00,"Loss: $0.00 (Max $50.00) | Losses: 0/Max 2","Loss: 1.46% / Max: 20.00%","DD: 13.03% / Max: 20.00% (HWM: $522.02)","BypassedInTester","ActiveSession",TRUE,TRUE,TRUE,TRUE,TRUE,TRUE,TRUE,TRUE,FALSE,FALSE,FALSE,TRUE,FALSE,FALSE,FALSE,FALSE,FALSE,FALSE,FALSE,"No valid H1 trend alignment (EMA50 vs EMA200 or Close vs EMA50)","",0,0,0,0.00000,0.00000,0.00000,0.00000,"",0.00,0.00
2026.09.09 12:00:00,2026.09.09 12:00:00,2026.09.09 12:00:00,"10****84",XAUUSD,108151,2026.09.09 11:45:00,NONE,4399.84014,4434.82316,28.66,4396.20345,6.59643,7.94036,0.00000,4400.66000,0.00000,0.00000,0.00000,0.00000,0.00,0.00,0.00,0.00,0.00,0.00,0.00,"Loss: $0.00 (Max $50.00) | Losses: 0/Max 2","Loss: 1.46% / Max: 20.00%","DD: 13.03% / Max: 20.00% (HWM: $522.02)","BypassedInTester","ActiveSession",TRUE,TRUE,TRUE,TRUE,TRUE,TRUE,TRUE,TRUE,FALSE,FALSE,FALSE,TRUE,FALSE,FALSE,FALSE,FALSE,FALSE,FALSE,FALSE,"No valid H1 trend alignment (EMA50 vs EMA200 or Close vs EMA50)","",0,0,0,0.00000,0.00000,0.00000,0.00000,"",0.00,0.00
2026.09.09 12:15:00,2026.09.09 12:15:00,2026.09.09 12:15:00,"10****84",XAUUSD,108151,2026.09.09 12:00:00,NONE,4399.84014,4434.82316,28.66,4396.40979,6.09714,7.89071,0.00000,4398.37000,0.00000,0.00000,0.00000,0.00000,0.00,0.00,0.00,0.00,0.00,0.00,0.00,"Loss: $0.00 (Max $50.00) | Losses: 0/Max 2","Loss: 1.46% / Max: 20.00%","DD: 13.03% / Max: 20.00% (HWM: $522.02)","BypassedInTester","ActiveSession",TRUE,TRUE,TRUE,TRUE,TRUE,TRUE,TRUE,TRUE,FALSE,FALSE,FALSE,TRUE,FALSE,FALSE,FALSE,FALSE,FALSE,FALSE,FALSE,"No valid H1 trend alignment (EMA50 vs EMA200 or Close vs EMA50)","",0,0,0,0.00000,0.00000,0.00000,0.00000,"",0.00,0.00
2026.09.09 12:30:00,2026.09.09 12:30:00,2026.09.09 12:30:00,"10****84",XAUUSD,108151,2026.09.09 12:15:00,NONE,4399.84014,4434.82316,28.66,4396.59838,5.72071,7.89071,0.00000,4398.39000,0.00000,0.00000,0.00000,0.00000,0.00,0.00,0.00,0.00,0.00,0.00,0.00,"Loss: $0.00 (Max $50.00) | Losses: 0/Max 2","Loss: 1.46% / Max: 20.00%","DD: 13.03% / Max: 20.00% (HWM: $522.02)","BypassedInTester","ActiveSession",TRUE,TRUE,TRUE,TRUE,TRUE,TRUE,TRUE,TRUE,FALSE,FALSE,FALSE,TRUE,FALSE,FALSE,FALSE,FALSE,FALSE,FALSE,FALSE,"No valid H1 trend alignment (EMA50 vs EMA200 or Close vs EMA50)","",0,0,0,0.00000,0.00000,0.00000,0.00000,"",0.00,0.00
2026.09.09 12:45:00,2026.09.09 12:45:00,2026.09.09 12:45:00,"10****84",XAUUSD,108151,2026.09.09 12:30:00,NONE,4399.84014,4434.82316,28.66,4396.56711,5.46571,7.84964,0.00000,4396.27000,0.00000,0.00000,0.00000,0.00000,0.00,0.00,0.00,0.00,0.00,0.00,0.00,"Loss: $0.00 (Max $50.00) | Losses: 0/Max 2","Loss: 1.46% / Max: 20.00%","DD: 13.03% / Max: 20.00% (HWM: $522.02)","BypassedInTester","ActiveSession",TRUE,TRUE,TRUE,TRUE,TRUE,TRUE,TRUE,TRUE,FALSE,FALSE,FALSE,TRUE,FALSE,FALSE,FALSE,FALSE,FALSE,FALSE,FALSE,"No valid H1 trend alignment (EMA50 vs EMA200 or Close vs EMA50)","",0,0,0,0.00000,0.00000,0.00000,0.00000,"",0.00,0.00
2026.09.09 13:00:00,2026.09.09 13:00:00,2026.09.09 13:00:00,"10****84",XAUUSD,108151,2026.09.09 12:45:00,SELL,4399.47818,4434.38323,25.15,4395.99976,5.44429,7.79357,0.13000,4390.61000,4390.61000,4403.78000,4337.93000,13.17000,0.25,50.00,0.04,0.03,0.01,0.01,131.72,"Loss: $0.00 (Max $50.00) | Losses: 0/Max 2","Loss: 1.46% / Max: 20.00%","DD: 13.03% / Max: 20.00% (HWM: $522.02)","BypassedInTester","ActiveSession",TRUE,TRUE,TRUE,TRUE,TRUE,TRUE,TRUE,TRUE,TRUE,TRUE,TRUE,TRUE,TRUE,TRUE,TRUE,TRUE,TRUE,FALSE,FALSE,"Required margin $131.72 exceeds 20% of equity ($90.80)","",0,0,0,0.00000,0.00000,0.00000,0.00000,"",0.00,0.00
2026.09.09 13:15:00,2026.09.09 13:15:00,2026.09.09 13:15:00,"10****84",XAUUSD,108151,2026.09.09 13:00:00,SELL,4399.47818,4434.38323,25.15,4395.53502,5.33214,7.67393,0.00000,4391.12000,0.00000,0.00000,0.00000,0.00000,0.00,0.00,0.00,0.00,0.00,0.00,0.00,"Loss: $0.00 (Max $50.00) | Losses: 0/Max 2","Loss: 1.46% / Max: 20.00%","DD: 13.03% / Max: 20.00% (HWM: $522.02)","BypassedInTester","ActiveSession",TRUE,TRUE,TRUE,TRUE,TRUE,TRUE,TRUE,TRUE,TRUE,TRUE,FALSE,TRUE,FALSE,FALSE,FALSE,FALSE,FALSE,FALSE,FALSE,"Close[1] (4391.12000) did not close below Low[2] (4388.47000)","",0,0,0,0.00000,0.00000,0.00000,0.00000,"",0.00,0.00
2026.09.09 13:30:00,2026.09.09 13:30:00,2026.09.09 13:30:00,"10****84",XAUUSD,108151,2026.09.09 13:15:00,SELL,4399.47818,4434.38323,25.15,4395.41550,5.61429,7.52429,0.00000,4394.28000,0.00000,0.00000,0.00000,0.00000,0.00,0.00,0.00,0.00,0.00,0.00,0.00,"Loss: $0.00 (Max $50.00) | Losses: 0/Max 2","Loss: 1.46% / Max: 20.00%","DD: 13.03% / Max: 20.00% (HWM: $522.02)","BypassedInTester","ActiveSession",TRUE,TRUE,TRUE,TRUE,TRUE,TRUE,TRUE,TRUE,TRUE,TRUE,FALSE,TRUE,FALSE,FALSE,FALSE,FALSE,FALSE,FALSE,FALSE,"Close[1] (4394.28000) did not close below Low[2] (4386.10000)","",0,0,0,0.00000,0.00000,0.00000,0.00000,"",0.00,0.00
2026.09.09 13:45:00,2026.09.09 13:45:00,2026.09.09 13:45:00,"10****84",XAUUSD,108151,2026.09.09 13:30:00,SELL,4399.47818,4434.38323,25.15,4395.36545,5.42357,7.29536,0.00000,4394.89000,0.00000,0.00000,0.00000,0.00000,0.00,0.00,0.00,0.00,0.00,0.00,0.00,"Loss: $0.00 (Max $50.00) | Losses: 0/Max 2","Loss: 1.46% / Max: 20.00%","DD: 13.03% / Max: 20.00% (HWM: $522.02)","BypassedInTester","ActiveSession",TRUE,TRUE,TRUE,TRUE,TRUE,TRUE,TRUE,TRUE,TRUE,TRUE,FALSE,TRUE,FALSE,FALSE,FALSE,FALSE,FALSE,FALSE,FALSE,"Close[1] (4394.89000) did not close below Low[2] (4389.18000)","",0,0,0,0.00000,0.00000,0.00000,0.00000,"",0.00,0.00
2026.09.09 14:00:00,2026.09.09 14:00:00,2026.09.09 14:00:00,"10****84",XAUUSD,108151,2026.09.09 13:45:00,NONE,4399.48138,4434.03673,22.13,4395.76493,5.60071,7.03857,0.00000,4399.56000,0.00000,0.00000,0.00000,0.00000,0.00,0.00,0.00,0.00,0.00,0.00,0.00,"Loss: $0.00 (Max $50.00) | Losses: 0/Max 2","Loss: 1.46% / Max: 20.00%","DD: 13.03% / Max: 20.00% (HWM: $522.02)","BypassedInTester","ActiveSession",TRUE,TRUE,TRUE,TRUE,TRUE,TRUE,TRUE,TRUE,FALSE,FALSE,FALSE,TRUE,FALSE,FALSE,FALSE,FALSE,FALSE,FALSE,FALSE,"No valid H1 trend alignment (EMA50 vs EMA200 or Close vs EMA50)","",0,0,0,0.00000,0.00000,0.00000,0.00000,"",0.00,0.00
2026.09.09 14:15:00,2026.09.09 14:15:00,2026.09.09 14:15:00,"10****84",XAUUSD,108151,2026.09.09 14:00:00,NONE,4399.48138,4434.03673,22.13,4396.50541,5.66214,6.90964,0.00000,4403.54000,0.00000,0.00000,0.00000,0.00000,0.00,0.00,0.00,0.00,0.00,0.00,0.00,"Loss: $0.00 (Max $50.00) | Losses: 0/Max 2","Loss: 1.46% / Max: 20.00%","DD: 13.03% / Max: 20.00% (HWM: $522.02)","BypassedInTester","ActiveSession",TRUE,TRUE,TRUE,TRUE,TRUE,TRUE,TRUE,TRUE,FALSE,FALSE,FALSE,TRUE,FALSE,FALSE,FALSE,FALSE,FALSE,FALSE,FALSE,"No valid H1 trend alignment (EMA50 vs EMA200 or Close vs EMA50)","",0,0,0,0.00000,0.00000,0.00000,0.00000,"",0.00,0.00
2026.09.09 14:30:00,2026.09.09 14:30:00,2026.09.09 14:30:00,"10****84",XAUUSD,108151,2026.09.09 14:15:00,NONE,4399.48138,4434.03673,22.13,4397.62776,5.89714,6.87250,0.00000,4408.29000,0.00000,0.00000,0.00000,0.00000,0.00,0.00,0.00,0.00,0.00,0.00,0.00,"Loss: $0.00 (Max $50.00) | Losses: 0/Max 2","Loss: 1.46% / Max: 20.00%","DD: 13.03% / Max: 20.00% (HWM: $522.02)","BypassedInTester","ActiveSession",TRUE,TRUE,TRUE,TRUE,TRUE,TRUE,TRUE,TRUE,FALSE,FALSE,FALSE,TRUE,FALSE,FALSE,FALSE,FALSE,FALSE,FALSE,FALSE,"No valid H1 trend alignment (EMA50 vs EMA200 or Close vs EMA50)","",0,0,0,0.00000,0.00000,0.00000,0.00000,"",0.00,0.00
2026.09.09 14:45:00,2026.09.09 14:45:00,2026.09.09 14:45:00,"10****84",XAUUSD,108151,2026.09.09 14:30:00,NONE,4399.48138,4434.03673,22.13,4398.37559,5.65929,6.84821,0.00000,4405.48000,0.00000,0.00000,0.00000,0.00000,0.00,0.00,0.00,0.00,0.00,0.00,0.00,"Loss: $0.00 (Max $50.00) | Losses: 0/Max 2","Loss: 1.46% / Max: 20.00%","DD: 13.03% / Max: 20.00% (HWM: $522.02)","BypassedInTester","ActiveSession",TRUE,TRUE,TRUE,TRUE,TRUE,TRUE,TRUE,TRUE,FALSE,FALSE,FALSE,TRUE,FALSE,FALSE,FALSE,FALSE,FALSE,FALSE,FALSE,"No valid H1 trend alignment (EMA50 vs EMA200 or Close vs EMA50)","",0,0,0,0.00000,0.00000,0.00000,0.00000,"",0.00,0.00
2026.09.09 15:00:00,2026.09.09 15:00:00,2026.09.09 15:00:00,"10****84",XAUUSD,108151,2026.09.09 14:45:00,NONE,4399.78486,4433.76990,22.05,4399.21791,6.12357,6.81393,0.00000,4407.22000,0.00000,0.00000,0.00000,0.00000,0.00,0.00,0.00,0.00,0.00,0.00,0.00,"Loss: $0.00 (Max $50.00) | Losses: 0/Max 2","Loss: 1.46% / Max: 20.00%","DD: 13.03% / Max: 20.00% (HWM: $522.02)","BypassedInTester","ActiveSession",TRUE,TRUE,TRUE,TRUE,TRUE,TRUE,TRUE,TRUE,FALSE,FALSE,FALSE,TRUE,FALSE,FALSE,FALSE,FALSE,FALSE,FALSE,FALSE,"No valid H1 trend alignment (EMA50 vs EMA200 or Close vs EMA50)","",0,0,0,0.00000,0.00000,0.00000,0.00000,"",0.00,0.00
2026.09.09 15:15:00,2026.09.09 15:15:00,2026.09.09 15:15:00,"10****84",XAUUSD,108151,2026.09.09 15:00:00,NONE,4399.78486,4433.76990,22.05,4399.21145,6.54357,6.73250,0.00000,4399.15000,0.00000,0.00000,0.00000,0.00000,0.00,0.00,0.00,0.00,0.00,0.00,0.00,"Loss: $0.00 (Max $50.00) | Losses: 0/Max 2","Loss: 1.46% / Max: 20.00%","DD: 13.03% / Max: 20.00% (HWM: $522.02)","BypassedInTester","ActiveSession",TRUE,TRUE,TRUE,TRUE,TRUE,TRUE,TRUE,TRUE,FALSE,FALSE,FALSE,TRUE,FALSE,FALSE,FALSE,FALSE,FALSE,FALSE,FALSE,"No valid H1 trend alignment (EMA50 vs EMA200 or Close vs EMA50)","",0,0,0,0.00000,0.00000,0.00000,0.00000,"",0.00,0.00
2026.09.09 15:30:00,2026.09.09 15:30:00,2026.09.09 15:30:00,"10****84",XAUUSD,108151,2026.09.09 15:15:00,NONE,4399.78486,4433.76990,22.05,4398.68178,6.71214,6.63464,0.00000,4393.65000,0.00000,0.00000,0.00000,0.00000,0.00,0.00,0.00,0.00,0.00,0.00,0.00,"Loss: $0.00 (Max $50.00) | Losses: 0/Max 2","Loss: 1.46% / Max: 20.00%","DD: 13.03% / Max: 20.00% (HWM: $522.02)","BypassedInTester","ActiveSession",TRUE,TRUE,TRUE,TRUE,TRUE,TRUE,TRUE,TRUE,FALSE,FALSE,FALSE,TRUE,FALSE,FALSE,FALSE,FALSE,FALSE,FALSE,FALSE,"No valid H1 trend alignment (EMA50 vs EMA200 or Close vs EMA50)","",0,0,0,0.00000,0.00000,0.00000,0.00000,"",0.00,0.00
2026.09.09 15:45:00,2026.09.09 15:45:00,2026.09.09 15:45:00,"10****84",XAUUSD,108151,2026.09.09 15:30:00,NONE,4399.78486,4433.76990,22.05,4398.36352,6.87786,6.63464,0.00000,4395.34000,0.00000,0.00000,0.00000,0.00000,0.00,0.00,0.00,0.00,0.00,0.00,0.00,"Loss: $0.00 (Max $50.00) | Losses: 0/Max 2","Loss: 1.46% / Max: 20.00%","DD: 13.03% / Max: 20.00% (HWM: $522.02)","BypassedInTester","ActiveSession",TRUE,TRUE,TRUE,TRUE,TRUE,TRUE,TRUE,TRUE,FALSE,FALSE,FALSE,TRUE,FALSE,FALSE,FALSE,FALSE,FALSE,FALSE,FALSE,"No valid H1 trend alignment (EMA50 vs EMA200 or Close vs EMA50)","",0,0,0,0.00000,0.00000,0.00000,0.00000,"",0.00,0.00
2026.09.09 16:00:00,2026.09.09 16:00:00,2026.09.09 16:00:00,"10****84",XAUUSD,108151,2026.09.09 15:45:00,NONE,0.00000,0.00000,0.00,0.00000,0.00000,0.00000,0.00000,0.00000,0.00000,0.00000,0.00000,0.00000,0.00,0.00,0.00,0.00,0.00,0.00,0.00,"","","","","OutsideUTCWindow",TRUE,TRUE,FALSE,FALSE,FALSE,FALSE,FALSE,FALSE,FALSE,FALSE,FALSE,FALSE,FALSE,FALSE,FALSE,FALSE,FALSE,FALSE,FALSE,"Outside UTC session (08:00 - 16:00 UTC, Current: 16:00)","",0,0,0,0.00000,0.00000,0.00000,0.00000,"",0.00,0.00
2026.09.09 16:15:00,2026.09.09 16:15:00,2026.09.09 16:15:00,"10****84",XAUUSD,108151,2026.09.09 16:00:00,NONE,0.00000,0.00000,0.00,0.00000,0.00000,0.00000,0.00000,0.00000,0.00000,0.00000,0.00000,0.00000,0.00,0.00,0.00,0.00,0.00,0.00,0.00,"","","","","OutsideUTCWindow",TRUE,TRUE,FALSE,FALSE,FALSE,FALSE,FALSE,FALSE,FALSE,FALSE,FALSE,FALSE,FALSE,FALSE,FALSE,FALSE,FALSE,FALSE,FALSE,"Outside UTC session (08:00 - 16:00 UTC, Current: 16:15)","",0,0,0,0.00000,0.00000,0.00000,0.00000,"",0.00,0.00
2026.09.09 16:30:00,2026.09.09 16:30:00,2026.09.09 16:30:00,"10****84",XAUUSD,108151,2026.09.09 16:15:00,NONE,0.00000,0.00000,0.00,0.00000,0.00000,0.00000,0.00000,0.00000,0.00000,0.00000,0.00000,0.00000,0.00,0.00,0.00,0.00,0.00,0.00,0.00,"","","","","OutsideUTCWindow",TRUE,TRUE,FALSE,FALSE,FALSE,FALSE,FALSE,FALSE,FALSE,FALSE,FALSE,FALSE,FALSE,FALSE,FALSE,FALSE,FALSE,FALSE,FALSE,"Outside UTC session (08:00 - 16:00 UTC, Current: 16:30)","",0,0,0,0.00000,0.00000,0.00000,0.00000,"",0.00,0.00
2026.09.09 16:45:00,2026.09.09 16:45:00,2026.09.09 16:45:00,"10****84",XAUUSD,108151,2026.09.09 16:30:00,NONE,0.00000,0.00000,0.00,0.00000,0.00000,0.00000,0.00000,0.00000,0.00000,0.00000,0.00000,0.00000,0.00,0.00,0.00,0.00,0.00,0.00,0.00,"","","","","OutsideUTCWindow",TRUE,TRUE,FALSE,FALSE,FALSE,FALSE,FALSE,FALSE,FALSE,FALSE,FALSE,FALSE,FALSE,FALSE,FALSE,FALSE,FALSE,FALSE,FALSE,"Outside UTC session (08:00 - 16:00 UTC, Current: 16:45)","",0,0,0,0.00000,0.00000,0.00000,0.00000,"",0.00,0.00
2026.09.09 17:00:00,2026.09.09 17:00:00,2026.09.09 17:00:00,"10****84",XAUUSD,108151,2026.09.09 16:45:00,NONE,0.00000,0.00000,0.00,0.00000,0.00000,0.00000,0.00000,0.00000,0.00000,0.00000,0.00000,0.00000,0.00,0.00,0.00,0.00,0.00,0.00,0.00,"","","","","OutsideUTCWindow",TRUE,TRUE,FALSE,FALSE,FALSE,FALSE,FALSE,FALSE,FALSE,FALSE,FALSE,FALSE,FALSE,FALSE,FALSE,FALSE,FALSE,FALSE,FALSE,"Outside UTC session (08:00 - 16:00 UTC, Current: 17:00)","",0,0,0,0.00000,0.00000,0.00000,0.00000,"",0.00,0.00
2026.09.09 17:15:00,2026.09.09 17:15:00,2026.09.09 17:15:00,"10****84",XAUUSD,108151,2026.09.09 17:00:00,NONE,0.00000,0.00000,0.00,0.00000,0.00000,0.00000,0.00000,0.00000,0.00000,0.00000,0.00000,0.00000,0.00,0.00,0.00,0.00,0.00,0.00,0.00,"","","","","OutsideUTCWindow",TRUE,TRUE,FALSE,FALSE,FALSE,FALSE,FALSE,FALSE,FALSE,FALSE,FALSE,FALSE,FALSE,FALSE,FALSE,FALSE,FALSE,FALSE,FALSE,"Outside UTC session (08:00 - 16:00 UTC, Current: 17:15)","",0,0,0,0.00000,0.00000,0.00000,0.00000,"",0.00,0.00
2026.09.09 17:30:00,2026.09.09 17:30:00,2026.09.09 17:30:00,"10****84",XAUUSD,108151,2026.09.09 17:15:00,NONE,0.00000,0.00000,0.00,0.00000,0.00000,0.00000,0.00000,0.00000,0.00000,0.00000,0.00000,0.00000,0.00,0.00,0.00,0.00,0.00,0.00,0.00,"","","","","OutsideUTCWindow",TRUE,TRUE,FALSE,FALSE,FALSE,FALSE,FALSE,FALSE,FALSE,FALSE,FALSE,FALSE,FALSE,FALSE,FALSE,FALSE,FALSE,FALSE,FALSE,"Outside UTC session (08:00 - 16:00 UTC, Current: 17:30)","",0,0,0,0.00000,0.00000,0.00000,0.00000,"",0.00,0.00
2026.09.09 17:45:00,2026.09.09 17:45:00,2026.09.09 17:45:00,"10****84",XAUUSD,108151,2026.09.09 17:30:00,NONE,0.00000,0.00000,0.00,0.00000,0.00000,0.00000,0.00000,0.00000,0.00000,0.00000,0.00000,0.00000,0.00,0.00,0.00,0.00,0.00,0.00,0.00,"","","","","OutsideUTCWindow",TRUE,TRUE,FALSE,FALSE,FALSE,FALSE,FALSE,FALSE,FALSE,FALSE,FALSE,FALSE,FALSE,FALSE,FALSE,FALSE,FALSE,FALSE,FALSE,"Outside UTC session (08:00 - 16:00 UTC, Current: 17:45)","",0,0,0,0.00000,0.00000,0.00000,0.00000,"",0.00,0.00
2026.09.09 18:00:00,2026.09.09 18:00:00,2026.09.09 18:00:00,"10****84",XAUUSD,108151,2026.09.09 17:45:00,NONE,0.00000,0.00000,0.00,0.00000,0.00000,0.00000,0.00000,0.00000,0.00000,0.00000,0.00000,0.00000,0.00,0.00,0.00,0.00,0.00,0.00,0.00,"","","","","OutsideUTCWindow",TRUE,TRUE,FALSE,FALSE,FALSE,FALSE,FALSE,FALSE,FALSE,FALSE,FALSE,FALSE,FALSE,FALSE,FALSE,FALSE,FALSE,FALSE,FALSE,"Outside UTC session (08:00 - 16:00 UTC, Current: 18:00)","",0,0,0,0.00000,0.00000,0.00000,0.00000,"",0.00,0.00
2026.09.09 18:15:00,2026.09.09 18:15:00,2026.09.09 18:15:00,"10****84",XAUUSD,108151,2026.09.09 18:00:00,NONE,0.00000,0.00000,0.00,0.00000,0.00000,0.00000,0.00000,0.00000,0.00000,0.00000,0.00000,0.00000,0.00,0.00,0.00,0.00,0.00,0.00,0.00,"","","","","OutsideUTCWindow",TRUE,TRUE,FALSE,FALSE,FALSE,FALSE,FALSE,FALSE,FALSE,FALSE,FALSE,FALSE,FALSE,FALSE,FALSE,FALSE,FALSE,FALSE,FALSE,"Outside UTC session (08:00 - 16:00 UTC, Current: 18:15)","",0,0,0,0.00000,0.00000,0.00000,0.00000,"",0.00,0.00
2026.09.09 18:30:00,2026.09.09 18:30:00,2026.09.09 18:30:00,"10****84",XAUUSD,108151,2026.09.09 18:15:00,NONE,0.00000,0.00000,0.00,0.00000,0.00000,0.00000,0.00000,0.00000,0.00000,0.00000,0.00000,0.00000,0.00,0.00,0.00,0.00,0.00,0.00,0.00,"","","","","OutsideUTCWindow",TRUE,TRUE,FALSE,FALSE,FALSE,FALSE,FALSE,FALSE,FALSE,FALSE,FALSE,FALSE,FALSE,FALSE,FALSE,FALSE,FALSE,FALSE,FALSE,"Outside UTC session (08:00 - 16:00 UTC, Current: 18:30)","",0,0,0,0.00000,0.00000,0.00000,0.00000,"",0.00,0.00
2026.09.09 18:45:00,2026.09.09 18:45:00,2026.09.09 18:45:00,"10****84",XAUUSD,108151,2026.09.09 18:30:00,NONE,0.00000,0.00000,0.00,0.00000,0.00000,0.00000,0.00000,0.00000,0.00000,0.00000,0.00000,0.00000,0.00,0.00,0.00,0.00,0.00,0.00,0.00,"","","","","OutsideUTCWindow",TRUE,TRUE,FALSE,FALSE,FALSE,FALSE,FALSE,FALSE,FALSE,FALSE,FALSE,FALSE,FALSE,FALSE,FALSE,FALSE,FALSE,FALSE,FALSE,"Outside UTC session (08:00 - 16:00 UTC, Current: 18:45)","",0,0,0,0.00000,0.00000,0.00000,0.00000,"",0.00,0.00
2026.09.09 19:00:00,2026.09.09 19:00:00,2026.09.09 19:00:00,"10****84",XAUUSD,108151,2026.09.09 18:45:00,NONE,0.00000,0.00000,0.00,0.00000,0.00000,0.00000,0.00000,0.00000,0.00000,0.00000,0.00000,0.00000,0.00,0.00,0.00,0.00,0.00,0.00,0.00,"","","","","OutsideUTCWindow",TRUE,TRUE,FALSE,FALSE,FALSE,FALSE,FALSE,FALSE,FALSE,FALSE,FALSE,FALSE,FALSE,FALSE,FALSE,FALSE,FALSE,FALSE,FALSE,"Outside UTC session (08:00 - 16:00 UTC, Current: 19:00)","",0,0,0,0.00000,0.00000,0.00000,0.00000,"",0.00,0.00
2026.09.09 19:15:00,2026.09.09 19:15:00,2026.09.09 19:15:00,"10****84",XAUUSD,108151,2026.09.09 19:00:00,NONE,0.00000,0.00000,0.00,0.00000,0.00000,0.00000,0.00000,0.00000,0.00000,0.00000,0.00000,0.00000,0.00,0.00,0.00,0.00,0.00,0.00,0.00,"","","","","OutsideUTCWindow",TRUE,TRUE,FALSE,FALSE,FALSE,FALSE,FALSE,FALSE,FALSE,FALSE,FALSE,FALSE,FALSE,FALSE,FALSE,FALSE,FALSE,FALSE,FALSE,"Outside UTC session (08:00 - 16:00 UTC, Current: 19:15)","",0,0,0,0.00000,0.00000,0.00000,0.00000,"",0.00,0.00
2026.09.09 19:30:00,2026.09.09 19:30:00,2026.09.09 19:30:00,"10****84",XAUUSD,108151,2026.09.09 19:15:00,NONE,0.00000,0.00000,0.00,0.00000,0.00000,0.00000,0.00000,0.00000,0.00000,0.00000,0.00000,0.00000,0.00,0.00,0.00,0.00,0.00,0.00,0.00,"","","","","OutsideUTCWindow",TRUE,TRUE,FALSE,FALSE,FALSE,FALSE,FALSE,FALSE,FALSE,FALSE,FALSE,FALSE,FALSE,FALSE,FALSE,FALSE,FALSE,FALSE,FALSE,"Outside UTC session (08:00 - 16:00 UTC, Current: 19:30)","",0,0,0,0.00000,0.00000,0.00000,0.00000,"",0.00,0.00
2026.09.09 19:45:00,2026.09.09 19:45:00,2026.09.09 19:45:00,"10****84",XAUUSD,108151,2026.09.09 19:30:00,NONE,0.00000,0.00000,0.00,0.00000,0.00000,0.00000,0.00000,0.00000,0.00000,0.00000,0.00000,0.00000,0.00,0.00,0.00,0.00,0.00,0.00,0.00,"","","","","OutsideUTCWindow",TRUE,TRUE,FALSE,FALSE,FALSE,FALSE,FALSE,FALSE,FALSE,FALSE,FALSE,FALSE,FALSE,FALSE,FALSE,FALSE,FALSE,FALSE,FALSE,"Outside UTC session (08:00 - 16:00 UTC, Current: 19:45)","",0,0,0,0.00000,0.00000,0.00000,0.00000,"",0.00,0.00
2026.09.09 20:00:00,2026.09.09 20:00:00,2026.09.09 20:00:00,"10****84",XAUUSD,108151,2026.09.09 19:45:00,NONE,0.00000,0.00000,0.00,0.00000,0.00000,0.00000,0.00000,0.00000,0.00000,0.00000,0.00000,0.00000,0.00,0.00,0.00,0.00,0.00,0.00,0.00,"","","","","OutsideUTCWindow",TRUE,TRUE,FALSE,FALSE,FALSE,FALSE,FALSE,FALSE,FALSE,FALSE,FALSE,FALSE,FALSE,FALSE,FALSE,FALSE,FALSE,FALSE,FALSE,"Outside UTC session (08:00 - 16:00 UTC, Current: 20:00)","",0,0,0,0.00000,0.00000,0.00000,0.00000,"",0.00,0.00
2026.09.09 20:15:00,2026.09.09 20:15:00,2026.09.09 20:15:00,"10****84",XAUUSD,108151,2026.09.09 20:00:00,NONE,0.00000,0.00000,0.00,0.00000,0.00000,0.00000,0.00000,0.00000,0.00000,0.00000,0.00000,0.00000,0.00,0.00,0.00,0.00,0.00,0.00,0.00,"","","","","OutsideUTCWindow",TRUE,TRUE,FALSE,FALSE,FALSE,FALSE,FALSE,FALSE,FALSE,FALSE,FALSE,FALSE,FALSE,FALSE,FALSE,FALSE,FALSE,FALSE,FALSE,"Outside UTC session (08:00 - 16:00 UTC, Current: 20:15)","",0,0,0,0.00000,0.00000,0.00000,0.00000,"",0.00,0.00
2026.09.09 20:30:00,2026.09.09 20:30:00,2026.09.09 20:30:00,"10****84",XAUUSD,108151,2026.09.09 20:15:00,NONE,0.00000,0.00000,0.00,0.00000,0.00000,0.00000,0.00000,0.00000,0.00000,0.00000,0.00000,0.00000,0.00,0.00,0.00,0.00,0.00,0.00,0.00,"","","","","OutsideUTCWindow",TRUE,TRUE,FALSE,FALSE,FALSE,FALSE,FALSE,FALSE,FALSE,FALSE,FALSE,FALSE,FALSE,FALSE,FALSE,FALSE,FALSE,FALSE,FALSE,"Outside UTC session (08:00 - 16:00 UTC, Current: 20:30)","",0,0,0,0.00000,0.00000,0.00000,0.00000,"",0.00,0.00
2026.09.09 20:45:00,2026.09.09 20:45:00,2026.09.09 20:45:00,"10****84",XAUUSD,108151,2026.09.09 20:30:00,NONE,0.00000,0.00000,0.00,0.00000,0.00000,0.00000,0.00000,0.00000,0.00000,0.00000,0.00000,0.00000,0.00,0.00,0.00,0.00,0.00,0.00,0.00,"","","","","OutsideUTCWindow",TRUE,TRUE,FALSE,FALSE,FALSE,FALSE,FALSE,FALSE,FALSE,FALSE,FALSE,FALSE,FALSE,FALSE,FALSE,FALSE,FALSE,FALSE,FALSE,"Outside UTC session (08:00 - 16:00 UTC, Current: 20:45)","",0,0,0,0.00000,0.00000,0.00000,0.00000,"",0.00,0.00
2026.09.09 21:00:00,2026.09.09 21:00:00,2026.09.09 21:00:00,"10****84",XAUUSD,108151,2026.09.09 20:45:00,NONE,0.00000,0.00000,0.00,0.00000,0.00000,0.00000,0.00000,0.00000,0.00000,0.00000,0.00000,0.00000,0.00,0.00,0.00,0.00,0.00,0.00,0.00,"","","","","OutsideUTCWindow",TRUE,TRUE,FALSE,FALSE,FALSE,FALSE,FALSE,FALSE,FALSE,FALSE,FALSE,FALSE,FALSE,FALSE,FALSE,FALSE,FALSE,FALSE,FALSE,"Outside UTC session (08:00 - 16:00 UTC, Current: 21:00)","",0,0,0,0.00000,0.00000,0.00000,0.00000,"",0.00,0.00
2026.09.09 21:15:00,2026.09.09 21:15:00,2026.09.09 21:15:00,"10****84",XAUUSD,108151,2026.09.09 21:00:00,NONE,0.00000,0.00000,0.00,0.00000,0.00000,0.00000,0.00000,0.00000,0.00000,0.00000,0.00000,0.00000,0.00,0.00,0.00,0.00,0.00,0.00,0.00,"","","","","OutsideUTCWindow",TRUE,TRUE,FALSE,FALSE,FALSE,FALSE,FALSE,FALSE,FALSE,FALSE,FALSE,FALSE,FALSE,FALSE,FALSE,FALSE,FALSE,FALSE,FALSE,"Outside UTC session (08:00 - 16:00 UTC, Current: 21:15)","",0,0,0,0.00000,0.00000,0.00000,0.00000,"",0.00,0.00
2026.09.09 21:30:00,2026.09.09 21:30:00,2026.09.09 21:30:00,"10****84",XAUUSD,108151,2026.09.09 21:15:00,NONE,0.00000,0.00000,0.00,0.00000,0.00000,0.00000,0.00000,0.00000,0.00000,0.00000,0.00000,0.00000,0.00,0.00,0.00,0.00,0.00,0.00,0.00,"","","","","OutsideUTCWindow",TRUE,TRUE,FALSE,FALSE,FALSE,FALSE,FALSE,FALSE,FALSE,FALSE,FALSE,FALSE,FALSE,FALSE,FALSE,FALSE,FALSE,FALSE,FALSE,"Outside UTC session (08:00 - 16:00 UTC, Current: 21:30)","",0,0,0,0.00000,0.00000,0.00000,0.00000,"",0.00,0.00
2026.09.09 21:45:00,2026.09.09 21:45:00,2026.09.09 21:45:00,"10****84",XAUUSD,108151,2026.09.09 21:30:00,NONE,0.00000,0.00000,0.00,0.00000,0.00000,0.00000,0.00000,0.00000,0.00000,0.00000,0.00000,0.00000,0.00,0.00,0.00,0.00,0.00,0.00,0.00,"","","","","OutsideUTCWindow",TRUE,TRUE,FALSE,FALSE,FALSE,FALSE,FALSE,FALSE,FALSE,FALSE,FALSE,FALSE,FALSE,FALSE,FALSE,FALSE,FALSE,FALSE,FALSE,"Outside UTC session (08:00 - 16:00 UTC, Current: 21:45)","",0,0,0,0.00000,0.00000,0.00000,0.00000,"",0.00,0.00
2026.09.09 22:00:00,2026.09.09 22:00:00,2026.09.09 22:00:00,"10****84",XAUUSD,108151,2026.09.09 21:45:00,NONE,0.00000,0.00000,0.00,0.00000,0.00000,0.00000,0.00000,0.00000,0.00000,0.00000,0.00000,0.00000,0.00,0.00,0.00,0.00,0.00,0.00,0.00,"","","","","OutsideUTCWindow",TRUE,TRUE,FALSE,FALSE,FALSE,FALSE,FALSE,FALSE,FALSE,FALSE,FALSE,FALSE,FALSE,FALSE,FALSE,FALSE,FALSE,FALSE,FALSE,"Outside UTC session (08:00 - 16:00 UTC, Current: 22:00)","",0,0,0,0.00000,0.00000,0.00000,0.00000,"",0.00,0.00
2026.09.09 22:15:00,2026.09.09 22:15:00,2026.09.09 22:15:00,"10****84",XAUUSD,108151,2026.09.09 22:00:00,NONE,0.00000,0.00000,0.00,0.00000,0.00000,0.00000,0.00000,0.00000,0.00000,0.00000,0.00000,0.00000,0.00,0.00,0.00,0.00,0.00,0.00,0.00,"","","","","OutsideUTCWindow",TRUE,TRUE,FALSE,FALSE,FALSE,FALSE,FALSE,FALSE,FALSE,FALSE,FALSE,FALSE,FALSE,FALSE,FALSE,FALSE,FALSE,FALSE,FALSE,"Outside UTC session (08:00 - 16:00 UTC, Current: 22:15)","",0,0,0,0.00000,0.00000,0.00000,0.00000,"",0.00,0.00
2026.09.09 22:30:00,2026.09.09 22:30:00,2026.09.09 22:30:00,"10****84",XAUUSD,108151,2026.09.09 22:15:00,NONE,0.00000,0.00000,0.00,0.00000,0.00000,0.00000,0.00000,0.00000,0.00000,0.00000,0.00000,0.00000,0.00,0.00,0.00,0.00,0.00,0.00,0.00,"","","","","OutsideUTCWindow",TRUE,TRUE,FALSE,FALSE,FALSE,FALSE,FALSE,FALSE,FALSE,FALSE,FALSE,FALSE,FALSE,FALSE,FALSE,FALSE,FALSE,FALSE,FALSE,"Outside UTC session (08:00 - 16:00 UTC, Current: 22:30)","",0,0,0,0.00000,0.00000,0.00000,0.00000,"",0.00,0.00
2026.09.09 22:45:00,2026.09.09 22:45:00,2026.09.09 22:45:00,"10****84",XAUUSD,108151,2026.09.09 22:30:00,NONE,0.00000,0.00000,0.00,0.00000,0.00000,0.00000,0.00000,0.00000,0.00000,0.00000,0.00000,0.00000,0.00,0.00,0.00,0.00,0.00,0.00,0.00,"","","","","OutsideUTCWindow",TRUE,TRUE,FALSE,FALSE,FALSE,FALSE,FALSE,FALSE,FALSE,FALSE,FALSE,FALSE,FALSE,FALSE,FALSE,FALSE,FALSE,FALSE,FALSE,"Outside UTC session (08:00 - 16:00 UTC, Current: 22:45)","",0,0,0,0.00000,0.00000,0.00000,0.00000,"",0.00,0.00
2026.09.10 01:00:00,2026.09.10 01:00:00,2026.09.10 01:00:00,"10****84",XAUUSD,108151,2026.09.09 22:45:00,NONE,0.00000,0.00000,0.00,0.00000,0.00000,0.00000,0.00000,0.00000,0.00000,0.00000,0.00000,0.00000,0.00,0.00,0.00,0.00,0.00,0.00,0.00,"","","","","OutsideUTCWindow",TRUE,TRUE,FALSE,FALSE,FALSE,FALSE,FALSE,FALSE,FALSE,FALSE,FALSE,FALSE,FALSE,FALSE,FALSE,FALSE,FALSE,FALSE,FALSE,"Outside UTC session (08:00 - 16:00 UTC, Current: 01:00)","",0,0,0,0.00000,0.00000,0.00000,0.00000,"",0.00,0.00
2026.09.10 01:15:00,2026.09.10 01:15:00,2026.09.10 01:15:00,"10****84",XAUUSD,108151,2026.09.10 01:00:00,NONE,0.00000,0.00000,0.00,0.00000,0.00000,0.00000,0.00000,0.00000,0.00000,0.00000,0.00000,0.00000,0.00,0.00,0.00,0.00,0.00,0.00,0.00,"","","","","OutsideUTCWindow",TRUE,TRUE,FALSE,FALSE,FALSE,FALSE,FALSE,FALSE,FALSE,FALSE,FALSE,FALSE,FALSE,FALSE,FALSE,FALSE,FALSE,FALSE,FALSE,"Outside UTC session (08:00 - 16:00 UTC, Current: 01:15)","",0,0,0,0.00000,0.00000,0.00000,0.00000,"",0.00,0.00
2026.09.10 01:30:00,2026.09.10 01:30:00,2026.09.10 01:30:00,"10****84",XAUUSD,108151,2026.09.10 01:15:00,NONE,0.00000,0.00000,0.00,0.00000,0.00000,0.00000,0.00000,0.00000,0.00000,0.00000,0.00000,0.00000,0.00,0.00,0.00,0.00,0.00,0.00,0.00,"","","","","OutsideUTCWindow",TRUE,TRUE,FALSE,FALSE,FALSE,FALSE,FALSE,FALSE,FALSE,FALSE,FALSE,FALSE,FALSE,FALSE,FALSE,FALSE,FALSE,FALSE,FALSE,"Outside UTC session (08:00 - 16:00 UTC, Current: 01:30)","",0,0,0,0.00000,0.00000,0.00000,0.00000,"",0.00,0.00
2026.09.10 01:45:00,2026.09.10 01:45:00,2026.09.10 01:45:00,"10****84",XAUUSD,108151,2026.09.10 01:30:00,NONE,0.00000,0.00000,0.00,0.00000,0.00000,0.00000,0.00000,0.00000,0.00000,0.00000,0.00000,0.00000,0.00,0.00,0.00,0.00,0.00,0.00,0.00,"","","","","OutsideUTCWindow",TRUE,TRUE,FALSE,FALSE,FALSE,FALSE,FALSE,FALSE,FALSE,FALSE,FALSE,FALSE,FALSE,FALSE,FALSE,FALSE,FALSE,FALSE,FALSE,"Outside UTC session (08:00 - 16:00 UTC, Current: 01:45)","",0,0,0,0.00000,0.00000,0.00000,0.00000,"",0.00,0.00
2026.09.10 02:00:00,2026.09.10 02:00:00,2026.09.10 02:00:00,"10****84",XAUUSD,108151,2026.09.10 01:45:00,NONE,0.00000,0.00000,0.00,0.00000,0.00000,0.00000,0.00000,0.00000,0.00000,0.00000,0.00000,0.00000,0.00,0.00,0.00,0.00,0.00,0.00,0.00,"","","","","OutsideUTCWindow",TRUE,TRUE,FALSE,FALSE,FALSE,FALSE,FALSE,FALSE,FALSE,FALSE,FALSE,FALSE,FALSE,FALSE,FALSE,FALSE,FALSE,FALSE,FALSE,"Outside UTC session (08:00 - 16:00 UTC, Current: 02:00)","",0,0,0,0.00000,0.00000,0.00000,0.00000,"",0.00,0.00
2026.09.10 02:15:00,2026.09.10 02:15:00,2026.09.10 02:15:00,"10****84",XAUUSD,108151,2026.09.10 02:00:00,NONE,0.00000,0.00000,0.00,0.00000,0.00000,0.00000,0.00000,0.00000,0.00000,0.00000,0.00000,0.00000,0.00,0.00,0.00,0.00,0.00,0.00,0.00,"","","","","OutsideUTCWindow",TRUE,TRUE,FALSE,FALSE,FALSE,FALSE,FALSE,FALSE,FALSE,FALSE,FALSE,FALSE,FALSE,FALSE,FALSE,FALSE,FALSE,FALSE,FALSE,"Outside UTC session (08:00 - 16:00 UTC, Current: 02:15)","",0,0,0,0.00000,0.00000,0.00000,0.00000,"",0.00,0.00
2026.09.10 02:30:00,2026.09.10 02:30:00,2026.09.10 02:30:00,"10****84",XAUUSD,108151,2026.09.10 02:15:00,NONE,0.00000,0.00000,0.00,0.00000,0.00000,0.00000,0.00000,0.00000,0.00000,0.00000,0.00000,0.00000,0.00,0.00,0.00,0.00,0.00,0.00,0.00,"","","","","OutsideUTCWindow",TRUE,TRUE,FALSE,FALSE,FALSE,FALSE,FALSE,FALSE,FALSE,FALSE,FALSE,FALSE,FALSE,FALSE,FALSE,FALSE,FALSE,FALSE,FALSE,"Outside UTC session (08:00 - 16:00 UTC, Current: 02:30)","",0,0,0,0.00000,0.00000,0.00000,0.00000,"",0.00,0.00
2026.09.10 02:45:00,2026.09.10 02:45:00,2026.09.10 02:45:00,"10****84",XAUUSD,108151,2026.09.10 02:30:00,NONE,0.00000,0.00000,0.00,0.00000,0.00000,0.00000,0.00000,0.00000,0.00000,0.00000,0.00000,0.00000,0.00,0.00,0.00,0.00,0.00,0.00,0.00,"","","","","OutsideUTCWindow",TRUE,TRUE,FALSE,FALSE,FALSE,FALSE,FALSE,FALSE,FALSE,FALSE,FALSE,FALSE,FALSE,FALSE,FALSE,FALSE,FALSE,FALSE,FALSE,"Outside UTC session (08:00 - 16:00 UTC, Current: 02:45)","",0,0,0,0.00000,0.00000,0.00000,0.00000,"",0.00,0.00
2026.09.10 03:00:00,2026.09.10 03:00:00,2026.09.10 03:00:00,"10****84",XAUUSD,108151,2026.09.10 02:45:00,NONE,0.00000,0.00000,0.00,0.00000,0.00000,0.00000,0.00000,0.00000,0.00000,0.00000,0.00000,0.00000,0.00,0.00,0.00,0.00,0.00,0.00,0.00,"","","","","OutsideUTCWindow",TRUE,TRUE,FALSE,FALSE,FALSE,FALSE,FALSE,FALSE,FALSE,FALSE,FALSE,FALSE,FALSE,FALSE,FALSE,FALSE,FALSE,FALSE,FALSE,"Outside UTC session (08:00 - 16:00 UTC, Current: 03:00)","",0,0,0,0.00000,0.00000,0.00000,0.00000,"",0.00,0.00
2026.09.10 03:15:00,2026.09.10 03:15:00,2026.09.10 03:15:00,"10****84",XAUUSD,108151,2026.09.10 03:00:00,NONE,0.00000,0.00000,0.00,0.00000,0.00000,0.00000,0.00000,0.00000,0.00000,0.00000,0.00000,0.00000,0.00,0.00,0.00,0.00,0.00,0.00,0.00,"","","","","OutsideUTCWindow",TRUE,TRUE,FALSE,FALSE,FALSE,FALSE,FALSE,FALSE,FALSE,FALSE,FALSE,FALSE,FALSE,FALSE,FALSE,FALSE,FALSE,FALSE,FALSE,"Outside UTC session (08:00 - 16:00 UTC, Current: 03:15)","",0,0,0,0.00000,0.00000,0.00000,0.00000,"",0.00,0.00
2026.09.10 03:30:00,2026.09.10 03:30:00,2026.09.10 03:30:00,"10****84",XAUUSD,108151,2026.09.10 03:15:00,NONE,0.00000,0.00000,0.00,0.00000,0.00000,0.00000,0.00000,0.00000,0.00000,0.00000,0.00000,0.00000,0.00,0.00,0.00,0.00,0.00,0.00,0.00,"","","","","OutsideUTCWindow",TRUE,TRUE,FALSE,FALSE,FALSE,FALSE,FALSE,FALSE,FALSE,FALSE,FALSE,FALSE,FALSE,FALSE,FALSE,FALSE,FALSE,FALSE,FALSE,"Outside UTC session (08:00 - 16:00 UTC, Current: 03:30)","",0,0,0,0.00000,0.00000,0.00000,0.00000,"",0.00,0.00
2026.09.10 03:45:00,2026.09.10 03:45:00,2026.09.10 03:45:00,"10****84",XAUUSD,108151,2026.09.10 03:30:00,NONE,0.00000,0.00000,0.00,0.00000,0.00000,0.00000,0.00000,0.00000,0.00000,0.00000,0.00000,0.00000,0.00,0.00,0.00,0.00,0.00,0.00,0.00,"","","","","OutsideUTCWindow",TRUE,TRUE,FALSE,FALSE,FALSE,FALSE,FALSE,FALSE,FALSE,FALSE,FALSE,FALSE,FALSE,FALSE,FALSE,FALSE,FALSE,FALSE,FALSE,"Outside UTC session (08:00 - 16:00 UTC, Current: 03:45)","",0,0,0,0.00000,0.00000,0.00000,0.00000,"",0.00,0.00
2026.09.10 04:00:00,2026.09.10 04:00:00,2026.09.10 04:00:00,"10****84",XAUUSD,108151,2026.09.10 03:45:00,NONE,0.00000,0.00000,0.00,0.00000,0.00000,0.00000,0.00000,0.00000,0.00000,0.00000,0.00000,0.00000,0.00,0.00,0.00,0.00,0.00,0.00,0.00,"","","","","OutsideUTCWindow",TRUE,TRUE,FALSE,FALSE,FALSE,FALSE,FALSE,FALSE,FALSE,FALSE,FALSE,FALSE,FALSE,FALSE,FALSE,FALSE,FALSE,FALSE,FALSE,"Outside UTC session (08:00 - 16:00 UTC, Current: 04:00)","",0,0,0,0.00000,0.00000,0.00000,0.00000,"",0.00,0.00
2026.09.10 04:15:00,2026.09.10 04:15:00,2026.09.10 04:15:00,"10****84",XAUUSD,108151,2026.09.10 04:00:00,NONE,0.00000,0.00000,0.00,0.00000,0.00000,0.00000,0.00000,0.00000,0.00000,0.00000,0.00000,0.00000,0.00,0.00,0.00,0.00,0.00,0.00,0.00,"","","","","OutsideUTCWindow",TRUE,TRUE,FALSE,FALSE,FALSE,FALSE,FALSE,FALSE,FALSE,FALSE,FALSE,FALSE,FALSE,FALSE,FALSE,FALSE,FALSE,FALSE,FALSE,"Outside UTC session (08:00 - 16:00 UTC, Current: 04:15)","",0,0,0,0.00000,0.00000,0.00000,0.00000,"",0.00,0.00
2026.09.10 04:30:00,2026.09.10 04:30:00,2026.09.10 04:30:00,"10****84",XAUUSD,108151,2026.09.10 04:15:00,NONE,0.00000,0.00000,0.00,0.00000,0.00000,0.00000,0.00000,0.00000,0.00000,0.00000,0.00000,0.00000,0.00,0.00,0.00,0.00,0.00,0.00,0.00,"","","","","OutsideUTCWindow",TRUE,TRUE,FALSE,FALSE,FALSE,FALSE,FALSE,FALSE,FALSE,FALSE,FALSE,FALSE,FALSE,FALSE,FALSE,FALSE,FALSE,FALSE,FALSE,"Outside UTC session (08:00 - 16:00 UTC, Current: 04:30)","",0,0,0,0.00000,0.00000,0.00000,0.00000,"",0.00,0.00
2026.09.10 04:45:00,2026.09.10 04:45:00,2026.09.10 04:45:00,"10****84",XAUUSD,108151,2026.09.10 04:30:00,NONE,0.00000,0.00000,0.00,0.00000,0.00000,0.00000,0.00000,0.00000,0.00000,0.00000,0.00000,0.00000,0.00,0.00,0.00,0.00,0.00,0.00,0.00,"","","","","OutsideUTCWindow",TRUE,TRUE,FALSE,FALSE,FALSE,FALSE,FALSE,FALSE,FALSE,FALSE,FALSE,FALSE,FALSE,FALSE,FALSE,FALSE,FALSE,FALSE,FALSE,"Outside UTC session (08:00 - 16:00 UTC, Current: 04:45)","",0,0,0,0.00000,0.00000,0.00000,0.00000,"",0.00,0.00
2026.09.10 05:00:00,2026.09.10 05:00:00,2026.09.10 05:00:00,"10****84",XAUUSD,108151,2026.09.10 04:45:00,NONE,0.00000,0.00000,0.00,0.00000,0.00000,0.00000,0.00000,0.00000,0.00000,0.00000,0.00000,0.00000,0.00,0.00,0.00,0.00,0.00,0.00,0.00,"","","","","OutsideUTCWindow",TRUE,TRUE,FALSE,FALSE,FALSE,FALSE,FALSE,FALSE,FALSE,FALSE,FALSE,FALSE,FALSE,FALSE,FALSE,FALSE,FALSE,FALSE,FALSE,"Outside UTC session (08:00 - 16:00 UTC, Current: 05:00)","",0,0,0,0.00000,0.00000,0.00000,0.00000,"",0.00,0.00
2026.09.10 05:15:00,2026.09.10 05:15:00,2026.09.10 05:15:00,"10****84",XAUUSD,108151,2026.09.10 05:00:00,NONE,0.00000,0.00000,0.00,0.00000,0.00000,0.00000,0.00000,0.00000,0.00000,0.00000,0.00000,0.00000,0.00,0.00,0.00,0.00,0.00,0.00,0.00,"","","","","OutsideUTCWindow",TRUE,TRUE,FALSE,FALSE,FALSE,FALSE,FALSE,FALSE,FALSE,FALSE,FALSE,FALSE,FALSE,FALSE,FALSE,FALSE,FALSE,FALSE,FALSE,"Outside UTC session (08:00 - 16:00 UTC, Current: 05:15)","",0,0,0,0.00000,0.00000,0.00000,0.00000,"",0.00,0.00
2026.09.10 05:30:00,2026.09.10 05:30:00,2026.09.10 05:30:00,"10****84",XAUUSD,108151,2026.09.10 05:15:00,NONE,0.00000,0.00000,0.00,0.00000,0.00000,0.00000,0.00000,0.00000,0.00000,0.00000,0.00000,0.00000,0.00,0.00,0.00,0.00,0.00,0.00,0.00,"","","","","OutsideUTCWindow",TRUE,TRUE,FALSE,FALSE,FALSE,FALSE,FALSE,FALSE,FALSE,FALSE,FALSE,FALSE,FALSE,FALSE,FALSE,FALSE,FALSE,FALSE,FALSE,"Outside UTC session (08:00 - 16:00 UTC, Current: 05:30)","",0,0,0,0.00000,0.00000,0.00000,0.00000,"",0.00,0.00
2026.09.10 05:45:00,2026.09.10 05:45:00,2026.09.10 05:45:00,"10****84",XAUUSD,108151,2026.09.10 05:30:00,NONE,0.00000,0.00000,0.00,0.00000,0.00000,0.00000,0.00000,0.00000,0.00000,0.00000,0.00000,0.00000,0.00,0.00,0.00,0.00,0.00,0.00,0.00,"","","","","OutsideUTCWindow",TRUE,TRUE,FALSE,FALSE,FALSE,FALSE,FALSE,FALSE,FALSE,FALSE,FALSE,FALSE,FALSE,FALSE,FALSE,FALSE,FALSE,FALSE,FALSE,"Outside UTC session (08:00 - 16:00 UTC, Current: 05:45)","",0,0,0,0.00000,0.00000,0.00000,0.00000,"",0.00,0.00
2026.09.10 06:00:00,2026.09.10 06:00:00,2026.09.10 06:00:00,"10****84",XAUUSD,108151,2026.09.10 05:45:00,NONE,0.00000,0.00000,0.00,0.00000,0.00000,0.00000,0.00000,0.00000,0.00000,0.00000,0.00000,0.00000,0.00,0.00,0.00,0.00,0.00,0.00,0.00,"","","","","OutsideUTCWindow",TRUE,TRUE,FALSE,FALSE,FALSE,FALSE,FALSE,FALSE,FALSE,FALSE,FALSE,FALSE,FALSE,FALSE,FALSE,FALSE,FALSE,FALSE,FALSE,"Outside UTC session (08:00 - 16:00 UTC, Current: 06:00)","",0,0,0,0.00000,0.00000,0.00000,0.00000,"",0.00,0.00
2026.09.10 06:15:00,2026.09.10 06:15:00,2026.09.10 06:15:00,"10****84",XAUUSD,108151,2026.09.10 06:00:00,NONE,0.00000,0.00000,0.00,0.00000,0.00000,0.00000,0.00000,0.00000,0.00000,0.00000,0.00000,0.00000,0.00,0.00,0.00,0.00,0.00,0.00,0.00,"","","","","OutsideUTCWindow",TRUE,TRUE,FALSE,FALSE,FALSE,FALSE,FALSE,FALSE,FALSE,FALSE,FALSE,FALSE,FALSE,FALSE,FALSE,FALSE,FALSE,FALSE,FALSE,"Outside UTC session (08:00 - 16:00 UTC, Current: 06:15)","",0,0,0,0.00000,0.00000,0.00000,0.00000,"",0.00,0.00
2026.09.10 06:30:00,2026.09.10 06:30:00,2026.09.10 06:30:00,"10****84",XAUUSD,108151,2026.09.10 06:15:00,NONE,0.00000,0.00000,0.00,0.00000,0.00000,0.00000,0.00000,0.00000,0.00000,0.00000,0.00000,0.00000,0.00,0.00,0.00,0.00,0.00,0.00,0.00,"","","","","OutsideUTCWindow",TRUE,TRUE,FALSE,FALSE,FALSE,FALSE,FALSE,FALSE,FALSE,FALSE,FALSE,FALSE,FALSE,FALSE,FALSE,FALSE,FALSE,FALSE,FALSE,"Outside UTC session (08:00 - 16:00 UTC, Current: 06:30)","",0,0,0,0.00000,0.00000,0.00000,0.00000,"",0.00,0.00
2026.09.10 06:45:00,2026.09.10 06:45:00,2026.09.10 06:45:00,"10****84",XAUUSD,108151,2026.09.10 06:30:00,NONE,0.00000,0.00000,0.00,0.00000,0.00000,0.00000,0.00000,0.00000,0.00000,0.00000,0.00000,0.00000,0.00,0.00,0.00,0.00,0.00,0.00,0.00,"","","","","OutsideUTCWindow",TRUE,TRUE,FALSE,FALSE,FALSE,FALSE,FALSE,FALSE,FALSE,FALSE,FALSE,FALSE,FALSE,FALSE,FALSE,FALSE,FALSE,FALSE,FALSE,"Outside UTC session (08:00 - 16:00 UTC, Current: 06:45)","",0,0,0,0.00000,0.00000,0.00000,0.00000,"",0.00,0.00
2026.09.10 07:00:00,2026.09.10 07:00:00,2026.09.10 07:00:00,"10****84",XAUUSD,108151,2026.09.10 06:45:00,NONE,0.00000,0.00000,0.00,0.00000,0.00000,0.00000,0.00000,0.00000,0.00000,0.00000,0.00000,0.00000,0.00,0.00,0.00,0.00,0.00,0.00,0.00,"","","","","OutsideUTCWindow",TRUE,TRUE,FALSE,FALSE,FALSE,FALSE,FALSE,FALSE,FALSE,FALSE,FALSE,FALSE,FALSE,FALSE,FALSE,FALSE,FALSE,FALSE,FALSE,"Outside UTC session (08:00 - 16:00 UTC, Current: 07:00)","",0,0,0,0.00000,0.00000,0.00000,0.00000,"",0.00,0.00
2026.09.10 07:15:00,2026.09.10 07:15:00,2026.09.10 07:15:00,"10****84",XAUUSD,108151,2026.09.10 07:00:00,NONE,0.00000,0.00000,0.00,0.00000,0.00000,0.00000,0.00000,0.00000,0.00000,0.00000,0.00000,0.00000,0.00,0.00,0.00,0.00,0.00,0.00,0.00,"","","","","OutsideUTCWindow",TRUE,TRUE,FALSE,FALSE,FALSE,FALSE,FALSE,FALSE,FALSE,FALSE,FALSE,FALSE,FALSE,FALSE,FALSE,FALSE,FALSE,FALSE,FALSE,"Outside UTC session (08:00 - 16:00 UTC, Current: 07:15)","",0,0,0,0.00000,0.00000,0.00000,0.00000,"",0.00,0.00
2026.09.10 07:30:00,2026.09.10 07:30:00,2026.09.10 07:30:00,"10****84",XAUUSD,108151,2026.09.10 07:15:00,NONE,0.00000,0.00000,0.00,0.00000,0.00000,0.00000,0.00000,0.00000,0.00000,0.00000,0.00000,0.00000,0.00,0.00,0.00,0.00,0.00,0.00,0.00,"","","","","OutsideUTCWindow",TRUE,TRUE,FALSE,FALSE,FALSE,FALSE,FALSE,FALSE,FALSE,FALSE,FALSE,FALSE,FALSE,FALSE,FALSE,FALSE,FALSE,FALSE,FALSE,"Outside UTC session (08:00 - 16:00 UTC, Current: 07:30)","",0,0,0,0.00000,0.00000,0.00000,0.00000,"",0.00,0.00
2026.09.10 07:45:00,2026.09.10 07:45:00,2026.09.10 07:45:00,"10****84",XAUUSD,108151,2026.09.10 07:30:00,NONE,0.00000,0.00000,0.00,0.00000,0.00000,0.00000,0.00000,0.00000,0.00000,0.00000,0.00000,0.00000,0.00,0.00,0.00,0.00,0.00,0.00,0.00,"","","","","OutsideUTCWindow",TRUE,TRUE,FALSE,FALSE,FALSE,FALSE,FALSE,FALSE,FALSE,FALSE,FALSE,FALSE,FALSE,FALSE,FALSE,FALSE,FALSE,FALSE,FALSE,"Outside UTC session (08:00 - 16:00 UTC, Current: 07:45)","",0,0,0,0.00000,0.00000,0.00000,0.00000,"",0.00,0.00
2026.09.10 08:00:00,2026.09.10 08:00:00,2026.09.10 08:00:00,"10****84",XAUUSD,108151,2026.09.10 07:45:00,NONE,4403.00779,4430.02454,10.58,4409.15936,6.59357,7.62821,0.00000,4408.38000,0.00000,0.00000,0.00000,0.00000,0.00,0.00,0.00,0.00,0.00,0.00,0.00,"Loss: $0.00 (Max $50.00) | Losses: 0/Max 2","Loss: 1.46% / Max: 20.00%","DD: 13.03% / Max: 20.00% (HWM: $522.02)","BypassedInTester","ActiveSession",TRUE,TRUE,TRUE,TRUE,TRUE,TRUE,TRUE,TRUE,FALSE,FALSE,FALSE,TRUE,FALSE,FALSE,FALSE,FALSE,FALSE,FALSE,FALSE,"No valid H1 trend alignment (EMA50 vs EMA200 or Close vs EMA50)","",0,0,0,0.00000,0.00000,0.00000,0.00000,"",0.00,0.00
2026.09.10 08:15:00,2026.09.10 08:15:00,2026.09.10 08:15:00,"10****84",XAUUSD,108151,2026.09.10 08:00:00,NONE,4403.00779,4430.02454,10.58,4410.07561,6.95000,7.52429,0.00000,4418.78000,0.00000,0.00000,0.00000,0.00000,0.00,0.00,0.00,0.00,0.00,0.00,0.00,"Loss: $0.00 (Max $50.00) | Losses: 0/Max 2","Loss: 1.46% / Max: 20.00%","DD: 13.03% / Max: 20.00% (HWM: $522.02)","BypassedInTester","ActiveSession",TRUE,TRUE,TRUE,TRUE,TRUE,TRUE,TRUE,TRUE,FALSE,FALSE,FALSE,TRUE,FALSE,FALSE,FALSE,FALSE,FALSE,FALSE,FALSE,"No valid H1 trend alignment (EMA50 vs EMA200 or Close vs EMA50)","",0,0,0,0.00000,0.00000,0.00000,0.00000,"",0.00,0.00
2026.09.10 08:30:00,2026.09.10 08:30:00,2026.09.10 08:30:00,"10****84",XAUUSD,108151,2026.09.10 08:15:00,NONE,4403.00779,4430.02454,10.58,4411.08079,6.75357,7.45179,0.00000,4420.63000,0.00000,0.00000,0.00000,0.00000,0.00,0.00,0.00,0.00,0.00,0.00,0.00,"Loss: $0.00 (Max $50.00) | Losses: 0/Max 2","Loss: 1.46% / Max: 20.00%","DD: 13.03% / Max: 20.00% (HWM: $522.02)","BypassedInTester","ActiveSession",TRUE,TRUE,TRUE,TRUE,TRUE,TRUE,TRUE,TRUE,FALSE,FALSE,FALSE,TRUE,FALSE,FALSE,FALSE,FALSE,FALSE,FALSE,FALSE,"No valid H1 trend alignment (EMA50 vs EMA200 or Close vs EMA50)","",0,0,0,0.00000,0.00000,0.00000,0.00000,"",0.00,0.00
2026.09.10 08:45:00,2026.09.10 08:45:00,2026.09.10 08:45:00,"10****84",XAUUSD,108151,2026.09.10 08:30:00,NONE,4403.00779,4430.02454,10.58,4412.70548,7.11071,7.41786,0.00000,4428.14000,0.00000,0.00000,0.00000,0.00000,0.00,0.00,0.00,0.00,0.00,0.00,0.00,"Loss: $0.00 (Max $50.00) | Losses: 0/Max 2","Loss: 1.46% / Max: 20.00%","DD: 13.03% / Max: 20.00% (HWM: $522.02)","BypassedInTester","ActiveSession",TRUE,TRUE,TRUE,TRUE,TRUE,TRUE,TRUE,TRUE,FALSE,FALSE,FALSE,TRUE,FALSE,FALSE,FALSE,FALSE,FALSE,FALSE,FALSE,"No valid H1 trend alignment (EMA50 vs EMA200 or Close vs EMA50)","",0,0,0,0.00000,0.00000,0.00000,0.00000,"",0.00,0.00
2026.09.10 09:00:00,2026.09.10 09:00:00,2026.09.10 09:00:00,"10****84",XAUUSD,108151,2026.09.10 08:45:00,NONE,4404.10787,4430.03485,12.37,4414.45353,6.96000,7.31536,0.00000,4431.06000,0.00000,0.00000,0.00000,0.00000,0.00,0.00,0.00,0.00,0.00,0.00,0.00,"Loss: $0.00 (Max $50.00) | Losses: 0/Max 2","Loss: 1.46% / Max: 20.00%","DD: 13.03% / Max: 20.00% (HWM: $522.02)","BypassedInTester","ActiveSession",TRUE,TRUE,TRUE,TRUE,TRUE,TRUE,TRUE,TRUE,FALSE,FALSE,FALSE,TRUE,FALSE,FALSE,FALSE,FALSE,FALSE,FALSE,FALSE,"No valid H1 trend alignment (EMA50 vs EMA200 or Close vs EMA50)","",0,0,0,0.00000,0.00000,0.00000,0.00000,"",0.00,0.00
2026.09.10 09:15:00,2026.09.10 09:15:00,2026.09.10 09:15:00,"10****84",XAUUSD,108151,2026.09.10 09:00:00,NONE,4404.10787,4430.03485,12.37,4414.62367,7.60000,7.16250,0.00000,4416.24000,0.00000,0.00000,0.00000,0.00000,0.00,0.00,0.00,0.00,0.00,0.00,0.00,"Loss: $0.00 (Max $50.00) | Losses: 0/Max 2","Loss: 1.46% / Max: 20.00%","DD: 13.03% / Max: 20.00% (HWM: $522.02)","BypassedInTester","ActiveSession",TRUE,TRUE,TRUE,TRUE,TRUE,TRUE,TRUE,TRUE,FALSE,FALSE,FALSE,TRUE,FALSE,FALSE,FALSE,FALSE,FALSE,FALSE,FALSE,"No valid H1 trend alignment (EMA50 vs EMA200 or Close vs EMA50)","",0,0,0,0.00000,0.00000,0.00000,0.00000,"",0.00,0.00
2026.09.10 09:30:00,2026.09.10 09:30:00,2026.09.10 09:30:00,"10****84",XAUUSD,108151,2026.09.10 09:15:00,NONE,4404.10787,4430.03485,12.37,4414.89856,7.74857,7.16250,0.00000,4417.51000,0.00000,0.00000,0.00000,0.00000,0.00,0.00,0.00,0.00,0.00,0.00,0.00,"Loss: $0.00 (Max $50.00) | Losses: 0/Max 2","Loss: 1.46% / Max: 20.00%","DD: 13.03% / Max: 20.00% (HWM: $522.02)","BypassedInTester","ActiveSession",TRUE,TRUE,TRUE,TRUE,TRUE,TRUE,TRUE,TRUE,FALSE,FALSE,FALSE,TRUE,FALSE,FALSE,FALSE,FALSE,FALSE,FALSE,FALSE,"No valid H1 trend alignment (EMA50 vs EMA200 or Close vs EMA50)","",0,0,0,0.00000,0.00000,0.00000,0.00000,"",0.00,0.00
2026.09.10 09:45:00,2026.09.10 09:45:00,2026.09.10 09:45:00,"10****84",XAUUSD,108151,2026.09.10 09:30:00,NONE,4404.10787,4430.03485,12.37,4416.03108,8.04286,7.16250,0.00000,4426.79000,0.00000,0.00000,0.00000,0.00000,0.00,0.00,0.00,0.00,0.00,0.00,0.00,"Loss: $0.00 (Max $50.00) | Losses: 0/Max 2","Loss: 1.46% / Max: 20.00%","DD: 13.03% / Max: 20.00% (HWM: $522.02)","BypassedInTester","ActiveSession",TRUE,TRUE,TRUE,TRUE,TRUE,TRUE,TRUE,TRUE,FALSE,FALSE,FALSE,TRUE,FALSE,FALSE,FALSE,FALSE,FALSE,FALSE,FALSE,"No valid H1 trend alignment (EMA50 vs EMA200 or Close vs EMA50)","",0,0,0,0.00000,0.00000,0.00000,0.00000,"",0.00,0.00
2026.09.10 10:00:00,2026.09.10 10:00:00,2026.09.10 10:00:00,"10****84",XAUUSD,108151,2026.09.10 09:45:00,NONE,4404.93462,4429.98664,14.47,4416.90336,8.01786,7.16250,0.00000,4425.19000,0.00000,0.00000,0.00000,0.00000,0.00,0.00,0.00,0.00,0.00,0.00,0.00,"Loss: $0.00 (Max $50.00) | Losses: 0/Max 2","Loss: 1.46% / Max: 20.00%","DD: 13.03% / Max: 20.00% (HWM: $522.02)","BypassedInTester","ActiveSession",TRUE,TRUE,TRUE,TRUE,TRUE,TRUE,TRUE,TRUE,FALSE,FALSE,FALSE,TRUE,FALSE,FALSE,FALSE,FALSE,FALSE,FALSE,FALSE,"No valid H1 trend alignment (EMA50 vs EMA200 or Close vs EMA50)","",0,0,0,0.00000,0.00000,0.00000,0.00000,"",0.00,0.00
2026.09.10 10:15:00,2026.09.10 10:15:00,2026.09.10 10:15:00,"10****84",XAUUSD,108151,2026.09.10 10:00:00,NONE,4404.93462,4429.98664,14.47,4416.55065,8.51000,7.16250,0.00000,4413.20000,0.00000,0.00000,0.00000,0.00000,0.00,0.00,0.00,0.00,0.00,0.00,0.00,"Loss: $0.00 (Max $50.00) | Losses: 0/Max 2","Loss: 1.46% / Max: 20.00%","DD: 13.03% / Max: 20.00% (HWM: $522.02)","BypassedInTester","ActiveSession",TRUE,TRUE,TRUE,TRUE,TRUE,TRUE,TRUE,TRUE,FALSE,FALSE,FALSE,TRUE,FALSE,FALSE,FALSE,FALSE,FALSE,FALSE,FALSE,"No valid H1 trend alignment (EMA50 vs EMA200 or Close vs EMA50)","",0,0,0,0.00000,0.00000,0.00000,0.00000,"",0.00,0.00
2026.09.10 10:30:00,2026.09.10 10:30:00,2026.09.10 10:30:00,"10****84",XAUUSD,108151,2026.09.10 10:15:00,NONE,4404.93462,4429.98664,14.47,4415.77250,8.78214,7.16250,0.00000,4408.38000,0.00000,0.00000,0.00000,0.00000,0.00,0.00,0.00,0.00,0.00,0.00,0.00,"Loss: $0.00 (Max $50.00) | Losses: 0/Max 2","Loss: 1.46% / Max: 20.00%","DD: 13.03% / Max: 20.00% (HWM: $522.02)","BypassedInTester","ActiveSession",TRUE,TRUE,TRUE,TRUE,TRUE,TRUE,TRUE,TRUE,FALSE,FALSE,FALSE,TRUE,FALSE,FALSE,FALSE,FALSE,FALSE,FALSE,FALSE,"No valid H1 trend alignment (EMA50 vs EMA200 or Close vs EMA50)","",0,0,0,0.00000,0.00000,0.00000,0.00000,"",0.00,0.00
2026.09.10 10:45:00,2026.09.10 10:45:00,2026.09.10 10:45:00,"10****84",XAUUSD,108151,2026.09.10 10:30:00,NONE,4404.93462,4429.98664,14.47,4415.19131,8.80000,7.16250,0.00000,4409.67000,0.00000,0.00000,0.00000,0.00000,0.00,0.00,0.00,0.00,0.00,0.00,0.00,"Loss: $0.00 (Max $50.00) | Losses: 0/Max 2","Loss: 1.46% / Max: 20.00%","DD: 13.03% / Max: 20.00% (HWM: $522.02)","BypassedInTester","ActiveSession",TRUE,TRUE,TRUE,TRUE,TRUE,TRUE,TRUE,TRUE,FALSE,FALSE,FALSE,TRUE,FALSE,FALSE,FALSE,FALSE,FALSE,FALSE,FALSE,"No valid H1 trend alignment (EMA50 vs EMA200 or Close vs EMA50)","",0,0,0,0.00000,0.00000,0.00000,0.00000,"",0.00,0.00
2026.09.10 11:00:00,2026.09.10 11:00:00,2026.09.10 11:00:00,"10****84",XAUUSD,108151,2026.09.10 10:45:00,NONE,4405.20307,4429.80548,14.16,4414.86642,8.91714,7.16250,0.00000,4411.78000,0.00000,0.00000,0.00000,0.00000,0.00,0.00,0.00,0.00,0.00,0.00,0.00,"Loss: $0.00 (Max $50.00) | Losses: 0/Max 2","Loss: 1.46% / Max: 20.00%","DD: 13.03% / Max: 20.00% (HWM: $522.02)","BypassedInTester","ActiveSession",TRUE,TRUE,TRUE,TRUE,TRUE,TRUE,TRUE,TRUE,FALSE,FALSE,FALSE,TRUE,FALSE,FALSE,FALSE,FALSE,FALSE,FALSE,FALSE,"No valid H1 trend alignment (EMA50 vs EMA200 or Close vs EMA50)","",0,0,0,0.00000,0.00000,0.00000,0.00000,"",0.00,0.00
2026.09.10 11:15:00,2026.09.10 11:15:00,2026.09.10 11:15:00,"10****84",XAUUSD,108151,2026.09.10 11:00:00,NONE,4405.20307,4429.80548,14.16,4413.98390,8.91714,7.16250,0.00000,4405.60000,0.00000,0.00000,0.00000,0.00000,0.00,0.00,0.00,0.00,0.00,0.00,0.00,"Loss: $0.00 (Max $50.00) | Losses: 0/Max 2","Loss: 1.46% / Max: 20.00%","DD: 13.03% / Max: 20.00% (HWM: $522.02)","BypassedInTester","ActiveSession",TRUE,TRUE,TRUE,TRUE,TRUE,TRUE,TRUE,TRUE,FALSE,FALSE,FALSE,TRUE,FALSE,FALSE,FALSE,FALSE,FALSE,FALSE,FALSE,"No valid H1 trend alignment (EMA50 vs EMA200 or Close vs EMA50)","",0,0,0,0.00000,0.00000,0.00000,0.00000,"",0.00,0.00
2026.09.10 11:30:00,2026.09.10 11:30:00,2026.09.10 11:30:00,"10****84",XAUUSD,108151,2026.09.10 11:15:00,NONE,4405.20307,4429.80548,14.16,4413.18639,8.80500,7.16250,0.00000,4405.61000,0.00000,0.00000,0.00000,0.00000,0.00,0.00,0.00,0.00,0.00,0.00,0.00,"Loss: $0.00 (Max $50.00) | Losses: 0/Max 2","Loss: 1.46% / Max: 20.00%","DD: 13.03% / Max: 20.00% (HWM: $522.02)","BypassedInTester","ActiveSession",TRUE,TRUE,TRUE,TRUE,TRUE,TRUE,TRUE,TRUE,FALSE,FALSE,FALSE,TRUE,FALSE,FALSE,FALSE,FALSE,FALSE,FALSE,FALSE,"No valid H1 trend alignment (EMA50 vs EMA200 or Close vs EMA50)","",0,0,0,0.00000,0.00000,0.00000,0.00000,"",0.00,0.00
2026.09.10 11:45:00,2026.09.10 11:45:00,2026.09.10 11:45:00,"10****84",XAUUSD,108151,2026.09.10 11:30:00,NONE,4405.20307,4429.80548,14.16,4411.53530,8.83857,7.16250,0.00000,4395.85000,0.00000,0.00000,0.00000,0.00000,0.00,0.00,0.00,0.00,0.00,0.00,0.00,"Loss: $0.00 (Max $50.00) | Losses: 0/Max 2","Loss: 1.46% / Max: 20.00%","DD: 13.03% / Max: 20.00% (HWM: $522.02)","BypassedInTester","ActiveSession",TRUE,TRUE,TRUE,TRUE,TRUE,TRUE,TRUE,TRUE,FALSE,FALSE,FALSE,TRUE,FALSE,FALSE,FALSE,FALSE,FALSE,FALSE,FALSE,"No valid H1 trend alignment (EMA50 vs EMA200 or Close vs EMA50)","",0,0,0,0.00000,0.00000,0.00000,0.00000,"",0.00,0.00
2026.09.10 12:00:00,2026.09.10 12:00:00,2026.09.10 12:00:00,"10****84",XAUUSD,108151,2026.09.10 11:45:00,NONE,4404.79628,4429.45746,13.69,4409.94432,8.99214,7.16250,0.00000,4394.83000,0.00000,0.00000,0.00000,0.00000,0.00,0.00,0.00,0.00,0.00,0.00,0.00,"Loss: $0.00 (Max $50.00) | Losses: 0/Max 2","Loss: 1.46% / Max: 20.00%","DD: 13.03% / Max: 20.00% (HWM: $522.02)","BypassedInTester","ActiveSession",TRUE,TRUE,TRUE,TRUE,TRUE,TRUE,TRUE,TRUE,FALSE,FALSE,FALSE,TRUE,FALSE,FALSE,FALSE,FALSE,FALSE,FALSE,FALSE,"Short trend exists but H1 ADX (13.69) < MinADX (20.00)","",0,0,0,0.00000,0.00000,0.00000,0.00000,"",0.00,0.00
2026.09.10 12:15:00,2026.09.10 12:15:00,2026.09.10 12:15:00,"10****84",XAUUSD,108151,2026.09.10 12:00:00,NONE,4404.79628,4429.45746,13.69,4408.50772,8.62071,7.16250,0.00000,4394.86000,0.00000,0.00000,0.00000,0.00000,0.00,0.00,0.00,0.00,0.00,0.00,0.00,"Loss: $0.00 (Max $50.00) | Losses: 0/Max 2","Loss: 1.46% / Max: 20.00%","DD: 13.03% / Max: 20.00% (HWM: $522.02)","BypassedInTester","ActiveSession",TRUE,TRUE,TRUE,TRUE,TRUE,TRUE,TRUE,TRUE,FALSE,FALSE,FALSE,TRUE,FALSE,FALSE,FALSE,FALSE,FALSE,FALSE,FALSE,"Short trend exists but H1 ADX (13.69) < MinADX (20.00)","",0,0,0,0.00000,0.00000,0.00000,0.00000,"",0.00,0.00
2026.09.10 12:30:00,2026.09.10 12:30:00,2026.09.10 12:30:00,"10****84",XAUUSD,108151,2026.09.10 12:15:00,NONE,4404.79628,4429.45746,13.69,4407.01841,8.44714,7.16250,0.00000,4392.87000,0.00000,0.00000,0.00000,0.00000,0.00,0.00,0.00,0.00,0.00,0.00,0.00,"Loss: $0.00 (Max $50.00) | Losses: 0/Max 2","Loss: 1.46% / Max: 20.00%","DD: 13.03% / Max: 20.00% (HWM: $522.02)","BypassedInTester","ActiveSession",TRUE,TRUE,TRUE,TRUE,TRUE,TRUE,TRUE,TRUE,FALSE,FALSE,FALSE,TRUE,FALSE,FALSE,FALSE,FALSE,FALSE,FALSE,FALSE,"Short trend exists but H1 ADX (13.69) < MinADX (20.00)","",0,0,0,0.00000,0.00000,0.00000,0.00000,"",0.00,0.00
2026.09.10 12:45:00,2026.09.10 12:45:00,2026.09.10 12:45:00,"10****84",XAUUSD,108151,2026.09.10 12:30:00,NONE,4404.79628,4429.45746,13.69,4405.68238,7.45357,7.16250,0.00000,4392.99000,0.00000,0.00000,0.00000,0.00000,0.00,0.00,0.00,0.00,0.00,0.00,0.00,"Loss: $0.00 (Max $50.00) | Losses: 0/Max 2","Loss: 1.46% / Max: 20.00%","DD: 13.03% / Max: 20.00% (HWM: $522.02)","BypassedInTester","ActiveSession",TRUE,TRUE,TRUE,TRUE,TRUE,TRUE,TRUE,TRUE,FALSE,FALSE,FALSE,TRUE,FALSE,FALSE,FALSE,FALSE,FALSE,FALSE,FALSE,"Short trend exists but H1 ADX (13.69) < MinADX (20.00)","",0,0,0,0.00000,0.00000,0.00000,0.00000,"",0.00,0.00
2026.09.10 13:00:00,2026.09.10 13:00:00,2026.09.10 13:00:00,"10****84",XAUUSD,108151,2026.09.10 12:45:00,NONE,4404.37329,4429.10475,15.24,4404.57072,7.20643,7.16250,0.00000,4394.01000,0.00000,0.00000,0.00000,0.00000,0.00,0.00,0.00,0.00,0.00,0.00,0.00,"Loss: $0.00 (Max $50.00) | Losses: 0/Max 2","Loss: 1.46% / Max: 20.00%","DD: 13.03% / Max: 20.00% (HWM: $522.02)","BypassedInTester","ActiveSession",TRUE,TRUE,TRUE,TRUE,TRUE,TRUE,TRUE,TRUE,FALSE,FALSE,FALSE,TRUE,FALSE,FALSE,FALSE,FALSE,FALSE,FALSE,FALSE,"Short trend exists but H1 ADX (15.24) < MinADX (20.00)","",0,0,0,0.00000,0.00000,0.00000,0.00000,"",0.00,0.00
2026.09.10 13:15:00,2026.09.10 13:15:00,2026.09.10 13:15:00,"10****84",XAUUSD,108151,2026.09.10 13:00:00,NONE,4404.37329,4429.10475,15.24,4403.67065,6.95286,7.15857,0.00000,4395.12000,0.00000,0.00000,0.00000,0.00000,0.00,0.00,0.00,0.00,0.00,0.00,0.00,"Loss: $0.00 (Max $50.00) | Losses: 0/Max 2","Loss: 1.46% / Max: 20.00%","DD: 13.03% / Max: 20.00% (HWM: $522.02)","BypassedInTester","ActiveSession",TRUE,TRUE,TRUE,TRUE,TRUE,TRUE,TRUE,TRUE,FALSE,FALSE,FALSE,TRUE,FALSE,FALSE,FALSE,FALSE,FALSE,FALSE,FALSE,"Short trend exists but H1 ADX (15.24) < MinADX (20.00)","",0,0,0,0.00000,0.00000,0.00000,0.00000,"",0.00,0.00
2026.09.10 13:30:00,2026.09.10 13:30:00,2026.09.10 13:30:00,"10****84",XAUUSD,108151,2026.09.10 13:15:00,NONE,4404.37329,4429.10475,15.24,4402.75154,7.05071,7.15857,0.00000,4394.02000,0.00000,0.00000,0.00000,0.00000,0.00,0.00,0.00,0.00,0.00,0.00,0.00,"Loss: $0.00 (Max $50.00) | Losses: 0/Max 2","Loss: 1.46% / Max: 20.00%","DD: 13.03% / Max: 20.00% (HWM: $522.02)","BypassedInTester","ActiveSession",TRUE,TRUE,TRUE,TRUE,TRUE,TRUE,TRUE,TRUE,FALSE,FALSE,FALSE,TRUE,FALSE,FALSE,FALSE,FALSE,FALSE,FALSE,FALSE,"Short trend exists but H1 ADX (15.24) < MinADX (20.00)","",0,0,0,0.00000,0.00000,0.00000,0.00000,"",0.00,0.00
2026.09.10 13:45:00,2026.09.10 13:45:00,2026.09.10 13:45:00,"10****84",XAUUSD,108151,2026.09.10 13:30:00,NONE,4404.37329,4429.10475,15.24,4400.93616,7.37714,7.15857,0.00000,4383.69000,0.00000,0.00000,0.00000,0.00000,0.00,0.00,0.00,0.00,0.00,0.00,0.00,"Loss: $0.00 (Max $50.00) | Losses: 0/Max 2","Loss: 1.46% / Max: 20.00%","DD: 13.03% / Max: 20.00% (HWM: $522.02)","BypassedInTester","ActiveSession",TRUE,TRUE,TRUE,TRUE,TRUE,TRUE,TRUE,TRUE,FALSE,FALSE,FALSE,TRUE,FALSE,FALSE,FALSE,FALSE,FALSE,FALSE,FALSE,"Short trend exists but H1 ADX (15.24) < MinADX (20.00)","",0,0,0,0.00000,0.00000,0.00000,0.00000,"",0.00,0.00
2026.09.10 14:00:00,2026.09.10 14:00:00,2026.09.10 14:00:00,"10****84",XAUUSD,108151,2026.09.10 13:45:00,NONE,4403.37316,4428.60490,18.32,4398.83462,7.80500,7.29179,0.00000,4378.87000,0.00000,0.00000,0.00000,0.00000,0.00,0.00,0.00,0.00,0.00,0.00,0.00,"Loss: $0.00 (Max $50.00) | Losses: 0/Max 2","Loss: 1.46% / Max: 20.00%","DD: 13.03% / Max: 20.00% (HWM: $522.02)","BypassedInTester","ActiveSession",TRUE,TRUE,TRUE,TRUE,TRUE,TRUE,TRUE,TRUE,FALSE,FALSE,FALSE,TRUE,FALSE,FALSE,FALSE,FALSE,FALSE,FALSE,FALSE,"Short trend exists but H1 ADX (18.32) < MinADX (20.00)","",0,0,0,0.00000,0.00000,0.00000,0.00000,"",0.00,0.00
2026.09.10 14:15:00,2026.09.10 14:15:00,2026.09.10 14:15:00,"10****84",XAUUSD,108151,2026.09.10 14:00:00,NONE,4403.37316,4428.60490,18.32,4397.37418,7.98857,7.39679,0.00000,4383.50000,0.00000,0.00000,0.00000,0.00000,0.00,0.00,0.00,0.00,0.00,0.00,0.00,"Loss: $0.00 (Max $50.00) | Losses: 0/Max 2","Loss: 1.46% / Max: 20.00%","DD: 13.03% / Max: 20.00% (HWM: $522.02)","BypassedInTester","ActiveSession",TRUE,TRUE,TRUE,TRUE,TRUE,TRUE,TRUE,TRUE,FALSE,FALSE,FALSE,TRUE,FALSE,FALSE,FALSE,FALSE,FALSE,FALSE,FALSE,"Short trend exists but H1 ADX (18.32) < MinADX (20.00)","",0,0,0,0.00000,0.00000,0.00000,0.00000,"",0.00,0.00
2026.09.10 14:30:00,2026.09.10 14:30:00,2026.09.10 14:30:00,"10****84",XAUUSD,108151,2026.09.10 14:15:00,NONE,4403.37316,4428.60490,18.32,4396.28140,8.15643,7.43500,0.00000,4385.90000,0.00000,0.00000,0.00000,0.00000,0.00,0.00,0.00,0.00,0.00,0.00,0.00,"Loss: $0.00 (Max $50.00) | Losses: 0/Max 2","Loss: 1.46% / Max: 20.00%","DD: 13.03% / Max: 20.00% (HWM: $522.02)","BypassedInTester","ActiveSession",TRUE,TRUE,TRUE,TRUE,TRUE,TRUE,TRUE,TRUE,FALSE,FALSE,FALSE,TRUE,FALSE,FALSE,FALSE,FALSE,FALSE,FALSE,FALSE,"Short trend exists but H1 ADX (18.32) < MinADX (20.00)","",0,0,0,0.00000,0.00000,0.00000,0.00000,"",0.00,0.00
2026.09.10 14:45:00,2026.09.10 14:45:00,2026.09.10 14:45:00,"10****84",XAUUSD,108151,2026.09.10 14:30:00,NONE,4403.37316,4428.60490,18.32,4395.16127,8.01857,7.46893,0.00000,4384.52000,0.00000,0.00000,0.00000,0.00000,0.00,0.00,0.00,0.00,0.00,0.00,0.00,"Loss: $0.00 (Max $50.00) | Losses: 0/Max 2","Loss: 1.46% / Max: 20.00%","DD: 13.03% / Max: 20.00% (HWM: $522.02)","BypassedInTester","ActiveSession",TRUE,TRUE,TRUE,TRUE,TRUE,TRUE,TRUE,TRUE,FALSE,FALSE,FALSE,TRUE,FALSE,FALSE,FALSE,FALSE,FALSE,FALSE,FALSE,"Short trend exists but H1 ADX (18.32) < MinADX (20.00)","",0,0,0,0.00000,0.00000,0.00000,0.00000,"",0.00,0.00
2026.09.10 15:00:00,2026.09.10 15:00:00,2026.09.10 15:00:00,"10****84",XAUUSD,108151,2026.09.10 14:45:00,SELL,4402.24167,4428.06675,21.26,4393.19543,8.59500,7.52429,0.00000,4374.52000,0.00000,0.00000,0.00000,0.00000,0.00,0.00,0.00,0.00,0.00,0.00,0.00,"Loss: $0.00 (Max $50.00) | Losses: 0/Max 2","Loss: 1.46% / Max: 20.00%","DD: 13.03% / Max: 20.00% (HWM: $522.02)","BypassedInTester","ActiveSession",TRUE,TRUE,TRUE,TRUE,TRUE,TRUE,TRUE,TRUE,TRUE,FALSE,FALSE,TRUE,FALSE,FALSE,FALSE,FALSE,FALSE,FALSE,FALSE,"No M15 candle in shifts 2-4 touched above EMA20","",0,0,0,0.00000,0.00000,0.00000,0.00000,"",0.00,0.00
2026.09.10 15:15:00,2026.09.10 15:15:00,2026.09.10 15:15:00,"10****84",XAUUSD,108151,2026.09.10 15:00:00,SELL,4402.24167,4428.06675,21.26,4391.48634,8.36357,7.58214,0.00000,4375.25000,0.00000,0.00000,0.00000,0.00000,0.00,0.00,0.00,0.00,0.00,0.00,0.00,"Loss: $0.00 (Max $50.00) | Losses: 0/Max 2","Loss: 1.46% / Max: 20.00%","DD: 13.03% / Max: 20.00% (HWM: $522.02)","BypassedInTester","ActiveSession",TRUE,TRUE,TRUE,TRUE,TRUE,TRUE,TRUE,TRUE,TRUE,FALSE,FALSE,TRUE,FALSE,FALSE,FALSE,FALSE,FALSE,FALSE,FALSE,"No M15 candle in shifts 2-4 touched above EMA20","",0,0,0,0.00000,0.00000,0.00000,0.00000,"",0.00,0.00
2026.09.10 15:30:00,2026.09.10 15:30:00,2026.09.10 15:30:00,"10****84",XAUUSD,108151,2026.09.10 15:15:00,SELL,4402.24167,4428.06675,21.26,4388.81336,9.02929,7.64607,0.00000,4363.42000,0.00000,0.00000,0.00000,0.00000,0.00,0.00,0.00,0.00,0.00,0.00,0.00,"Loss: $0.00 (Max $50.00) | Losses: 0/Max 2","Loss: 1.46% / Max: 20.00%","DD: 13.03% / Max: 20.00% (HWM: $522.02)","BypassedInTester","ActiveSession",TRUE,TRUE,TRUE,TRUE,TRUE,TRUE,TRUE,TRUE,TRUE,FALSE,FALSE,TRUE,FALSE,FALSE,FALSE,FALSE,FALSE,FALSE,FALSE,"No M15 candle in shifts 2-4 touched above EMA20","",0,0,0,0.00000,0.00000,0.00000,0.00000,"",0.00,0.00
2026.09.10 15:45:00,2026.09.10 15:45:00,2026.09.10 15:45:00,"10****84",XAUUSD,108151,2026.09.10 15:30:00,SELL,4402.24167,4428.06675,21.26,4384.24732,12.06643,7.72036,0.00000,4340.87000,0.00000,0.00000,0.00000,0.00000,0.00,0.00,0.00,0.00,0.00,0.00,0.00,"Loss: $0.00 (Max $50.00) | Losses: 0/Max 2","Loss: 1.46% / Max: 20.00%","DD: 13.03% / Max: 20.00% (HWM: $522.02)","BypassedInTester","ActiveSession",TRUE,TRUE,TRUE,TRUE,TRUE,TRUE,TRUE,TRUE,TRUE,FALSE,FALSE,TRUE,FALSE,FALSE,FALSE,FALSE,FALSE,FALSE,FALSE,"No M15 candle in shifts 2-4 touched above EMA20","",0,0,0,0.00000,0.00000,0.00000,0.00000,"",0.00,0.00
2026.09.10 16:00:00,2026.09.10 16:00:00,2026.09.10 16:00:00,"10****84",XAUUSD,108151,2026.09.10 15:45:00,NONE,0.00000,0.00000,0.00,0.00000,0.00000,0.00000,0.00000,0.00000,0.00000,0.00000,0.00000,0.00000,0.00,0.00,0.00,0.00,0.00,0.00,0.00,"","","","","OutsideUTCWindow",TRUE,TRUE,FALSE,FALSE,FALSE,FALSE,FALSE,FALSE,FALSE,FALSE,FALSE,FALSE,FALSE,FALSE,FALSE,FALSE,FALSE,FALSE,FALSE,"Outside UTC session (08:00 - 16:00 UTC, Current: 16:00)","",0,0,0,0.00000,0.00000,0.00000,0.00000,"",0.00,0.00
2026.09.10 16:15:00,2026.09.10 16:15:00,2026.09.10 16:15:00,"10****84",XAUUSD,108151,2026.09.10 16:00:00,NONE,0.00000,0.00000,0.00,0.00000,0.00000,0.00000,0.00000,0.00000,0.00000,0.00000,0.00000,0.00000,0.00,0.00,0.00,0.00,0.00,0.00,0.00,"","","","","OutsideUTCWindow",TRUE,TRUE,FALSE,FALSE,FALSE,FALSE,FALSE,FALSE,FALSE,FALSE,FALSE,FALSE,FALSE,FALSE,FALSE,FALSE,FALSE,FALSE,FALSE,"Outside UTC session (08:00 - 16:00 UTC, Current: 16:15)","",0,0,0,0.00000,0.00000,0.00000,0.00000,"",0.00,0.00
2026.09.10 16:30:00,2026.09.10 16:30:00,2026.09.10 16:30:00,"10****84",XAUUSD,108151,2026.09.10 16:15:00,NONE,0.00000,0.00000,0.00,0.00000,0.00000,0.00000,0.00000,0.00000,0.00000,0.00000,0.00000,0.00000,0.00,0.00,0.00,0.00,0.00,0.00,0.00,"","","","","OutsideUTCWindow",TRUE,TRUE,FALSE,FALSE,FALSE,FALSE,FALSE,FALSE,FALSE,FALSE,FALSE,FALSE,FALSE,FALSE,FALSE,FALSE,FALSE,FALSE,FALSE,"Outside UTC session (08:00 - 16:00 UTC, Current: 16:30)","",0,0,0,0.00000,0.00000,0.00000,0.00000,"",0.00,0.00
2026.09.10 16:45:00,2026.09.10 16:45:00,2026.09.10 16:45:00,"10****84",XAUUSD,108151,2026.09.10 16:30:00,NONE,0.00000,0.00000,0.00,0.00000,0.00000,0.00000,0.00000,0.00000,0.00000,0.00000,0.00000,0.00000,0.00,0.00,0.00,0.00,0.00,0.00,0.00,"","","","","OutsideUTCWindow",TRUE,TRUE,FALSE,FALSE,FALSE,FALSE,FALSE,FALSE,FALSE,FALSE,FALSE,FALSE,FALSE,FALSE,FALSE,FALSE,FALSE,FALSE,FALSE,"Outside UTC session (08:00 - 16:00 UTC, Current: 16:45)","",0,0,0,0.00000,0.00000,0.00000,0.00000,"",0.00,0.00
2026.09.10 17:00:00,2026.09.10 17:00:00,2026.09.10 17:00:00,"10****84",XAUUSD,108151,2026.09.10 16:45:00,NONE,0.00000,0.00000,0.00,0.00000,0.00000,0.00000,0.00000,0.00000,0.00000,0.00000,0.00000,0.00000,0.00,0.00,0.00,0.00,0.00,0.00,0.00,"","","","","OutsideUTCWindow",TRUE,TRUE,FALSE,FALSE,FALSE,FALSE,FALSE,FALSE,FALSE,FALSE,FALSE,FALSE,FALSE,FALSE,FALSE,FALSE,FALSE,FALSE,FALSE,"Outside UTC session (08:00 - 16:00 UTC, Current: 17:00)","",0,0,0,0.00000,0.00000,0.00000,0.00000,"",0.00,0.00
2026.09.10 17:15:00,2026.09.10 17:15:00,2026.09.10 17:15:00,"10****84",XAUUSD,108151,2026.09.10 17:00:00,NONE,0.00000,0.00000,0.00,0.00000,0.00000,0.00000,0.00000,0.00000,0.00000,0.00000,0.00000,0.00000,0.00,0.00,0.00,0.00,0.00,0.00,0.00,"","","","","OutsideUTCWindow",TRUE,TRUE,FALSE,FALSE,FALSE,FALSE,FALSE,FALSE,FALSE,FALSE,FALSE,FALSE,FALSE,FALSE,FALSE,FALSE,FALSE,FALSE,FALSE,"Outside UTC session (08:00 - 16:00 UTC, Current: 17:15)","",0,0,0,0.00000,0.00000,0.00000,0.00000,"",0.00,0.00
2026.09.10 17:30:00,2026.09.10 17:30:00,2026.09.10 17:30:00,"10****84",XAUUSD,108151,2026.09.10 17:15:00,NONE,0.00000,0.00000,0.00,0.00000,0.00000,0.00000,0.00000,0.00000,0.00000,0.00000,0.00000,0.00000,0.00,0.00,0.00,0.00,0.00,0.00,0.00,"","","","","OutsideUTCWindow",TRUE,TRUE,FALSE,FALSE,FALSE,FALSE,FALSE,FALSE,FALSE,FALSE,FALSE,FALSE,FALSE,FALSE,FALSE,FALSE,FALSE,FALSE,FALSE,"Outside UTC session (08:00 - 16:00 UTC, Current: 17:30)","",0,0,0,0.00000,0.00000,0.00000,0.00000,"",0.00,0.00
2026.09.10 17:45:00,2026.09.10 17:45:00,2026.09.10 17:45:00,"10****84",XAUUSD,108151,2026.09.10 17:30:00,NONE,0.00000,0.00000,0.00,0.00000,0.00000,0.00000,0.00000,0.00000,0.00000,0.00000,0.00000,0.00000,0.00,0.00,0.00,0.00,0.00,0.00,0.00,"","","","","OutsideUTCWindow",TRUE,TRUE,FALSE,FALSE,FALSE,FALSE,FALSE,FALSE,FALSE,FALSE,FALSE,FALSE,FALSE,FALSE,FALSE,FALSE,FALSE,FALSE,FALSE,"Outside UTC session (08:00 - 16:00 UTC, Current: 17:45)","",0,0,0,0.00000,0.00000,0.00000,0.00000,"",0.00,0.00
2026.09.10 18:00:00,2026.09.10 18:00:00,2026.09.10 18:00:00,"10****84",XAUUSD,108151,2026.09.10 17:45:00,NONE,0.00000,0.00000,0.00,0.00000,0.00000,0.00000,0.00000,0.00000,0.00000,0.00000,0.00000,0.00000,0.00,0.00,0.00,0.00,0.00,0.00,0.00,"","","","","OutsideUTCWindow",TRUE,TRUE,FALSE,FALSE,FALSE,FALSE,FALSE,FALSE,FALSE,FALSE,FALSE,FALSE,FALSE,FALSE,FALSE,FALSE,FALSE,FALSE,FALSE,"Outside UTC session (08:00 - 16:00 UTC, Current: 18:00)","",0,0,0,0.00000,0.00000,0.00000,0.00000,"",0.00,0.00
2026.09.10 18:15:00,2026.09.10 18:15:00,2026.09.10 18:15:00,"10****84",XAUUSD,108151,2026.09.10 18:00:00,NONE,0.00000,0.00000,0.00,0.00000,0.00000,0.00000,0.00000,0.00000,0.00000,0.00000,0.00000,0.00000,0.00,0.00,0.00,0.00,0.00,0.00,0.00,"","","","","OutsideUTCWindow",TRUE,TRUE,FALSE,FALSE,FALSE,FALSE,FALSE,FALSE,FALSE,FALSE,FALSE,FALSE,FALSE,FALSE,FALSE,FALSE,FALSE,FALSE,FALSE,"Outside UTC session (08:00 - 16:00 UTC, Current: 18:15)","",0,0,0,0.00000,0.00000,0.00000,0.00000,"",0.00,0.00
2026.09.10 18:30:00,2026.09.10 18:30:00,2026.09.10 18:30:00,"10****84",XAUUSD,108151,2026.09.10 18:15:00,NONE,0.00000,0.00000,0.00,0.00000,0.00000,0.00000,0.00000,0.00000,0.00000,0.00000,0.00000,0.00000,0.00,0.00,0.00,0.00,0.00,0.00,0.00,"","","","","OutsideUTCWindow",TRUE,TRUE,FALSE,FALSE,FALSE,FALSE,FALSE,FALSE,FALSE,FALSE,FALSE,FALSE,FALSE,FALSE,FALSE,FALSE,FALSE,FALSE,FALSE,"Outside UTC session (08:00 - 16:00 UTC, Current: 18:30)","",0,0,0,0.00000,0.00000,0.00000,0.00000,"",0.00,0.00
2026.09.10 18:45:00,2026.09.10 18:45:00,2026.09.10 18:45:00,"10****84",XAUUSD,108151,2026.09.10 18:30:00,NONE,0.00000,0.00000,0.00,0.00000,0.00000,0.00000,0.00000,0.00000,0.00000,0.00000,0.00000,0.00000,0.00,0.00,0.00,0.00,0.00,0.00,0.00,"","","","","OutsideUTCWindow",TRUE,TRUE,FALSE,FALSE,FALSE,FALSE,FALSE,FALSE,FALSE,FALSE,FALSE,FALSE,FALSE,FALSE,FALSE,FALSE,FALSE,FALSE,FALSE,"Outside UTC session (08:00 - 16:00 UTC, Current: 18:45)","",0,0,0,0.00000,0.00000,0.00000,0.00000,"",0.00,0.00
2026.09.10 19:00:00,2026.09.10 19:00:00,2026.09.10 19:00:00,"10****84",XAUUSD,108151,2026.09.10 18:45:00,NONE,0.00000,0.00000,0.00,0.00000,0.00000,0.00000,0.00000,0.00000,0.00000,0.00000,0.00000,0.00000,0.00,0.00,0.00,0.00,0.00,0.00,0.00,"","","","","OutsideUTCWindow",TRUE,TRUE,FALSE,FALSE,FALSE,FALSE,FALSE,FALSE,FALSE,FALSE,FALSE,FALSE,FALSE,FALSE,FALSE,FALSE,FALSE,FALSE,FALSE,"Outside UTC session (08:00 - 16:00 UTC, Current: 19:00)","",0,0,0,0.00000,0.00000,0.00000,0.00000,"",0.00,0.00
2026.09.10 19:15:00,2026.09.10 19:15:00,2026.09.10 19:15:00,"10****84",XAUUSD,108151,2026.09.10 19:00:00,NONE,0.00000,0.00000,0.00,0.00000,0.00000,0.00000,0.00000,0.00000,0.00000,0.00000,0.00000,0.00000,0.00,0.00,0.00,0.00,0.00,0.00,0.00,"","","","","OutsideUTCWindow",TRUE,TRUE,FALSE,FALSE,FALSE,FALSE,FALSE,FALSE,FALSE,FALSE,FALSE,FALSE,FALSE,FALSE,FALSE,FALSE,FALSE,FALSE,FALSE,"Outside UTC session (08:00 - 16:00 UTC, Current: 19:15)","",0,0,0,0.00000,0.00000,0.00000,0.00000,"",0.00,0.00
2026.09.10 19:30:00,2026.09.10 19:30:00,2026.09.10 19:30:00,"10****84",XAUUSD,108151,2026.09.10 19:15:00,NONE,0.00000,0.00000,0.00,0.00000,0.00000,0.00000,0.00000,0.00000,0.00000,0.00000,0.00000,0.00000,0.00,0.00,0.00,0.00,0.00,0.00,0.00,"","","","","OutsideUTCWindow",TRUE,TRUE,FALSE,FALSE,FALSE,FALSE,FALSE,FALSE,FALSE,FALSE,FALSE,FALSE,FALSE,FALSE,FALSE,FALSE,FALSE,FALSE,FALSE,"Outside UTC session (08:00 - 16:00 UTC, Current: 19:30)","",0,0,0,0.00000,0.00000,0.00000,0.00000,"",0.00,0.00
2026.09.10 19:45:00,2026.09.10 19:45:00,2026.09.10 19:45:00,"10****84",XAUUSD,108151,2026.09.10 19:30:00,NONE,0.00000,0.00000,0.00,0.00000,0.00000,0.00000,0.00000,0.00000,0.00000,0.00000,0.00000,0.00000,0.00,0.00,0.00,0.00,0.00,0.00,0.00,"","","","","OutsideUTCWindow",TRUE,TRUE,FALSE,FALSE,FALSE,FALSE,FALSE,FALSE,FALSE,FALSE,FALSE,FALSE,FALSE,FALSE,FALSE,FALSE,FALSE,FALSE,FALSE,"Outside UTC session (08:00 - 16:00 UTC, Current: 19:45)","",0,0,0,0.00000,0.00000,0.00000,0.00000,"",0.00,0.00
2026.09.10 20:00:00,2026.09.10 20:00:00,2026.09.10 20:00:00,"10****84",XAUUSD,108151,2026.09.10 19:45:00,NONE,0.00000,0.00000,0.00,0.00000,0.00000,0.00000,0.00000,0.00000,0.00000,0.00000,0.00000,0.00000,0.00,0.00,0.00,0.00,0.00,0.00,0.00,"","","","","OutsideUTCWindow",TRUE,TRUE,FALSE,FALSE,FALSE,FALSE,FALSE,FALSE,FALSE,FALSE,FALSE,FALSE,FALSE,FALSE,FALSE,FALSE,FALSE,FALSE,FALSE,"Outside UTC session (08:00 - 16:00 UTC, Current: 20:00)","",0,0,0,0.00000,0.00000,0.00000,0.00000,"",0.00,0.00
2026.09.10 20:15:00,2026.09.10 20:15:00,2026.09.10 20:15:00,"10****84",XAUUSD,108151,2026.09.10 20:00:00,NONE,0.00000,0.00000,0.00,0.00000,0.00000,0.00000,0.00000,0.00000,0.00000,0.00000,0.00000,0.00000,0.00,0.00,0.00,0.00,0.00,0.00,0.00,"","","","","OutsideUTCWindow",TRUE,TRUE,FALSE,FALSE,FALSE,FALSE,FALSE,FALSE,FALSE,FALSE,FALSE,FALSE,FALSE,FALSE,FALSE,FALSE,FALSE,FALSE,FALSE,"Outside UTC session (08:00 - 16:00 UTC, Current: 20:15)","",0,0,0,0.00000,0.00000,0.00000,0.00000,"",0.00,0.00
2026.09.10 20:30:00,2026.09.10 20:30:00,2026.09.10 20:30:00,"10****84",XAUUSD,108151,2026.09.10 20:15:00,NONE,0.00000,0.00000,0.00,0.00000,0.00000,0.00000,0.00000,0.00000,0.00000,0.00000,0.00000,0.00000,0.00,0.00,0.00,0.00,0.00,0.00,0.00,"","","","","OutsideUTCWindow",TRUE,TRUE,FALSE,FALSE,FALSE,FALSE,FALSE,FALSE,FALSE,FALSE,FALSE,FALSE,FALSE,FALSE,FALSE,FALSE,FALSE,FALSE,FALSE,"Outside UTC session (08:00 - 16:00 UTC, Current: 20:30)","",0,0,0,0.00000,0.00000,0.00000,0.00000,"",0.00,0.00
2026.09.10 20:45:00,2026.09.10 20:45:00,2026.09.10 20:45:00,"10****84",XAUUSD,108151,2026.09.10 20:30:00,NONE,0.00000,0.00000,0.00,0.00000,0.00000,0.00000,0.00000,0.00000,0.00000,0.00000,0.00000,0.00000,0.00,0.00,0.00,0.00,0.00,0.00,0.00,"","","","","OutsideUTCWindow",TRUE,TRUE,FALSE,FALSE,FALSE,FALSE,FALSE,FALSE,FALSE,FALSE,FALSE,FALSE,FALSE,FALSE,FALSE,FALSE,FALSE,FALSE,FALSE,"Outside UTC session (08:00 - 16:00 UTC, Current: 20:45)","",0,0,0,0.00000,0.00000,0.00000,0.00000,"",0.00,0.00
2026.09.10 21:00:00,2026.09.10 21:00:00,2026.09.10 21:00:00,"10****84",XAUUSD,108151,2026.09.10 20:45:00,NONE,0.00000,0.00000,0.00,0.00000,0.00000,0.00000,0.00000,0.00000,0.00000,0.00000,0.00000,0.00000,0.00,0.00,0.00,0.00,0.00,0.00,0.00,"","","","","OutsideUTCWindow",TRUE,TRUE,FALSE,FALSE,FALSE,FALSE,FALSE,FALSE,FALSE,FALSE,FALSE,FALSE,FALSE,FALSE,FALSE,FALSE,FALSE,FALSE,FALSE,"Outside UTC session (08:00 - 16:00 UTC, Current: 21:00)","",0,0,0,0.00000,0.00000,0.00000,0.00000,"",0.00,0.00
2026.09.10 21:15:00,2026.09.10 21:15:00,2026.09.10 21:15:00,"10****84",XAUUSD,108151,2026.09.10 21:00:00,NONE,0.00000,0.00000,0.00,0.00000,0.00000,0.00000,0.00000,0.00000,0.00000,0.00000,0.00000,0.00000,0.00,0.00,0.00,0.00,0.00,0.00,0.00,"","","","","OutsideUTCWindow",TRUE,TRUE,FALSE,FALSE,FALSE,FALSE,FALSE,FALSE,FALSE,FALSE,FALSE,FALSE,FALSE,FALSE,FALSE,FALSE,FALSE,FALSE,FALSE,"Outside UTC session (08:00 - 16:00 UTC, Current: 21:15)","",0,0,0,0.00000,0.00000,0.00000,0.00000,"",0.00,0.00
2026.09.10 21:30:00,2026.09.10 21:30:00,2026.09.10 21:30:00,"10****84",XAUUSD,108151,2026.09.10 21:15:00,NONE,0.00000,0.00000,0.00,0.00000,0.00000,0.00000,0.00000,0.00000,0.00000,0.00000,0.00000,0.00000,0.00,0.00,0.00,0.00,0.00,0.00,0.00,"","","","","OutsideUTCWindow",TRUE,TRUE,FALSE,FALSE,FALSE,FALSE,FALSE,FALSE,FALSE,FALSE,FALSE,FALSE,FALSE,FALSE,FALSE,FALSE,FALSE,FALSE,FALSE,"Outside UTC session (08:00 - 16:00 UTC, Current: 21:30)","",0,0,0,0.00000,0.00000,0.00000,0.00000,"",0.00,0.00
2026.09.10 21:45:00,2026.09.10 21:45:00,2026.09.10 21:45:00,"10****84",XAUUSD,108151,2026.09.10 21:30:00,NONE,0.00000,0.00000,0.00,0.00000,0.00000,0.00000,0.00000,0.00000,0.00000,0.00000,0.00000,0.00000,0.00,0.00,0.00,0.00,0.00,0.00,0.00,"","","","","OutsideUTCWindow",TRUE,TRUE,FALSE,FALSE,FALSE,FALSE,FALSE,FALSE,FALSE,FALSE,FALSE,FALSE,FALSE,FALSE,FALSE,FALSE,FALSE,FALSE,FALSE,"Outside UTC session (08:00 - 16:00 UTC, Current: 21:45)","",0,0,0,0.00000,0.00000,0.00000,0.00000,"",0.00,0.00
2026.09.10 22:00:00,2026.09.10 22:00:00,2026.09.10 22:00:00,"10****84",XAUUSD,108151,2026.09.10 21:45:00,NONE,0.00000,0.00000,0.00,0.00000,0.00000,0.00000,0.00000,0.00000,0.00000,0.00000,0.00000,0.00000,0.00,0.00,0.00,0.00,0.00,0.00,0.00,"","","","","OutsideUTCWindow",TRUE,TRUE,FALSE,FALSE,FALSE,FALSE,FALSE,FALSE,FALSE,FALSE,FALSE,FALSE,FALSE,FALSE,FALSE,FALSE,FALSE,FALSE,FALSE,"Outside UTC session (08:00 - 16:00 UTC, Current: 22:00)","",0,0,0,0.00000,0.00000,0.00000,0.00000,"",0.00,0.00
2026.09.10 22:15:00,2026.09.10 22:15:00,2026.09.10 22:15:00,"10****84",XAUUSD,108151,2026.09.10 22:00:00,NONE,0.00000,0.00000,0.00,0.00000,0.00000,0.00000,0.00000,0.00000,0.00000,0.00000,0.00000,0.00000,0.00,0.00,0.00,0.00,0.00,0.00,0.00,"","","","","OutsideUTCWindow",TRUE,TRUE,FALSE,FALSE,FALSE,FALSE,FALSE,FALSE,FALSE,FALSE,FALSE,FALSE,FALSE,FALSE,FALSE,FALSE,FALSE,FALSE,FALSE,"Outside UTC session (08:00 - 16:00 UTC, Current: 22:15)","",0,0,0,0.00000,0.00000,0.00000,0.00000,"",0.00,0.00
2026.09.10 22:30:00,2026.09.10 22:30:00,2026.09.10 22:30:00,"10****84",XAUUSD,108151,2026.09.10 22:15:00,NONE,0.00000,0.00000,0.00,0.00000,0.00000,0.00000,0.00000,0.00000,0.00000,0.00000,0.00000,0.00000,0.00,0.00,0.00,0.00,0.00,0.00,0.00,"","","","","OutsideUTCWindow",TRUE,TRUE,FALSE,FALSE,FALSE,FALSE,FALSE,FALSE,FALSE,FALSE,FALSE,FALSE,FALSE,FALSE,FALSE,FALSE,FALSE,FALSE,FALSE,"Outside UTC session (08:00 - 16:00 UTC, Current: 22:30)","",0,0,0,0.00000,0.00000,0.00000,0.00000,"",0.00,0.00
2026.09.10 22:45:00,2026.09.10 22:45:00,2026.09.10 22:45:00,"10****84",XAUUSD,108151,2026.09.10 22:30:00,NONE,0.00000,0.00000,0.00,0.00000,0.00000,0.00000,0.00000,0.00000,0.00000,0.00000,0.00000,0.00000,0.00,0.00,0.00,0.00,0.00,0.00,0.00,"","","","","OutsideUTCWindow",TRUE,TRUE,FALSE,FALSE,FALSE,FALSE,FALSE,FALSE,FALSE,FALSE,FALSE,FALSE,FALSE,FALSE,FALSE,FALSE,FALSE,FALSE,FALSE,"Outside UTC session (08:00 - 16:00 UTC, Current: 22:45)","",0,0,0,0.00000,0.00000,0.00000,0.00000,"",0.00,0.00
2026.09.01 01:15:00,2026.09.01 01:15:00,2026.09.01 01:15:00,"10****84",XAUUSD,108151,2026.09.01 01:00:00,NONE,0.00000,0.00000,0.00,0.00000,0.00000,0.00000,0.00000,0.00000,0.00000,0.00000,0.00000,0.00000,0.00,0.00,0.00,0.00,0.00,0.00,0.00,"","","","","OutsideUTCWindow",TRUE,TRUE,FALSE,FALSE,FALSE,FALSE,FALSE,FALSE,FALSE,FALSE,FALSE,FALSE,FALSE,FALSE,FALSE,FALSE,FALSE,FALSE,FALSE,"Outside UTC session (08:00 - 16:00 UTC, Current: 01:15)","",0,0,0,0.00000,0.00000,0.00000,0.00000,"",0.00,0.00
2026.09.01 01:30:00,2026.09.01 01:30:00,2026.09.01 01:30:00,"10****84",XAUUSD,108151,2026.09.01 01:15:00,NONE,0.00000,0.00000,0.00,0.00000,0.00000,0.00000,0.00000,0.00000,0.00000,0.00000,0.00000,0.00000,0.00,0.00,0.00,0.00,0.00,0.00,0.00,"","","","","OutsideUTCWindow",TRUE,TRUE,FALSE,FALSE,FALSE,FALSE,FALSE,FALSE,FALSE,FALSE,FALSE,FALSE,FALSE,FALSE,FALSE,FALSE,FALSE,FALSE,FALSE,"Outside UTC session (08:00 - 16:00 UTC, Current: 01:30)","",0,0,0,0.00000,0.00000,0.00000,0.00000,"",0.00,0.00
2026.09.01 01:45:00,2026.09.01 01:45:00,2026.09.01 01:45:00,"10****84",XAUUSD,108151,2026.09.01 01:30:00,NONE,0.00000,0.00000,0.00,0.00000,0.00000,0.00000,0.00000,0.00000,0.00000,0.00000,0.00000,0.00000,0.00,0.00,0.00,0.00,0.00,0.00,0.00,"","","","","OutsideUTCWindow",TRUE,TRUE,FALSE,FALSE,FALSE,FALSE,FALSE,FALSE,FALSE,FALSE,FALSE,FALSE,FALSE,FALSE,FALSE,FALSE,FALSE,FALSE,FALSE,"Outside UTC session (08:00 - 16:00 UTC, Current: 01:45)","",0,0,0,0.00000,0.00000,0.00000,0.00000,"",0.00,0.00
2026.09.01 02:00:00,2026.09.01 02:00:00,2026.09.01 02:00:00,"10****84",XAUUSD,108151,2026.09.01 01:45:00,NONE,0.00000,0.00000,0.00,0.00000,0.00000,0.00000,0.00000,0.00000,0.00000,0.00000,0.00000,0.00000,0.00,0.00,0.00,0.00,0.00,0.00,0.00,"","","","","OutsideUTCWindow",TRUE,TRUE,FALSE,FALSE,FALSE,FALSE,FALSE,FALSE,FALSE,FALSE,FALSE,FALSE,FALSE,FALSE,FALSE,FALSE,FALSE,FALSE,FALSE,"Outside UTC session (08:00 - 16:00 UTC, Current: 02:00)","",0,0,0,0.00000,0.00000,0.00000,0.00000,"",0.00,0.00
2026.09.01 02:15:00,2026.09.01 02:15:00,2026.09.01 02:15:00,"10****84",XAUUSD,108151,2026.09.01 02:00:00,NONE,0.00000,0.00000,0.00,0.00000,0.00000,0.00000,0.00000,0.00000,0.00000,0.00000,0.00000,0.00000,0.00,0.00,0.00,0.00,0.00,0.00,0.00,"","","","","OutsideUTCWindow",TRUE,TRUE,FALSE,FALSE,FALSE,FALSE,FALSE,FALSE,FALSE,FALSE,FALSE,FALSE,FALSE,FALSE,FALSE,FALSE,FALSE,FALSE,FALSE,"Outside UTC session (08:00 - 16:00 UTC, Current: 02:15)","",0,0,0,0.00000,0.00000,0.00000,0.00000,"",0.00,0.00
2026.09.01 02:30:00,2026.09.01 02:30:00,2026.09.01 02:30:00,"10****84",XAUUSD,108151,2026.09.01 02:15:00,NONE,0.00000,0.00000,0.00,0.00000,0.00000,0.00000,0.00000,0.00000,0.00000,0.00000,0.00000,0.00000,0.00,0.00,0.00,0.00,0.00,0.00,0.00,"","","","","OutsideUTCWindow",TRUE,TRUE,FALSE,FALSE,FALSE,FALSE,FALSE,FALSE,FALSE,FALSE,FALSE,FALSE,FALSE,FALSE,FALSE,FALSE,FALSE,FALSE,FALSE,"Outside UTC session (08:00 - 16:00 UTC, Current: 02:30)","",0,0,0,0.00000,0.00000,0.00000,0.00000,"",0.00,0.00
2026.09.01 02:45:00,2026.09.01 02:45:00,2026.09.01 02:45:00,"10****84",XAUUSD,108151,2026.09.01 02:30:00,NONE,0.00000,0.00000,0.00,0.00000,0.00000,0.00000,0.00000,0.00000,0.00000,0.00000,0.00000,0.00000,0.00,0.00,0.00,0.00,0.00,0.00,0.00,"","","","","OutsideUTCWindow",TRUE,TRUE,FALSE,FALSE,FALSE,FALSE,FALSE,FALSE,FALSE,FALSE,FALSE,FALSE,FALSE,FALSE,FALSE,FALSE,FALSE,FALSE,FALSE,"Outside UTC session (08:00 - 16:00 UTC, Current: 02:45)","",0,0,0,0.00000,0.00000,0.00000,0.00000,"",0.00,0.00
2026.09.01 03:00:00,2026.09.01 03:00:00,2026.09.01 03:00:00,"10****84",XAUUSD,108151,2026.09.01 02:45:00,NONE,0.00000,0.00000,0.00,0.00000,0.00000,0.00000,0.00000,0.00000,0.00000,0.00000,0.00000,0.00000,0.00,0.00,0.00,0.00,0.00,0.00,0.00,"","","","","OutsideUTCWindow",TRUE,TRUE,FALSE,FALSE,FALSE,FALSE,FALSE,FALSE,FALSE,FALSE,FALSE,FALSE,FALSE,FALSE,FALSE,FALSE,FALSE,FALSE,FALSE,"Outside UTC session (08:00 - 16:00 UTC, Current: 03:00)","",0,0,0,0.00000,0.00000,0.00000,0.00000,"",0.00,0.00
2026.09.01 03:15:00,2026.09.01 03:15:00,2026.09.01 03:15:00,"10****84",XAUUSD,108151,2026.09.01 03:00:00,NONE,0.00000,0.00000,0.00,0.00000,0.00000,0.00000,0.00000,0.00000,0.00000,0.00000,0.00000,0.00000,0.00,0.00,0.00,0.00,0.00,0.00,0.00,"","","","","OutsideUTCWindow",TRUE,TRUE,FALSE,FALSE,FALSE,FALSE,FALSE,FALSE,FALSE,FALSE,FALSE,FALSE,FALSE,FALSE,FALSE,FALSE,FALSE,FALSE,FALSE,"Outside UTC session (08:00 - 16:00 UTC, Current: 03:15)","",0,0,0,0.00000,0.00000,0.00000,0.00000,"",0.00,0.00
2026.09.01 03:30:00,2026.09.01 03:30:00,2026.09.01 03:30:00,"10****84",XAUUSD,108151,2026.09.01 03:15:00,NONE,0.00000,0.00000,0.00,0.00000,0.00000,0.00000,0.00000,0.00000,0.00000,0.00000,0.00000,0.00000,0.00,0.00,0.00,0.00,0.00,0.00,0.00,"","","","","OutsideUTCWindow",TRUE,TRUE,FALSE,FALSE,FALSE,FALSE,FALSE,FALSE,FALSE,FALSE,FALSE,FALSE,FALSE,FALSE,FALSE,FALSE,FALSE,FALSE,FALSE,"Outside UTC session (08:00 - 16:00 UTC, Current: 03:30)","",0,0,0,0.00000,0.00000,0.00000,0.00000,"",0.00,0.00
2026.09.01 03:45:00,2026.09.01 03:45:00,2026.09.01 03:45:00,"10****84",XAUUSD,108151,2026.09.01 03:30:00,NONE,0.00000,0.00000,0.00,0.00000,0.00000,0.00000,0.00000,0.00000,0.00000,0.00000,0.00000,0.00000,0.00,0.00,0.00,0.00,0.00,0.00,0.00,"","","","","OutsideUTCWindow",TRUE,TRUE,FALSE,FALSE,FALSE,FALSE,FALSE,FALSE,FALSE,FALSE,FALSE,FALSE,FALSE,FALSE,FALSE,FALSE,FALSE,FALSE,FALSE,"Outside UTC session (08:00 - 16:00 UTC, Current: 03:45)","",0,0,0,0.00000,0.00000,0.00000,0.00000,"",0.00,0.00
2026.09.01 04:00:00,2026.09.01 04:00:00,2026.09.01 04:00:00,"10****84",XAUUSD,108151,2026.09.01 03:45:00,NONE,0.00000,0.00000,0.00,0.00000,0.00000,0.00000,0.00000,0.00000,0.00000,0.00000,0.00000,0.00000,0.00,0.00,0.00,0.00,0.00,0.00,0.00,"","","","","OutsideUTCWindow",TRUE,TRUE,FALSE,FALSE,FALSE,FALSE,FALSE,FALSE,FALSE,FALSE,FALSE,FALSE,FALSE,FALSE,FALSE,FALSE,FALSE,FALSE,FALSE,"Outside UTC session (08:00 - 16:00 UTC, Current: 04:00)","",0,0,0,0.00000,0.00000,0.00000,0.00000,"",0.00,0.00
2026.09.01 04:15:00,2026.09.01 04:15:00,2026.09.01 04:15:00,"10****84",XAUUSD,108151,2026.09.01 04:00:00,NONE,0.00000,0.00000,0.00,0.00000,0.00000,0.00000,0.00000,0.00000,0.00000,0.00000,0.00000,0.00000,0.00,0.00,0.00,0.00,0.00,0.00,0.00,"","","","","OutsideUTCWindow",TRUE,TRUE,FALSE,FALSE,FALSE,FALSE,FALSE,FALSE,FALSE,FALSE,FALSE,FALSE,FALSE,FALSE,FALSE,FALSE,FALSE,FALSE,FALSE,"Outside UTC session (08:00 - 16:00 UTC, Current: 04:15)","",0,0,0,0.00000,0.00000,0.00000,0.00000,"",0.00,0.00
2026.09.01 04:30:00,2026.09.01 04:30:00,2026.09.01 04:30:00,"10****84",XAUUSD,108151,2026.09.01 04:15:00,NONE,0.00000,0.00000,0.00,0.00000,0.00000,0.00000,0.00000,0.00000,0.00000,0.00000,0.00000,0.00000,0.00,0.00,0.00,0.00,0.00,0.00,0.00,"","","","","OutsideUTCWindow",TRUE,TRUE,FALSE,FALSE,FALSE,FALSE,FALSE,FALSE,FALSE,FALSE,FALSE,FALSE,FALSE,FALSE,FALSE,FALSE,FALSE,FALSE,FALSE,"Outside UTC session (08:00 - 16:00 UTC, Current: 04:30)","",0,0,0,0.00000,0.00000,0.00000,0.00000,"",0.00,0.00
2026.09.01 04:45:00,2026.09.01 04:45:00,2026.09.01 04:45:00,"10****84",XAUUSD,108151,2026.09.01 04:30:00,NONE,0.00000,0.00000,0.00,0.00000,0.00000,0.00000,0.00000,0.00000,0.00000,0.00000,0.00000,0.00000,0.00,0.00,0.00,0.00,0.00,0.00,0.00,"","","","","OutsideUTCWindow",TRUE,TRUE,FALSE,FALSE,FALSE,FALSE,FALSE,FALSE,FALSE,FALSE,FALSE,FALSE,FALSE,FALSE,FALSE,FALSE,FALSE,FALSE,FALSE,"Outside UTC session (08:00 - 16:00 UTC, Current: 04:45)","",0,0,0,0.00000,0.00000,0.00000,0.00000,"",0.00,0.00
2026.09.01 05:00:00,2026.09.01 05:00:00,2026.09.01 05:00:00,"10****84",XAUUSD,108151,2026.09.01 04:45:00,NONE,0.00000,0.00000,0.00,0.00000,0.00000,0.00000,0.00000,0.00000,0.00000,0.00000,0.00000,0.00000,0.00,0.00,0.00,0.00,0.00,0.00,0.00,"","","","","OutsideUTCWindow",TRUE,TRUE,FALSE,FALSE,FALSE,FALSE,FALSE,FALSE,FALSE,FALSE,FALSE,FALSE,FALSE,FALSE,FALSE,FALSE,FALSE,FALSE,FALSE,"Outside UTC session (08:00 - 16:00 UTC, Current: 05:00)","",0,0,0,0.00000,0.00000,0.00000,0.00000,"",0.00,0.00
2026.09.01 05:15:00,2026.09.01 05:15:00,2026.09.01 05:15:00,"10****84",XAUUSD,108151,2026.09.01 05:00:00,NONE,0.00000,0.00000,0.00,0.00000,0.00000,0.00000,0.00000,0.00000,0.00000,0.00000,0.00000,0.00000,0.00,0.00,0.00,0.00,0.00,0.00,0.00,"","","","","OutsideUTCWindow",TRUE,TRUE,FALSE,FALSE,FALSE,FALSE,FALSE,FALSE,FALSE,FALSE,FALSE,FALSE,FALSE,FALSE,FALSE,FALSE,FALSE,FALSE,FALSE,"Outside UTC session (08:00 - 16:00 UTC, Current: 05:15)","",0,0,0,0.00000,0.00000,0.00000,0.00000,"",0.00,0.00
2026.09.01 05:30:00,2026.09.01 05:30:00,2026.09.01 05:30:00,"10****84",XAUUSD,108151,2026.09.01 05:15:00,NONE,0.00000,0.00000,0.00,0.00000,0.00000,0.00000,0.00000,0.00000,0.00000,0.00000,0.00000,0.00000,0.00,0.00,0.00,0.00,0.00,0.00,0.00,"","","","","OutsideUTCWindow",TRUE,TRUE,FALSE,FALSE,FALSE,FALSE,FALSE,FALSE,FALSE,FALSE,FALSE,FALSE,FALSE,FALSE,FALSE,FALSE,FALSE,FALSE,FALSE,"Outside UTC session (08:00 - 16:00 UTC, Current: 05:30)","",0,0,0,0.00000,0.00000,0.00000,0.00000,"",0.00,0.00
2026.09.01 05:45:00,2026.09.01 05:45:00,2026.09.01 05:45:00,"10****84",XAUUSD,108151,2026.09.01 05:30:00,NONE,0.00000,0.00000,0.00,0.00000,0.00000,0.00000,0.00000,0.00000,0.00000,0.00000,0.00000,0.00000,0.00,0.00,0.00,0.00,0.00,0.00,0.00,"","","","","OutsideUTCWindow",TRUE,TRUE,FALSE,FALSE,FALSE,FALSE,FALSE,FALSE,FALSE,FALSE,FALSE,FALSE,FALSE,FALSE,FALSE,FALSE,FALSE,FALSE,FALSE,"Outside UTC session (08:00 - 16:00 UTC, Current: 05:45)","",0,0,0,0.00000,0.00000,0.00000,0.00000,"",0.00,0.00
2026.09.01 06:00:00,2026.09.01 06:00:00,2026.09.01 06:00:00,"10****84",XAUUSD,108151,2026.09.01 05:45:00,NONE,0.00000,0.00000,0.00,0.00000,0.00000,0.00000,0.00000,0.00000,0.00000,0.00000,0.00000,0.00000,0.00,0.00,0.00,0.00,0.00,0.00,0.00,"","","","","OutsideUTCWindow",TRUE,TRUE,FALSE,FALSE,FALSE,FALSE,FALSE,FALSE,FALSE,FALSE,FALSE,FALSE,FALSE,FALSE,FALSE,FALSE,FALSE,FALSE,FALSE,"Outside UTC session (08:00 - 16:00 UTC, Current: 06:00)","",0,0,0,0.00000,0.00000,0.00000,0.00000,"",0.00,0.00
2026.09.01 06:15:00,2026.09.01 06:15:00,2026.09.01 06:15:00,"10****84",XAUUSD,108151,2026.09.01 06:00:00,NONE,0.00000,0.00000,0.00,0.00000,0.00000,0.00000,0.00000,0.00000,0.00000,0.00000,0.00000,0.00000,0.00,0.00,0.00,0.00,0.00,0.00,0.00,"","","","","OutsideUTCWindow",TRUE,TRUE,FALSE,FALSE,FALSE,FALSE,FALSE,FALSE,FALSE,FALSE,FALSE,FALSE,FALSE,FALSE,FALSE,FALSE,FALSE,FALSE,FALSE,"Outside UTC session (08:00 - 16:00 UTC, Current: 06:15)","",0,0,0,0.00000,0.00000,0.00000,0.00000,"",0.00,0.00
2026.09.01 06:30:00,2026.09.01 06:30:00,2026.09.01 06:30:00,"10****84",XAUUSD,108151,2026.09.01 06:15:00,NONE,0.00000,0.00000,0.00,0.00000,0.00000,0.00000,0.00000,0.00000,0.00000,0.00000,0.00000,0.00000,0.00,0.00,0.00,0.00,0.00,0.00,0.00,"","","","","OutsideUTCWindow",TRUE,TRUE,FALSE,FALSE,FALSE,FALSE,FALSE,FALSE,FALSE,FALSE,FALSE,FALSE,FALSE,FALSE,FALSE,FALSE,FALSE,FALSE,FALSE,"Outside UTC session (08:00 - 16:00 UTC, Current: 06:30)","",0,0,0,0.00000,0.00000,0.00000,0.00000,"",0.00,0.00
2026.09.01 06:45:00,2026.09.01 06:45:00,2026.09.01 06:45:00,"10****84",XAUUSD,108151,2026.09.01 06:30:00,NONE,0.00000,0.00000,0.00,0.00000,0.00000,0.00000,0.00000,0.00000,0.00000,0.00000,0.00000,0.00000,0.00,0.00,0.00,0.00,0.00,0.00,0.00,"","","","","OutsideUTCWindow",TRUE,TRUE,FALSE,FALSE,FALSE,FALSE,FALSE,FALSE,FALSE,FALSE,FALSE,FALSE,FALSE,FALSE,FALSE,FALSE,FALSE,FALSE,FALSE,"Outside UTC session (08:00 - 16:00 UTC, Current: 06:45)","",0,0,0,0.00000,0.00000,0.00000,0.00000,"",0.00,0.00
2026.09.01 07:00:00,2026.09.01 07:00:00,2026.09.01 07:00:00,"10****84",XAUUSD,108151,2026.09.01 06:45:00,NONE,0.00000,0.00000,0.00,0.00000,0.00000,0.00000,0.00000,0.00000,0.00000,0.00000,0.00000,0.00000,0.00,0.00,0.00,0.00,0.00,0.00,0.00,"","","","","OutsideUTCWindow",TRUE,TRUE,FALSE,FALSE,FALSE,FALSE,FALSE,FALSE,FALSE,FALSE,FALSE,FALSE,FALSE,FALSE,FALSE,FALSE,FALSE,FALSE,FALSE,"Outside UTC session (08:00 - 16:00 UTC, Current: 07:00)","",0,0,0,0.00000,0.00000,0.00000,0.00000,"",0.00,0.00
2026.09.01 07:15:00,2026.09.01 07:15:00,2026.09.01 07:15:00,"10****84",XAUUSD,108151,2026.09.01 07:00:00,NONE,0.00000,0.00000,0.00,0.00000,0.00000,0.00000,0.00000,0.00000,0.00000,0.00000,0.00000,0.00000,0.00,0.00,0.00,0.00,0.00,0.00,0.00,"","","","","OutsideUTCWindow",TRUE,TRUE,FALSE,FALSE,FALSE,FALSE,FALSE,FALSE,FALSE,FALSE,FALSE,FALSE,FALSE,FALSE,FALSE,FALSE,FALSE,FALSE,FALSE,"Outside UTC session (08:00 - 16:00 UTC, Current: 07:15)","",0,0,0,0.00000,0.00000,0.00000,0.00000,"",0.00,0.00
2026.09.01 07:30:00,2026.09.01 07:30:00,2026.09.01 07:30:00,"10****84",XAUUSD,108151,2026.09.01 07:15:00,NONE,0.00000,0.00000,0.00,0.00000,0.00000,0.00000,0.00000,0.00000,0.00000,0.00000,0.00000,0.00000,0.00,0.00,0.00,0.00,0.00,0.00,0.00,"","","","","OutsideUTCWindow",TRUE,TRUE,FALSE,FALSE,FALSE,FALSE,FALSE,FALSE,FALSE,FALSE,FALSE,FALSE,FALSE,FALSE,FALSE,FALSE,FALSE,FALSE,FALSE,"Outside UTC session (08:00 - 16:00 UTC, Current: 07:30)","",0,0,0,0.00000,0.00000,0.00000,0.00000,"",0.00,0.00
2026.09.01 07:45:00,2026.09.01 07:45:00,2026.09.01 07:45:00,"10****84",XAUUSD,108151,2026.09.01 07:30:00,NONE,0.00000,0.00000,0.00,0.00000,0.00000,0.00000,0.00000,0.00000,0.00000,0.00000,0.00000,0.00000,0.00,0.00,0.00,0.00,0.00,0.00,0.00,"","","","","OutsideUTCWindow",TRUE,TRUE,FALSE,FALSE,FALSE,FALSE,FALSE,FALSE,FALSE,FALSE,FALSE,FALSE,FALSE,FALSE,FALSE,FALSE,FALSE,FALSE,FALSE,"Outside UTC session (08:00 - 16:00 UTC, Current: 07:45)","",0,0,0,0.00000,0.00000,0.00000,0.00000,"",0.00,0.00
2026.09.01 08:00:00,2026.09.01 08:00:00,2026.09.01 08:00:00,"10****84",XAUUSD,108151,2026.09.01 07:45:00,NONE,4484.05258,4518.21043,15.66,4437.33815,7.42643,9.34893,0.00000,4426.53000,0.00000,0.00000,0.00000,0.00000,0.00,0.00,0.00,0.00,0.00,0.00,0.00,"Loss: $0.00 (Max $50.00) | Losses: 0/Max 2","Loss: 0.00% / Max: 20.00%","DD: 0.00% / Max: 20.00% (HWM: $500.00)","BypassedInTester","ActiveSession",TRUE,TRUE,TRUE,TRUE,TRUE,TRUE,TRUE,TRUE,FALSE,FALSE,FALSE,TRUE,FALSE,FALSE,FALSE,FALSE,FALSE,FALSE,FALSE,"Short trend exists but H1 ADX (15.66) < MinADX (20.00)","",0,0,0,0.00000,0.00000,0.00000,0.00000,"",0.00,0.00
2026.09.01 08:15:00,2026.09.01 08:15:00,2026.09.01 08:15:00,"10****84",XAUUSD,108151,2026.09.01 08:00:00,NONE,4484.05258,4518.21043,15.66,4436.57642,7.20857,9.34214,0.00000,4429.34000,0.00000,0.00000,0.00000,0.00000,0.00,0.00,0.00,0.00,0.00,0.00,0.00,"Loss: $0.00 (Max $50.00) | Losses: 0/Max 2","Loss: 0.00% / Max: 20.00%","DD: 0.00% / Max: 20.00% (HWM: $500.00)","BypassedInTester","ActiveSession",TRUE,TRUE,TRUE,TRUE,TRUE,TRUE,TRUE,TRUE,FALSE,FALSE,FALSE,TRUE,FALSE,FALSE,FALSE,FALSE,FALSE,FALSE,FALSE,"Short trend exists but H1 ADX (15.66) < MinADX (20.00)","",0,0,0,0.00000,0.00000,0.00000,0.00000,"",0.00,0.00
2026.09.01 08:30:00,2026.09.01 08:30:00,2026.09.01 08:30:00,"10****84",XAUUSD,108151,2026.09.01 08:15:00,NONE,4484.05258,4518.21043,15.66,4435.64438,7.07214,9.30964,0.00000,4426.79000,0.00000,0.00000,0.00000,0.00000,0.00,0.00,0.00,0.00,0.00,0.00,0.00,"Loss: $0.00 (Max $50.00) | Losses: 0/Max 2","Loss: 0.00% / Max: 20.00%","DD: 0.00% / Max: 20.00% (HWM: $500.00)","BypassedInTester","ActiveSession",TRUE,TRUE,TRUE,TRUE,TRUE,TRUE,TRUE,TRUE,FALSE,FALSE,FALSE,TRUE,FALSE,FALSE,FALSE,FALSE,FALSE,FALSE,FALSE,"Short trend exists but H1 ADX (15.66) < MinADX (20.00)","",0,0,0,0.00000,0.00000,0.00000,0.00000,"",0.00,0.00
2026.09.01 08:45:00,2026.09.01 08:45:00,2026.09.01 08:45:00,"10****84",XAUUSD,108151,2026.09.01 08:30:00,NONE,4484.05258,4518.21043,15.66,4436.30491,7.94786,9.25250,0.00000,4442.58000,0.00000,0.00000,0.00000,0.00000,0.00,0.00,0.00,0.00,0.00,0.00,0.00,"Loss: $0.00 (Max $50.00) | Losses: 0/Max 2","Loss: 0.00% / Max: 20.00%","DD: 0.00% / Max: 20.00% (HWM: $500.00)","BypassedInTester","ActiveSession",TRUE,TRUE,TRUE,TRUE,TRUE,TRUE,TRUE,TRUE,FALSE,FALSE,FALSE,TRUE,FALSE,FALSE,FALSE,FALSE,FALSE,FALSE,FALSE,"Short trend exists but H1 ADX (15.66) < MinADX (20.00)","",0,0,0,0.00000,0.00000,0.00000,0.00000,"",0.00,0.00
2026.09.01 09:00:00,2026.09.01 09:00:00,2026.09.01 09:00:00,"10****84",XAUUSD,108151,2026.09.01 08:45:00,NONE,4482.33091,4517.43371,15.24,4436.67111,7.79429,9.21250,0.00000,4440.15000,0.00000,0.00000,0.00000,0.00000,0.00,0.00,0.00,0.00,0.00,0.00,0.00,"Loss: $0.00 (Max $50.00) | Losses: 0/Max 2","Loss: 0.00% / Max: 20.00%","DD: 0.00% / Max: 20.00% (HWM: $500.00)","BypassedInTester","ActiveSession",TRUE,TRUE,TRUE,TRUE,TRUE,TRUE,TRUE,TRUE,FALSE,FALSE,FALSE,TRUE,FALSE,FALSE,FALSE,FALSE,FALSE,FALSE,FALSE,"Short trend exists but H1 ADX (15.24) < MinADX (20.00)","",0,0,0,0.00000,0.00000,0.00000,0.00000,"",0.00,0.00
2026.09.01 09:15:00,2026.09.01 09:15:00,2026.09.01 09:15:00,"10****84",XAUUSD,108151,2026.09.01 09:00:00,NONE,4482.33091,4517.43371,15.24,4436.31101,7.75286,9.14571,0.00000,4432.89000,0.00000,0.00000,0.00000,0.00000,0.00,0.00,0.00,0.00,0.00,0.00,0.00,"Loss: $0.00 (Max $50.00) | Losses: 0/Max 2","Loss: 0.00% / Max: 20.00%","DD: 0.00% / Max: 20.00% (HWM: $500.00)","BypassedInTester","ActiveSession",TRUE,TRUE,TRUE,TRUE,TRUE,TRUE,TRUE,TRUE,FALSE,FALSE,FALSE,TRUE,FALSE,FALSE,FALSE,FALSE,FALSE,FALSE,FALSE,"Short trend exists but H1 ADX (15.24) < MinADX (20.00)","",0,0,0,0.00000,0.00000,0.00000,0.00000,"",0.00,0.00
2026.09.01 09:30:00,2026.09.01 09:30:00,2026.09.01 09:30:00,"10****84",XAUUSD,108151,2026.09.01 09:15:00,NONE,4482.33091,4517.43371,15.24,4435.61282,7.18571,9.06464,0.00000,4428.98000,0.00000,0.00000,0.00000,0.00000,0.00,0.00,0.00,0.00,0.00,0.00,0.00,"Loss: $0.00 (Max $50.00) | Losses: 0/Max 2","Loss: 0.00% / Max: 20.00%","DD: 0.00% / Max: 20.00% (HWM: $500.00)","BypassedInTester","ActiveSession",TRUE,TRUE,TRUE,TRUE,TRUE,TRUE,TRUE,TRUE,FALSE,FALSE,FALSE,TRUE,FALSE,FALSE,FALSE,FALSE,FALSE,FALSE,FALSE,"Short trend exists but H1 ADX (15.24) < MinADX (20.00)","",0,0,0,0.00000,0.00000,0.00000,0.00000,"",0.00,0.00
2026.09.01 09:45:00,2026.09.01 09:45:00,2026.09.01 09:45:00,"10****84",XAUUSD,108151,2026.09.01 09:30:00,NONE,4482.33091,4517.43371,15.24,4435.54017,7.26500,8.96786,0.00000,4434.85000,0.00000,0.00000,0.00000,0.00000,0.00,0.00,0.00,0.00,0.00,0.00,0.00,"Loss: $0.00 (Max $50.00) | Losses: 0/Max 2","Loss: 0.00% / Max: 20.00%","DD: 0.00% / Max: 20.00% (HWM: $500.00)","BypassedInTester","ActiveSession",TRUE,TRUE,TRUE,TRUE,TRUE,TRUE,TRUE,TRUE,FALSE,FALSE,FALSE,TRUE,FALSE,FALSE,FALSE,FALSE,FALSE,FALSE,FALSE,"Short trend exists but H1 ADX (15.24) < MinADX (20.00)","",0,0,0,0.00000,0.00000,0.00000,0.00000,"",0.00,0.00
2026.09.01 10:00:00,2026.09.01 10:00:00,2026.09.01 10:00:00,"10****84",XAUUSD,108151,2026.09.01 09:45:00,NONE,4480.26146,4516.55934,14.88,4434.97063,7.15571,8.84607,0.00000,4429.56000,0.00000,0.00000,0.00000,0.00000,0.00,0.00,0.00,0.00,0.00,0.00,0.00,"Loss: $0.00 (Max $50.00) | Losses: 0/Max 2","Loss: 0.00% / Max: 20.00%","DD: 0.00% / Max: 20.00% (HWM: $500.00)","BypassedInTester","ActiveSession",TRUE,TRUE,TRUE,TRUE,TRUE,TRUE,TRUE,TRUE,FALSE,FALSE,FALSE,TRUE,FALSE,FALSE,FALSE,FALSE,FALSE,FALSE,FALSE,"Short trend exists but H1 ADX (14.88) < MinADX (20.00)","",0,0,0,0.00000,0.00000,0.00000,0.00000,"",0.00,0.00
2026.09.01 10:15:00,2026.09.01 10:15:00,2026.09.01 10:15:00,"10****84",XAUUSD,108151,2026.09.01 10:00:00,NONE,4480.26146,4516.55934,14.88,4434.79057,7.15929,8.70107,0.00000,4433.08000,0.00000,0.00000,0.00000,0.00000,0.00,0.00,0.00,0.00,0.00,0.00,0.00,"Loss: $0.00 (Max $50.00) | Losses: 0/Max 2","Loss: 0.00% / Max: 20.00%","DD: 0.00% / Max: 20.00% (HWM: $500.00)","BypassedInTester","ActiveSession",TRUE,TRUE,TRUE,TRUE,TRUE,TRUE,TRUE,TRUE,FALSE,FALSE,FALSE,TRUE,FALSE,FALSE,FALSE,FALSE,FALSE,FALSE,FALSE,"Short trend exists but H1 ADX (14.88) < MinADX (20.00)","",0,0,0,0.00000,0.00000,0.00000,0.00000,"",0.00,0.00
2026.09.01 10:30:00,2026.09.01 10:30:00,2026.09.01 10:30:00,"10****84",XAUUSD,108151,2026.09.01 10:15:00,NONE,4480.26146,4516.55934,14.88,4433.96480,7.23857,8.48500,0.00000,4426.12000,0.00000,0.00000,0.00000,0.00000,0.00,0.00,0.00,0.00,0.00,0.00,0.00,"Loss: $0.00 (Max $50.00) | Losses: 0/Max 2","Loss: 0.00% / Max: 20.00%","DD: 0.00% / Max: 20.00% (HWM: $500.00)","BypassedInTester","ActiveSession",TRUE,TRUE,TRUE,TRUE,TRUE,TRUE,TRUE,TRUE,FALSE,FALSE,FALSE,TRUE,FALSE,FALSE,FALSE,FALSE,FALSE,FALSE,FALSE,"Short trend exists but H1 ADX (14.88) < MinADX (20.00)","",0,0,0,0.00000,0.00000,0.00000,0.00000,"",0.00,0.00
2026.09.01 10:45:00,2026.09.01 10:45:00,2026.09.01 10:45:00,"10****84",XAUUSD,108151,2026.09.01 10:30:00,NONE,4480.26146,4516.55934,14.88,4432.45006,7.85571,8.36143,0.00000,4418.06000,0.00000,0.00000,0.00000,0.00000,0.00,0.00,0.00,0.00,0.00,0.00,0.00,"Loss: $0.00 (Max $50.00) | Losses: 0/Max 2","Loss: 0.00% / Max: 20.00%","DD: 0.00% / Max: 20.00% (HWM: $500.00)","BypassedInTester","ActiveSession",TRUE,TRUE,TRUE,TRUE,TRUE,TRUE,TRUE,TRUE,FALSE,FALSE,FALSE,TRUE,FALSE,FALSE,FALSE,FALSE,FALSE,FALSE,FALSE,"Short trend exists but H1 ADX (14.88) < MinADX (20.00)","",0,0,0,0.00000,0.00000,0.00000,0.00000,"",0.00,0.00
2026.09.01 11:00:00,2026.09.01 11:00:00,2026.09.01 11:00:00,"10****84",XAUUSD,108151,2026.09.01 10:45:00,NONE,4477.90258,4515.59965,17.51,4431.27481,8.01929,8.16036,0.00000,4420.11000,0.00000,0.00000,0.00000,0.00000,0.00,0.00,0.00,0.00,0.00,0.00,0.00,"Loss: $0.00 (Max $50.00) | Losses: 0/Max 2","Loss: 0.00% / Max: 20.00%","DD: 0.00% / Max: 20.00% (HWM: $500.00)","BypassedInTester","ActiveSession",TRUE,TRUE,TRUE,TRUE,TRUE,TRUE,TRUE,TRUE,FALSE,FALSE,FALSE,TRUE,FALSE,FALSE,FALSE,FALSE,FALSE,FALSE,FALSE,"Short trend exists but H1 ADX (17.51) < MinADX (20.00)","",0,0,0,0.00000,0.00000,0.00000,0.00000,"",0.00,0.00
2026.09.01 11:15:00,2026.09.01 11:15:00,2026.09.01 11:15:00,"10****84",XAUUSD,108151,2026.09.01 11:00:00,NONE,4477.90258,4515.59965,17.51,4428.81150,9.93571,7.99107,0.00000,4405.41000,0.00000,0.00000,0.00000,0.00000,0.00,0.00,0.00,0.00,0.00,0.00,0.00,"Loss: $0.00 (Max $50.00) | Losses: 0/Max 2","Loss: 0.00% / Max: 20.00%","DD: 0.00% / Max: 20.00% (HWM: $500.00)","BypassedInTester","ActiveSession",TRUE,TRUE,TRUE,TRUE,TRUE,TRUE,TRUE,TRUE,FALSE,FALSE,FALSE,TRUE,FALSE,FALSE,FALSE,FALSE,FALSE,FALSE,FALSE,"Short trend exists but H1 ADX (17.51) < MinADX (20.00)","",0,0,0,0.00000,0.00000,0.00000,0.00000,"",0.00,0.00
2026.09.01 11:30:00,2026.09.01 11:30:00,2026.09.01 11:30:00,"10****84",XAUUSD,108151,2026.09.01 11:15:00,NONE,4477.90258,4515.59965,17.51,4424.45135,11.35000,7.99107,0.00000,4383.03000,0.00000,0.00000,0.00000,0.00000,0.00,0.00,0.00,0.00,0.00,0.00,0.00,"Loss: $0.00 (Max $50.00) | Losses: 0/Max 2","Loss: 0.00% / Max: 20.00%","DD: 0.00% / Max: 20.00% (HWM: $500.00)","BypassedInTester","ActiveSession",TRUE,TRUE,TRUE,TRUE,TRUE,TRUE,TRUE,TRUE,FALSE,FALSE,FALSE,TRUE,FALSE,FALSE,FALSE,FALSE,FALSE,FALSE,FALSE,"Short trend exists but H1 ADX (17.51) < MinADX (20.00)","",0,0,0,0.00000,0.00000,0.00000,0.00000,"",0.00,0.00
2026.09.01 11:45:00,2026.09.01 11:45:00,2026.09.01 11:45:00,"10****84",XAUUSD,108151,2026.09.01 11:30:00,NONE,4477.90258,4515.59965,17.51,4419.78932,11.88500,7.99107,0.00000,4375.50000,0.00000,0.00000,0.00000,0.00000,0.00,0.00,0.00,0.00,0.00,0.00,0.00,"Loss: $0.00 (Max $50.00) | Losses: 0/Max 2","Loss: 0.00% / Max: 20.00%","DD: 0.00% / Max: 20.00% (HWM: $500.00)","BypassedInTester","ActiveSession",TRUE,TRUE,TRUE,TRUE,TRUE,TRUE,TRUE,TRUE,FALSE,FALSE,FALSE,TRUE,FALSE,FALSE,FALSE,FALSE,FALSE,FALSE,FALSE,"Short trend exists but H1 ADX (17.51) < MinADX (20.00)","",0,0,0,0.00000,0.00000,0.00000,0.00000,"",0.00,0.00
2026.09.01 12:00:00,2026.09.01 12:00:00,2026.09.01 12:00:00,"10****84",XAUUSD,108151,2026.09.01 11:45:00,SELL,4473.69582,4514.15716,22.12,4415.10748,12.16429,8.18857,0.00000,4370.63000,0.00000,0.00000,0.00000,0.00000,0.00,0.00,0.00,0.00,0.00,0.00,0.00,"Loss: $0.00 (Max $50.00) | Losses: 0/Max 2","Loss: 0.00% / Max: 20.00%","DD: 0.00% / Max: 20.00% (HWM: $500.00)","BypassedInTester","ActiveSession",TRUE,TRUE,TRUE,TRUE,TRUE,TRUE,TRUE,TRUE,TRUE,FALSE,FALSE,TRUE,FALSE,FALSE,FALSE,FALSE,FALSE,FALSE,FALSE,"No M15 candle in shifts 2-4 touched above EMA20","",0,0,0,0.00000,0.00000,0.00000,0.00000,"",0.00,0.00
2026.09.01 12:15:00,2026.09.01 12:15:00,2026.09.01 12:15:00,"10****84",XAUUSD,108151,2026.09.01 12:00:00,SELL,4473.69582,4514.15716,22.12,4411.38391,11.45786,8.36143,0.00000,4376.01000,0.00000,0.00000,0.00000,0.00000,0.00,0.00,0.00,0.00,0.00,0.00,0.00,"Loss: $0.00 (Max $50.00) | Losses: 0/Max 2","Loss: 0.00% / Max: 20.00%","DD: 0.00% / Max: 20.00% (HWM: $500.00)","BypassedInTester","ActiveSession",TRUE,TRUE,TRUE,TRUE,TRUE,TRUE,TRUE,TRUE,TRUE,FALSE,FALSE,TRUE,FALSE,FALSE,FALSE,FALSE,FALSE,FALSE,FALSE,"No M15 candle in shifts 2-4 touched above EMA20","",0,0,0,0.00000,0.00000,0.00000,0.00000,"",0.00,0.00
2026.09.01 12:30:00,2026.09.01 12:30:00,2026.09.01 12:30:00,"10****84",XAUUSD,108151,2026.09.01 12:15:00,SELL,4473.69582,4514.15716,22.12,4407.71497,11.57714,8.58107,0.00000,4372.86000,0.00000,0.00000,0.00000,0.00000,0.00,0.00,0.00,0.00,0.00,0.00,0.00,"Loss: $0.00 (Max $50.00) | Losses: 0/Max 2","Loss: 0.00% / Max: 20.00%","DD: 0.00% / Max: 20.00% (HWM: $500.00)","BypassedInTester","ActiveSession",TRUE,TRUE,TRUE,TRUE,TRUE,TRUE,TRUE,TRUE,TRUE,FALSE,FALSE,TRUE,FALSE,FALSE,FALSE,FALSE,FALSE,FALSE,FALSE,"No M15 candle in shifts 2-4 touched above EMA20","",0,0,0,0.00000,0.00000,0.00000,0.00000,"",0.00,0.00
2026.09.01 12:45:00,2026.09.01 12:45:00,2026.09.01 12:45:00,"10****84",XAUUSD,108151,2026.09.01 12:30:00,SELL,4473.69582,4514.15716,22.12,4404.27545,11.48286,8.84607,0.00000,4371.60000,0.00000,0.00000,0.00000,0.00000,0.00,0.00,0.00,0.00,0.00,0.00,0.00,"Loss: $0.00 (Max $50.00) | Losses: 0/Max 2","Loss: 0.00% / Max: 20.00%","DD: 0.00% / Max: 20.00% (HWM: $500.00)","BypassedInTester","ActiveSession",TRUE,TRUE,TRUE,TRUE,TRUE,TRUE,TRUE,TRUE,TRUE,FALSE,FALSE,TRUE,FALSE,FALSE,FALSE,FALSE,FALSE,FALSE,FALSE,"No M15 candle in shifts 2-4 touched above EMA20","",0,0,0,0.00000,0.00000,0.00000,0.00000,"",0.00,0.00
2026.09.01 13:00:00,2026.09.01 13:00:00,2026.09.01 13:00:00,"10****84",XAUUSD,108151,2026.09.01 12:45:00,SELL,4469.41637,4512.66874,26.83,4400.49398,11.59857,8.96786,0.00000,4364.57000,0.00000,0.00000,0.00000,0.00000,0.00,0.00,0.00,0.00,0.00,0.00,0.00,"Loss: $0.00 (Max $50.00) | Losses: 0/Max 2","Loss: 0.00% / Max: 20.00%","DD: 0.00% / Max: 20.00% (HWM: $500.00)","BypassedInTester","ActiveSession",TRUE,TRUE,TRUE,TRUE,TRUE,TRUE,TRUE,TRUE,TRUE,FALSE,FALSE,TRUE,FALSE,FALSE,FALSE,FALSE,FALSE,FALSE,FALSE,"No M15 candle in shifts 2-4 touched above EMA20","",0,0,0,0.00000,0.00000,0.00000,0.00000,"",0.00,0.00
2026.09.01 13:15:00,2026.09.01 13:15:00,2026.09.01 13:15:00,"10****84",XAUUSD,108151,2026.09.01 13:00:00,SELL,4469.41637,4512.66874,26.83,4398.37360,12.37286,9.06464,0.00000,4378.23000,0.00000,0.00000,0.00000,0.00000,0.00,0.00,0.00,0.00,0.00,0.00,0.00,"Loss: $0.00 (Max $50.00) | Losses: 0/Max 2","Loss: 0.00% / Max: 20.00%","DD: 0.00% / Max: 20.00% (HWM: $500.00)","BypassedInTester","ActiveSession",TRUE,TRUE,TRUE,TRUE,TRUE,TRUE,TRUE,TRUE,TRUE,FALSE,FALSE,TRUE,FALSE,FALSE,FALSE,FALSE,FALSE,FALSE,FALSE,"No M15 candle in shifts 2-4 touched above EMA20","",0,0,0,0.00000,0.00000,0.00000,0.00000,"",0.00,0.00
2026.09.01 13:30:00,2026.09.01 13:30:00,2026.09.01 13:30:00,"10****84",XAUUSD,108151,2026.09.01 13:15:00,SELL,4469.41637,4512.66874,26.83,4397.09135,12.38286,9.14571,0.00000,4384.91000,0.00000,0.00000,0.00000,0.00000,0.00,0.00,0.00,0.00,0.00,0.00,0.00,"Loss: $0.00 (Max $50.00) | Losses: 0/Max 2","Loss: 0.00% / Max: 20.00%","DD: 0.00% / Max: 20.00% (HWM: $500.00)","BypassedInTester","ActiveSession",TRUE,TRUE,TRUE,TRUE,TRUE,TRUE,TRUE,TRUE,TRUE,FALSE,FALSE,TRUE,FALSE,FALSE,FALSE,FALSE,FALSE,FALSE,FALSE,"No M15 candle in shifts 2-4 touched above EMA20","",0,0,0,0.00000,0.00000,0.00000,0.00000,"",0.00,0.00
2026.09.01 13:45:00,2026.09.01 13:45:00,2026.09.01 13:45:00,"10****84",XAUUSD,108151,2026.09.01 13:30:00,SELL,4469.41637,4512.66874,26.83,4395.60170,12.29786,9.21250,0.00000,4381.45000,0.00000,0.00000,0.00000,0.00000,0.00,0.00,0.00,0.00,0.00,0.00,0.00,"Loss: $0.00 (Max $50.00) | Losses: 0/Max 2","Loss: 0.00% / Max: 20.00%","DD: 0.00% / Max: 20.00% (HWM: $500.00)","BypassedInTester","ActiveSession",TRUE,TRUE,TRUE,TRUE,TRUE,TRUE,TRUE,TRUE,TRUE,FALSE,FALSE,TRUE,FALSE,FALSE,FALSE,FALSE,FALSE,FALSE,FALSE,"No M15 candle in shifts 2-4 touched above EMA20","",0,0,0,0.00000,0.00000,0.00000,0.00000,"",0.00,0.00
2026.09.01 14:00:00,2026.09.01 14:00:00,2026.09.01 14:00:00,"10****84",XAUUSD,108151,2026.09.01 13:45:00,SELL,4465.83259,4511.32905,28.44,4393.92820,12.21214,9.21250,0.00000,4378.03000,0.00000,0.00000,0.00000,0.00000,0.00,0.00,0.00,0.00,0.00,0.00,0.00,"Loss: $0.00 (Max $50.00) | Losses: 0/Max 2","Loss: 0.00% / Max: 20.00%","DD: 0.00% / Max: 20.00% (HWM: $500.00)","BypassedInTester","ActiveSession",TRUE,TRUE,TRUE,TRUE,TRUE,TRUE,TRUE,TRUE,TRUE,FALSE,FALSE,TRUE,FALSE,FALSE,FALSE,FALSE,FALSE,FALSE,FALSE,"No M15 candle in shifts 2-4 touched above EMA20","",0,0,0,0.00000,0.00000,0.00000,0.00000,"",0.00,0.00
2026.09.01 14:15:00,2026.09.01 14:15:00,2026.09.01 14:15:00,"10****84",XAUUSD,108151,2026.09.01 14:00:00,SELL,4465.83259,4511.32905,28.44,4392.33123,11.56714,9.21250,0.00000,4377.16000,0.00000,0.00000,0.00000,0.00000,0.00,0.00,0.00,0.00,0.00,0.00,0.00,"Loss: $0.00 (Max $50.00) | Losses: 0/Max 2","Loss: 0.00% / Max: 20.00%","DD: 0.00% / Max: 20.00% (HWM: $500.00)","BypassedInTester","ActiveSession",TRUE,TRUE,TRUE,TRUE,TRUE,TRUE,TRUE,TRUE,TRUE,FALSE,FALSE,TRUE,FALSE,FALSE,FALSE,FALSE,FALSE,FALSE,FALSE,"No M15 candle in shifts 2-4 touched above EMA20","",0,0,0,0.00000,0.00000,0.00000,0.00000,"",0.00,0.00
2026.09.01 14:30:00,2026.09.01 14:30:00,2026.09.01 14:30:00,"10****84",XAUUSD,108151,2026.09.01 14:15:00,SELL,4465.83259,4511.32905,28.44,4391.19873,11.61071,9.21250,0.00000,4380.44000,0.00000,0.00000,0.00000,0.00000,0.00,0.00,0.00,0.00,0.00,0.00,0.00,"Loss: $0.00 (Max $50.00) | Losses: 0/Max 2","Loss: 0.00% / Max: 20.00%","DD: 0.00% / Max: 20.00% (HWM: $500.00)","BypassedInTester","ActiveSession",TRUE,TRUE,TRUE,TRUE,TRUE,TRUE,TRUE,TRUE,TRUE,FALSE,FALSE,TRUE,FALSE,FALSE,FALSE,FALSE,FALSE,FALSE,FALSE,"No M15 candle in shifts 2-4 touched above EMA20","",0,0,0,0.00000,0.00000,0.00000,0.00000,"",0.00,0.00
2026.09.01 14:45:00,2026.09.01 14:45:00,2026.09.01 14:45:00,"10****84",XAUUSD,108151,2026.09.01 14:30:00,SELL,4465.83259,4511.32905,28.44,4390.51409,9.87571,9.21250,0.00000,4384.01000,0.00000,0.00000,0.00000,0.00000,0.00,0.00,0.00,0.00,0.00,0.00,0.00,"Loss: $0.00 (Max $50.00) | Losses: 0/Max 2","Loss: 0.00% / Max: 20.00%","DD: 0.00% / Max: 20.00% (HWM: $500.00)","BypassedInTester","ActiveSession",TRUE,TRUE,TRUE,TRUE,TRUE,TRUE,TRUE,TRUE,TRUE,FALSE,FALSE,TRUE,FALSE,FALSE,FALSE,FALSE,FALSE,FALSE,FALSE,"No M15 candle in shifts 2-4 touched above EMA20","",0,0,0,0.00000,0.00000,0.00000,0.00000,"",0.00,0.00
2026.09.01 15:00:00,2026.09.01 15:00:00,2026.09.01 15:00:00,"10****84",XAUUSD,108151,2026.09.01 14:45:00,SELL,4462.24582,4509.96627,29.25,4388.97656,9.24643,9.21250,0.00000,4374.37000,0.00000,0.00000,0.00000,0.00000,0.00,0.00,0.00,0.00,0.00,0.00,0.00,"Loss: $0.00 (Max $50.00) | Losses: 0/Max 2","Loss: 0.00% / Max: 20.00%","DD: 0.00% / Max: 20.00% (HWM: $500.00)","BypassedInTester","ActiveSession",TRUE,TRUE,TRUE,TRUE,TRUE,TRUE,TRUE,TRUE,TRUE,FALSE,FALSE,TRUE,FALSE,FALSE,FALSE,FALSE,FALSE,FALSE,FALSE,"No M15 candle in shifts 2-4 touched above EMA20","",0,0,0,0.00000,0.00000,0.00000,0.00000,"",0.00,0.00
2026.09.01 15:15:00,2026.09.01 15:15:00,2026.09.01 15:15:00,"10****84",XAUUSD,108151,2026.09.01 15:00:00,SELL,4462.24582,4509.96627,29.25,4387.25117,8.80571,9.23429,0.00000,4370.86000,0.00000,0.00000,0.00000,0.00000,0.00,0.00,0.00,0.00,0.00,0.00,0.00,"Loss: $0.00 (Max $50.00) | Losses: 0/Max 2","Loss: 0.00% / Max: 20.00%","DD: 0.00% / Max: 20.00% (HWM: $500.00)","BypassedInTester","ActiveSession",TRUE,TRUE,TRUE,TRUE,TRUE,TRUE,TRUE,TRUE,TRUE,FALSE,FALSE,TRUE,FALSE,FALSE,FALSE,FALSE,FALSE,FALSE,FALSE,"No M15 candle in shifts 2-4 touched above EMA20","",0,0,0,0.00000,0.00000,0.00000,0.00000,"",0.00,0.00
2026.09.01 15:30:00,2026.09.01 15:30:00,2026.09.01 15:30:00,"10****84",XAUUSD,108151,2026.09.01 15:15:00,SELL,4462.24582,4509.96627,29.25,4385.46058,8.86857,9.23429,0.00000,4368.45000,0.00000,0.00000,0.00000,0.00000,0.00,0.00,0.00,0.00,0.00,0.00,0.00,"Loss: $0.00 (Max $50.00) | Losses: 0/Max 2","Loss: 0.00% / Max: 20.00%","DD: 0.00% / Max: 20.00% (HWM: $500.00)","BypassedInTester","ActiveSession",TRUE,TRUE,TRUE,TRUE,TRUE,TRUE,TRUE,TRUE,TRUE,FALSE,FALSE,TRUE,FALSE,FALSE,FALSE,FALSE,FALSE,FALSE,FALSE,"No M15 candle in shifts 2-4 touched above EMA20","",0,0,0,0.00000,0.00000,0.00000,0.00000,"",0.00,0.00
2026.09.01 15:45:00,2026.09.01 15:45:00,2026.09.01 15:45:00,"10****84",XAUUSD,108151,2026.09.01 15:30:00,SELL,4462.24582,4509.96627,29.25,4383.47767,9.37857,9.14357,0.00000,4364.64000,0.00000,0.00000,0.00000,0.00000,0.00,0.00,0.00,0.00,0.00,0.00,0.00,"Loss: $0.00 (Max $50.00) | Losses: 0/Max 2","Loss: 0.00% / Max: 20.00%","DD: 0.00% / Max: 20.00% (HWM: $500.00)","BypassedInTester","ActiveSession",TRUE,TRUE,TRUE,TRUE,TRUE,TRUE,TRUE,TRUE,TRUE,FALSE,FALSE,TRUE,FALSE,FALSE,FALSE,FALSE,FALSE,FALSE,FALSE,"No M15 candle in shifts 2-4 touched above EMA20","",0,0,0,0.00000,0.00000,0.00000,0.00000,"",0.00,0.00
2026.09.01 16:00:00,2026.09.01 16:00:00,2026.09.01 16:00:00,"10****84",XAUUSD,108151,2026.09.01 15:45:00,NONE,0.00000,0.00000,0.00,0.00000,0.00000,0.00000,0.00000,0.00000,0.00000,0.00000,0.00000,0.00000,0.00,0.00,0.00,0.00,0.00,0.00,0.00,"","","","","OutsideUTCWindow",TRUE,TRUE,FALSE,FALSE,FALSE,FALSE,FALSE,FALSE,FALSE,FALSE,FALSE,FALSE,FALSE,FALSE,FALSE,FALSE,FALSE,FALSE,FALSE,"Outside UTC session (08:00 - 16:00 UTC, Current: 16:00)","",0,0,0,0.00000,0.00000,0.00000,0.00000,"",0.00,0.00
2026.09.01 16:15:00,2026.09.01 16:15:00,2026.09.01 16:15:00,"10****84",XAUUSD,108151,2026.09.01 16:00:00,NONE,0.00000,0.00000,0.00,0.00000,0.00000,0.00000,0.00000,0.00000,0.00000,0.00000,0.00000,0.00000,0.00,0.00,0.00,0.00,0.00,0.00,0.00,"","","","","OutsideUTCWindow",TRUE,TRUE,FALSE,FALSE,FALSE,FALSE,FALSE,FALSE,FALSE,FALSE,FALSE,FALSE,FALSE,FALSE,FALSE,FALSE,FALSE,FALSE,FALSE,"Outside UTC session (08:00 - 16:00 UTC, Current: 16:15)","",0,0,0,0.00000,0.00000,0.00000,0.00000,"",0.00,0.00
2026.09.01 16:30:00,2026.09.01 16:30:00,2026.09.01 16:30:00,"10****84",XAUUSD,108151,2026.09.01 16:15:00,NONE,0.00000,0.00000,0.00,0.00000,0.00000,0.00000,0.00000,0.00000,0.00000,0.00000,0.00000,0.00000,0.00,0.00,0.00,0.00,0.00,0.00,0.00,"","","","","OutsideUTCWindow",TRUE,TRUE,FALSE,FALSE,FALSE,FALSE,FALSE,FALSE,FALSE,FALSE,FALSE,FALSE,FALSE,FALSE,FALSE,FALSE,FALSE,FALSE,FALSE,"Outside UTC session (08:00 - 16:00 UTC, Current: 16:30)","",0,0,0,0.00000,0.00000,0.00000,0.00000,"",0.00,0.00
2026.09.01 16:45:00,2026.09.01 16:45:00,2026.09.01 16:45:00,"10****84",XAUUSD,108151,2026.09.01 16:30:00,NONE,0.00000,0.00000,0.00,0.00000,0.00000,0.00000,0.00000,0.00000,0.00000,0.00000,0.00000,0.00000,0.00,0.00,0.00,0.00,0.00,0.00,0.00,"","","","","OutsideUTCWindow",TRUE,TRUE,FALSE,FALSE,FALSE,FALSE,FALSE,FALSE,FALSE,FALSE,FALSE,FALSE,FALSE,FALSE,FALSE,FALSE,FALSE,FALSE,FALSE,"Outside UTC session (08:00 - 16:00 UTC, Current: 16:45)","",0,0,0,0.00000,0.00000,0.00000,0.00000,"",0.00,0.00
2026.09.01 17:00:00,2026.09.01 17:00:00,2026.09.01 17:00:00,"10****84",XAUUSD,108151,2026.09.01 16:45:00,NONE,0.00000,0.00000,0.00,0.00000,0.00000,0.00000,0.00000,0.00000,0.00000,0.00000,0.00000,0.00000,0.00,0.00,0.00,0.00,0.00,0.00,0.00,"","","","","OutsideUTCWindow",TRUE,TRUE,FALSE,FALSE,FALSE,FALSE,FALSE,FALSE,FALSE,FALSE,FALSE,FALSE,FALSE,FALSE,FALSE,FALSE,FALSE,FALSE,FALSE,"Outside UTC session (08:00 - 16:00 UTC, Current: 17:00)","",0,0,0,0.00000,0.00000,0.00000,0.00000,"",0.00,0.00
2026.09.01 17:15:00,2026.09.01 17:15:00,2026.09.01 17:15:00,"10****84",XAUUSD,108151,2026.09.01 17:00:00,NONE,0.00000,0.00000,0.00,0.00000,0.00000,0.00000,0.00000,0.00000,0.00000,0.00000,0.00000,0.00000,0.00,0.00,0.00,0.00,0.00,0.00,0.00,"","","","","OutsideUTCWindow",TRUE,TRUE,FALSE,FALSE,FALSE,FALSE,FALSE,FALSE,FALSE,FALSE,FALSE,FALSE,FALSE,FALSE,FALSE,FALSE,FALSE,FALSE,FALSE,"Outside UTC session (08:00 - 16:00 UTC, Current: 17:15)","",0,0,0,0.00000,0.00000,0.00000,0.00000,"",0.00,0.00
2026.09.01 17:30:00,2026.09.01 17:30:00,2026.09.01 17:30:00,"10****84",XAUUSD,108151,2026.09.01 17:15:00,NONE,0.00000,0.00000,0.00,0.00000,0.00000,0.00000,0.00000,0.00000,0.00000,0.00000,0.00000,0.00000,0.00,0.00,0.00,0.00,0.00,0.00,0.00,"","","","","OutsideUTCWindow",TRUE,TRUE,FALSE,FALSE,FALSE,FALSE,FALSE,FALSE,FALSE,FALSE,FALSE,FALSE,FALSE,FALSE,FALSE,FALSE,FALSE,FALSE,FALSE,"Outside UTC session (08:00 - 16:00 UTC, Current: 17:30)","",0,0,0,0.00000,0.00000,0.00000,0.00000,"",0.00,0.00
2026.09.01 17:45:00,2026.09.01 17:45:00,2026.09.01 17:45:00,"10****84",XAUUSD,108151,2026.09.01 17:30:00,NONE,0.00000,0.00000,0.00,0.00000,0.00000,0.00000,0.00000,0.00000,0.00000,0.00000,0.00000,0.00000,0.00,0.00,0.00,0.00,0.00,0.00,0.00,"","","","","OutsideUTCWindow",TRUE,TRUE,FALSE,FALSE,FALSE,FALSE,FALSE,FALSE,FALSE,FALSE,FALSE,FALSE,FALSE,FALSE,FALSE,FALSE,FALSE,FALSE,FALSE,"Outside UTC session (08:00 - 16:00 UTC, Current: 17:45)","",0,0,0,0.00000,0.00000,0.00000,0.00000,"",0.00,0.00
2026.09.01 18:00:00,2026.09.01 18:00:00,2026.09.01 18:00:00,"10****84",XAUUSD,108151,2026.09.01 17:45:00,NONE,0.00000,0.00000,0.00,0.00000,0.00000,0.00000,0.00000,0.00000,0.00000,0.00000,0.00000,0.00000,0.00,0.00,0.00,0.00,0.00,0.00,0.00,"","","","","OutsideUTCWindow",TRUE,TRUE,FALSE,FALSE,FALSE,FALSE,FALSE,FALSE,FALSE,FALSE,FALSE,FALSE,FALSE,FALSE,FALSE,FALSE,FALSE,FALSE,FALSE,"Outside UTC session (08:00 - 16:00 UTC, Current: 18:00)","",0,0,0,0.00000,0.00000,0.00000,0.00000,"",0.00,0.00
2026.09.01 18:15:00,2026.09.01 18:15:00,2026.09.01 18:15:00,"10****84",XAUUSD,108151,2026.09.01 18:00:00,NONE,0.00000,0.00000,0.00,0.00000,0.00000,0.00000,0.00000,0.00000,0.00000,0.00000,0.00000,0.00000,0.00,0.00,0.00,0.00,0.00,0.00,0.00,"","","","","OutsideUTCWindow",TRUE,TRUE,FALSE,FALSE,FALSE,FALSE,FALSE,FALSE,FALSE,FALSE,FALSE,FALSE,FALSE,FALSE,FALSE,FALSE,FALSE,FALSE,FALSE,"Outside UTC session (08:00 - 16:00 UTC, Current: 18:15)","",0,0,0,0.00000,0.00000,0.00000,0.00000,"",0.00,0.00
2026.09.01 18:30:00,2026.09.01 18:30:00,2026.09.01 18:30:00,"10****84",XAUUSD,108151,2026.09.01 18:15:00,NONE,0.00000,0.00000,0.00,0.00000,0.00000,0.00000,0.00000,0.00000,0.00000,0.00000,0.00000,0.00000,0.00,0.00,0.00,0.00,0.00,0.00,0.00,"","","","","OutsideUTCWindow",TRUE,TRUE,FALSE,FALSE,FALSE,FALSE,FALSE,FALSE,FALSE,FALSE,FALSE,FALSE,FALSE,FALSE,FALSE,FALSE,FALSE,FALSE,FALSE,"Outside UTC session (08:00 - 16:00 UTC, Current: 18:30)","",0,0,0,0.00000,0.00000,0.00000,0.00000,"",0.00,0.00
2026.09.01 18:45:00,2026.09.01 18:45:00,2026.09.01 18:45:00,"10****84",XAUUSD,108151,2026.09.01 18:30:00,NONE,0.00000,0.00000,0.00,0.00000,0.00000,0.00000,0.00000,0.00000,0.00000,0.00000,0.00000,0.00000,0.00,0.00,0.00,0.00,0.00,0.00,0.00,"","","","","OutsideUTCWindow",TRUE,TRUE,FALSE,FALSE,FALSE,FALSE,FALSE,FALSE,FALSE,FALSE,FALSE,FALSE,FALSE,FALSE,FALSE,FALSE,FALSE,FALSE,FALSE,"Outside UTC session (08:00 - 16:00 UTC, Current: 18:45)","",0,0,0,0.00000,0.00000,0.00000,0.00000,"",0.00,0.00
2026.09.01 19:00:00,2026.09.01 19:00:00,2026.09.01 19:00:00,"10****84",XAUUSD,108151,2026.09.01 18:45:00,NONE,0.00000,0.00000,0.00,0.00000,0.00000,0.00000,0.00000,0.00000,0.00000,0.00000,0.00000,0.00000,0.00,0.00,0.00,0.00,0.00,0.00,0.00,"","","","","OutsideUTCWindow",TRUE,TRUE,FALSE,FALSE,FALSE,FALSE,FALSE,FALSE,FALSE,FALSE,FALSE,FALSE,FALSE,FALSE,FALSE,FALSE,FALSE,FALSE,FALSE,"Outside UTC session (08:00 - 16:00 UTC, Current: 19:00)","",0,0,0,0.00000,0.00000,0.00000,0.00000,"",0.00,0.00
2026.09.01 19:15:00,2026.09.01 19:15:00,2026.09.01 19:15:00,"10****84",XAUUSD,108151,2026.09.01 19:00:00,NONE,0.00000,0.00000,0.00,0.00000,0.00000,0.00000,0.00000,0.00000,0.00000,0.00000,0.00000,0.00000,0.00,0.00,0.00,0.00,0.00,0.00,0.00,"","","","","OutsideUTCWindow",TRUE,TRUE,FALSE,FALSE,FALSE,FALSE,FALSE,FALSE,FALSE,FALSE,FALSE,FALSE,FALSE,FALSE,FALSE,FALSE,FALSE,FALSE,FALSE,"Outside UTC session (08:00 - 16:00 UTC, Current: 19:15)","",0,0,0,0.00000,0.00000,0.00000,0.00000,"",0.00,0.00
2026.09.01 19:30:00,2026.09.01 19:30:00,2026.09.01 19:30:00,"10****84",XAUUSD,108151,2026.09.01 19:15:00,NONE,0.00000,0.00000,0.00,0.00000,0.00000,0.00000,0.00000,0.00000,0.00000,0.00000,0.00000,0.00000,0.00,0.00,0.00,0.00,0.00,0.00,0.00,"","","","","OutsideUTCWindow",TRUE,TRUE,FALSE,FALSE,FALSE,FALSE,FALSE,FALSE,FALSE,FALSE,FALSE,FALSE,FALSE,FALSE,FALSE,FALSE,FALSE,FALSE,FALSE,"Outside UTC session (08:00 - 16:00 UTC, Current: 19:30)","",0,0,0,0.00000,0.00000,0.00000,0.00000,"",0.00,0.00
2026.09.01 19:45:00,2026.09.01 19:45:00,2026.09.01 19:45:00,"10****84",XAUUSD,108151,2026.09.01 19:30:00,NONE,0.00000,0.00000,0.00,0.00000,0.00000,0.00000,0.00000,0.00000,0.00000,0.00000,0.00000,0.00000,0.00,0.00,0.00,0.00,0.00,0.00,0.00,"","","","","OutsideUTCWindow",TRUE,TRUE,FALSE,FALSE,FALSE,FALSE,FALSE,FALSE,FALSE,FALSE,FALSE,FALSE,FALSE,FALSE,FALSE,FALSE,FALSE,FALSE,FALSE,"Outside UTC session (08:00 - 16:00 UTC, Current: 19:45)","",0,0,0,0.00000,0.00000,0.00000,0.00000,"",0.00,0.00
2026.09.01 20:00:00,2026.09.01 20:00:00,2026.09.01 20:00:00,"10****84",XAUUSD,108151,2026.09.01 19:45:00,NONE,0.00000,0.00000,0.00,0.00000,0.00000,0.00000,0.00000,0.00000,0.00000,0.00000,0.00000,0.00000,0.00,0.00,0.00,0.00,0.00,0.00,0.00,"","","","","OutsideUTCWindow",TRUE,TRUE,FALSE,FALSE,FALSE,FALSE,FALSE,FALSE,FALSE,FALSE,FALSE,FALSE,FALSE,FALSE,FALSE,FALSE,FALSE,FALSE,FALSE,"Outside UTC session (08:00 - 16:00 UTC, Current: 20:00)","",0,0,0,0.00000,0.00000,0.00000,0.00000,"",0.00,0.00
2026.09.01 20:15:00,2026.09.01 20:15:00,2026.09.01 20:15:00,"10****84",XAUUSD,108151,2026.09.01 20:00:00,NONE,0.00000,0.00000,0.00,0.00000,0.00000,0.00000,0.00000,0.00000,0.00000,0.00000,0.00000,0.00000,0.00,0.00,0.00,0.00,0.00,0.00,0.00,"","","","","OutsideUTCWindow",TRUE,TRUE,FALSE,FALSE,FALSE,FALSE,FALSE,FALSE,FALSE,FALSE,FALSE,FALSE,FALSE,FALSE,FALSE,FALSE,FALSE,FALSE,FALSE,"Outside UTC session (08:00 - 16:00 UTC, Current: 20:15)","",0,0,0,0.00000,0.00000,0.00000,0.00000,"",0.00,0.00
2026.09.01 20:30:00,2026.09.01 20:30:00,2026.09.01 20:30:00,"10****84",XAUUSD,108151,2026.09.01 20:15:00,NONE,0.00000,0.00000,0.00,0.00000,0.00000,0.00000,0.00000,0.00000,0.00000,0.00000,0.00000,0.00000,0.00,0.00,0.00,0.00,0.00,0.00,0.00,"","","","","OutsideUTCWindow",TRUE,TRUE,FALSE,FALSE,FALSE,FALSE,FALSE,FALSE,FALSE,FALSE,FALSE,FALSE,FALSE,FALSE,FALSE,FALSE,FALSE,FALSE,FALSE,"Outside UTC session (08:00 - 16:00 UTC, Current: 20:30)","",0,0,0,0.00000,0.00000,0.00000,0.00000,"",0.00,0.00
2026.09.01 20:45:00,2026.09.01 20:45:00,2026.09.01 20:45:00,"10****84",XAUUSD,108151,2026.09.01 20:30:00,NONE,0.00000,0.00000,0.00,0.00000,0.00000,0.00000,0.00000,0.00000,0.00000,0.00000,0.00000,0.00000,0.00,0.00,0.00,0.00,0.00,0.00,0.00,"","","","","OutsideUTCWindow",TRUE,TRUE,FALSE,FALSE,FALSE,FALSE,FALSE,FALSE,FALSE,FALSE,FALSE,FALSE,FALSE,FALSE,FALSE,FALSE,FALSE,FALSE,FALSE,"Outside UTC session (08:00 - 16:00 UTC, Current: 20:45)","",0,0,0,0.00000,0.00000,0.00000,0.00000,"",0.00,0.00
2026.09.01 21:00:00,2026.09.01 21:00:00,2026.09.01 21:00:00,"10****84",XAUUSD,108151,2026.09.01 20:45:00,NONE,0.00000,0.00000,0.00,0.00000,0.00000,0.00000,0.00000,0.00000,0.00000,0.00000,0.00000,0.00000,0.00,0.00,0.00,0.00,0.00,0.00,0.00,"","","","","OutsideUTCWindow",TRUE,TRUE,FALSE,FALSE,FALSE,FALSE,FALSE,FALSE,FALSE,FALSE,FALSE,FALSE,FALSE,FALSE,FALSE,FALSE,FALSE,FALSE,FALSE,"Outside UTC session (08:00 - 16:00 UTC, Current: 21:00)","",0,0,0,0.00000,0.00000,0.00000,0.00000,"",0.00,0.00
2026.09.01 21:15:00,2026.09.01 21:15:00,2026.09.01 21:15:00,"10****84",XAUUSD,108151,2026.09.01 21:00:00,NONE,0.00000,0.00000,0.00,0.00000,0.00000,0.00000,0.00000,0.00000,0.00000,0.00000,0.00000,0.00000,0.00,0.00,0.00,0.00,0.00,0.00,0.00,"","","","","OutsideUTCWindow",TRUE,TRUE,FALSE,FALSE,FALSE,FALSE,FALSE,FALSE,FALSE,FALSE,FALSE,FALSE,FALSE,FALSE,FALSE,FALSE,FALSE,FALSE,FALSE,"Outside UTC session (08:00 - 16:00 UTC, Current: 21:15)","",0,0,0,0.00000,0.00000,0.00000,0.00000,"",0.00,0.00
2026.09.01 21:30:00,2026.09.01 21:30:00,2026.09.01 21:30:00,"10****84",XAUUSD,108151,2026.09.01 21:15:00,NONE,0.00000,0.00000,0.00,0.00000,0.00000,0.00000,0.00000,0.00000,0.00000,0.00000,0.00000,0.00000,0.00,0.00,0.00,0.00,0.00,0.00,0.00,"","","","","OutsideUTCWindow",TRUE,TRUE,FALSE,FALSE,FALSE,FALSE,FALSE,FALSE,FALSE,FALSE,FALSE,FALSE,FALSE,FALSE,FALSE,FALSE,FALSE,FALSE,FALSE,"Outside UTC session (08:00 - 16:00 UTC, Current: 21:30)","",0,0,0,0.00000,0.00000,0.00000,0.00000,"",0.00,0.00
2026.09.01 21:45:00,2026.09.01 21:45:00,2026.09.01 21:45:00,"10****84",XAUUSD,108151,2026.09.01 21:30:00,NONE,0.00000,0.00000,0.00,0.00000,0.00000,0.00000,0.00000,0.00000,0.00000,0.00000,0.00000,0.00000,0.00,0.00,0.00,0.00,0.00,0.00,0.00,"","","","","OutsideUTCWindow",TRUE,TRUE,FALSE,FALSE,FALSE,FALSE,FALSE,FALSE,FALSE,FALSE,FALSE,FALSE,FALSE,FALSE,FALSE,FALSE,FALSE,FALSE,FALSE,"Outside UTC session (08:00 - 16:00 UTC, Current: 21:45)","",0,0,0,0.00000,0.00000,0.00000,0.00000,"",0.00,0.00
2026.09.01 22:00:00,2026.09.01 22:00:00,2026.09.01 22:00:00,"10****84",XAUUSD,108151,2026.09.01 21:45:00,NONE,0.00000,0.00000,0.00,0.00000,0.00000,0.00000,0.00000,0.00000,0.00000,0.00000,0.00000,0.00000,0.00,0.00,0.00,0.00,0.00,0.00,0.00,"","","","","OutsideUTCWindow",TRUE,TRUE,FALSE,FALSE,FALSE,FALSE,FALSE,FALSE,FALSE,FALSE,FALSE,FALSE,FALSE,FALSE,FALSE,FALSE,FALSE,FALSE,FALSE,"Outside UTC session (08:00 - 16:00 UTC, Current: 22:00)","",0,0,0,0.00000,0.00000,0.00000,0.00000,"",0.00,0.00
2026.09.01 22:15:00,2026.09.01 22:15:00,2026.09.01 22:15:00,"10****84",XAUUSD,108151,2026.09.01 22:00:00,NONE,0.00000,0.00000,0.00,0.00000,0.00000,0.00000,0.00000,0.00000,0.00000,0.00000,0.00000,0.00000,0.00,0.00,0.00,0.00,0.00,0.00,0.00,"","","","","OutsideUTCWindow",TRUE,TRUE,FALSE,FALSE,FALSE,FALSE,FALSE,FALSE,FALSE,FALSE,FALSE,FALSE,FALSE,FALSE,FALSE,FALSE,FALSE,FALSE,FALSE,"Outside UTC session (08:00 - 16:00 UTC, Current: 22:15)","",0,0,0,0.00000,0.00000,0.00000,0.00000,"",0.00,0.00
2026.09.01 22:30:00,2026.09.01 22:30:00,2026.09.01 22:30:00,"10****84",XAUUSD,108151,2026.09.01 22:15:00,NONE,0.00000,0.00000,0.00,0.00000,0.00000,0.00000,0.00000,0.00000,0.00000,0.00000,0.00000,0.00000,0.00,0.00,0.00,0.00,0.00,0.00,0.00,"","","","","OutsideUTCWindow",TRUE,TRUE,FALSE,FALSE,FALSE,FALSE,FALSE,FALSE,FALSE,FALSE,FALSE,FALSE,FALSE,FALSE,FALSE,FALSE,FALSE,FALSE,FALSE,"Outside UTC session (08:00 - 16:00 UTC, Current: 22:30)","",0,0,0,0.00000,0.00000,0.00000,0.00000,"",0.00,0.00
2026.09.01 22:45:00,2026.09.01 22:45:00,2026.09.01 22:45:00,"10****84",XAUUSD,108151,2026.09.01 22:30:00,NONE,0.00000,0.00000,0.00,0.00000,0.00000,0.00000,0.00000,0.00000,0.00000,0.00000,0.00000,0.00000,0.00,0.00,0.00,0.00,0.00,0.00,0.00,"","","","","OutsideUTCWindow",TRUE,TRUE,FALSE,FALSE,FALSE,FALSE,FALSE,FALSE,FALSE,FALSE,FALSE,FALSE,FALSE,FALSE,FALSE,FALSE,FALSE,FALSE,FALSE,"Outside UTC session (08:00 - 16:00 UTC, Current: 22:45)","",0,0,0,0.00000,0.00000,0.00000,0.00000,"",0.00,0.00
2026.09.02 01:00:00,2026.09.02 01:00:00,2026.09.02 01:00:00,"10****84",XAUUSD,108151,2026.09.01 22:45:00,NONE,0.00000,0.00000,0.00,0.00000,0.00000,0.00000,0.00000,0.00000,0.00000,0.00000,0.00000,0.00000,0.00,0.00,0.00,0.00,0.00,0.00,0.00,"","","","","OutsideUTCWindow",TRUE,TRUE,FALSE,FALSE,FALSE,FALSE,FALSE,FALSE,FALSE,FALSE,FALSE,FALSE,FALSE,FALSE,FALSE,FALSE,FALSE,FALSE,FALSE,"Outside UTC session (08:00 - 16:00 UTC, Current: 01:00)","",0,0,0,0.00000,0.00000,0.00000,0.00000,"",0.00,0.00
2026.09.02 01:15:00,2026.09.02 01:15:00,2026.09.02 01:15:00,"10****84",XAUUSD,108151,2026.09.02 01:00:00,NONE,0.00000,0.00000,0.00,0.00000,0.00000,0.00000,0.00000,0.00000,0.00000,0.00000,0.00000,0.00000,0.00,0.00,0.00,0.00,0.00,0.00,0.00,"","","","","OutsideUTCWindow",TRUE,TRUE,FALSE,FALSE,FALSE,FALSE,FALSE,FALSE,FALSE,FALSE,FALSE,FALSE,FALSE,FALSE,FALSE,FALSE,FALSE,FALSE,FALSE,"Outside UTC session (08:00 - 16:00 UTC, Current: 01:15)","",0,0,0,0.00000,0.00000,0.00000,0.00000,"",0.00,0.00
2026.09.02 01:30:00,2026.09.02 01:30:00,2026.09.02 01:30:00,"10****84",XAUUSD,108151,2026.09.02 01:15:00,NONE,0.00000,0.00000,0.00,0.00000,0.00000,0.00000,0.00000,0.00000,0.00000,0.00000,0.00000,0.00000,0.00,0.00,0.00,0.00,0.00,0.00,0.00,"","","","","OutsideUTCWindow",TRUE,TRUE,FALSE,FALSE,FALSE,FALSE,FALSE,FALSE,FALSE,FALSE,FALSE,FALSE,FALSE,FALSE,FALSE,FALSE,FALSE,FALSE,FALSE,"Outside UTC session (08:00 - 16:00 UTC, Current: 01:30)","",0,0,0,0.00000,0.00000,0.00000,0.00000,"",0.00,0.00
2026.09.02 01:45:00,2026.09.02 01:45:00,2026.09.02 01:45:00,"10****84",XAUUSD,108151,2026.09.02 01:30:00,NONE,0.00000,0.00000,0.00,0.00000,0.00000,0.00000,0.00000,0.00000,0.00000,0.00000,0.00000,0.00000,0.00,0.00,0.00,0.00,0.00,0.00,0.00,"","","","","OutsideUTCWindow",TRUE,TRUE,FALSE,FALSE,FALSE,FALSE,FALSE,FALSE,FALSE,FALSE,FALSE,FALSE,FALSE,FALSE,FALSE,FALSE,FALSE,FALSE,FALSE,"Outside UTC session (08:00 - 16:00 UTC, Current: 01:45)","",0,0,0,0.00000,0.00000,0.00000,0.00000,"",0.00,0.00
2026.09.02 02:00:00,2026.09.02 02:00:00,2026.09.02 02:00:00,"10****84",XAUUSD,108151,2026.09.02 01:45:00,NONE,0.00000,0.00000,0.00,0.00000,0.00000,0.00000,0.00000,0.00000,0.00000,0.00000,0.00000,0.00000,0.00,0.00,0.00,0.00,0.00,0.00,0.00,"","","","","OutsideUTCWindow",TRUE,TRUE,FALSE,FALSE,FALSE,FALSE,FALSE,FALSE,FALSE,FALSE,FALSE,FALSE,FALSE,FALSE,FALSE,FALSE,FALSE,FALSE,FALSE,"Outside UTC session (08:00 - 16:00 UTC, Current: 02:00)","",0,0,0,0.00000,0.00000,0.00000,0.00000,"",0.00,0.00
2026.09.02 02:15:00,2026.09.02 02:15:00,2026.09.02 02:15:00,"10****84",XAUUSD,108151,2026.09.02 02:00:00,NONE,0.00000,0.00000,0.00,0.00000,0.00000,0.00000,0.00000,0.00000,0.00000,0.00000,0.00000,0.00000,0.00,0.00,0.00,0.00,0.00,0.00,0.00,"","","","","OutsideUTCWindow",TRUE,TRUE,FALSE,FALSE,FALSE,FALSE,FALSE,FALSE,FALSE,FALSE,FALSE,FALSE,FALSE,FALSE,FALSE,FALSE,FALSE,FALSE,FALSE,"Outside UTC session (08:00 - 16:00 UTC, Current: 02:15)","",0,0,0,0.00000,0.00000,0.00000,0.00000,"",0.00,0.00
2026.09.02 02:30:00,2026.09.02 02:30:00,2026.09.02 02:30:00,"10****84",XAUUSD,108151,2026.09.02 02:15:00,NONE,0.00000,0.00000,0.00,0.00000,0.00000,0.00000,0.00000,0.00000,0.00000,0.00000,0.00000,0.00000,0.00,0.00,0.00,0.00,0.00,0.00,0.00,"","","","","OutsideUTCWindow",TRUE,TRUE,FALSE,FALSE,FALSE,FALSE,FALSE,FALSE,FALSE,FALSE,FALSE,FALSE,FALSE,FALSE,FALSE,FALSE,FALSE,FALSE,FALSE,"Outside UTC session (08:00 - 16:00 UTC, Current: 02:30)","",0,0,0,0.00000,0.00000,0.00000,0.00000,"",0.00,0.00
2026.09.02 02:45:00,2026.09.02 02:45:00,2026.09.02 02:45:00,"10****84",XAUUSD,108151,2026.09.02 02:30:00,NONE,0.00000,0.00000,0.00,0.00000,0.00000,0.00000,0.00000,0.00000,0.00000,0.00000,0.00000,0.00000,0.00,0.00,0.00,0.00,0.00,0.00,0.00,"","","","","OutsideUTCWindow",TRUE,TRUE,FALSE,FALSE,FALSE,FALSE,FALSE,FALSE,FALSE,FALSE,FALSE,FALSE,FALSE,FALSE,FALSE,FALSE,FALSE,FALSE,FALSE,"Outside UTC session (08:00 - 16:00 UTC, Current: 02:45)","",0,0,0,0.00000,0.00000,0.00000,0.00000,"",0.00,0.00
2026.09.02 03:00:00,2026.09.02 03:00:00,2026.09.02 03:00:00,"10****84",XAUUSD,108151,2026.09.02 02:45:00,NONE,0.00000,0.00000,0.00,0.00000,0.00000,0.00000,0.00000,0.00000,0.00000,0.00000,0.00000,0.00000,0.00,0.00,0.00,0.00,0.00,0.00,0.00,"","","","","OutsideUTCWindow",TRUE,TRUE,FALSE,FALSE,FALSE,FALSE,FALSE,FALSE,FALSE,FALSE,FALSE,FALSE,FALSE,FALSE,FALSE,FALSE,FALSE,FALSE,FALSE,"Outside UTC session (08:00 - 16:00 UTC, Current: 03:00)","",0,0,0,0.00000,0.00000,0.00000,0.00000,"",0.00,0.00
2026.09.02 03:15:00,2026.09.02 03:15:00,2026.09.02 03:15:00,"10****84",XAUUSD,108151,2026.09.02 03:00:00,NONE,0.00000,0.00000,0.00,0.00000,0.00000,0.00000,0.00000,0.00000,0.00000,0.00000,0.00000,0.00000,0.00,0.00,0.00,0.00,0.00,0.00,0.00,"","","","","OutsideUTCWindow",TRUE,TRUE,FALSE,FALSE,FALSE,FALSE,FALSE,FALSE,FALSE,FALSE,FALSE,FALSE,FALSE,FALSE,FALSE,FALSE,FALSE,FALSE,FALSE,"Outside UTC session (08:00 - 16:00 UTC, Current: 03:15)","",0,0,0,0.00000,0.00000,0.00000,0.00000,"",0.00,0.00
2026.09.02 03:30:00,2026.09.02 03:30:00,2026.09.02 03:30:00,"10****84",XAUUSD,108151,2026.09.02 03:15:00,NONE,0.00000,0.00000,0.00,0.00000,0.00000,0.00000,0.00000,0.00000,0.00000,0.00000,0.00000,0.00000,0.00,0.00,0.00,0.00,0.00,0.00,0.00,"","","","","OutsideUTCWindow",TRUE,TRUE,FALSE,FALSE,FALSE,FALSE,FALSE,FALSE,FALSE,FALSE,FALSE,FALSE,FALSE,FALSE,FALSE,FALSE,FALSE,FALSE,FALSE,"Outside UTC session (08:00 - 16:00 UTC, Current: 03:30)","",0,0,0,0.00000,0.00000,0.00000,0.00000,"",0.00,0.00
2026.09.02 03:45:00,2026.09.02 03:45:00,2026.09.02 03:45:00,"10****84",XAUUSD,108151,2026.09.02 03:30:00,NONE,0.00000,0.00000,0.00,0.00000,0.00000,0.00000,0.00000,0.00000,0.00000,0.00000,0.00000,0.00000,0.00,0.00,0.00,0.00,0.00,0.00,0.00,"","","","","OutsideUTCWindow",TRUE,TRUE,FALSE,FALSE,FALSE,FALSE,FALSE,FALSE,FALSE,FALSE,FALSE,FALSE,FALSE,FALSE,FALSE,FALSE,FALSE,FALSE,FALSE,"Outside UTC session (08:00 - 16:00 UTC, Current: 03:45)","",0,0,0,0.00000,0.00000,0.00000,0.00000,"",0.00,0.00
2026.09.02 04:00:00,2026.09.02 04:00:00,2026.09.02 04:00:00,"10****84",XAUUSD,108151,2026.09.02 03:45:00,NONE,0.00000,0.00000,0.00,0.00000,0.00000,0.00000,0.00000,0.00000,0.00000,0.00000,0.00000,0.00000,0.00,0.00,0.00,0.00,0.00,0.00,0.00,"","","","","OutsideUTCWindow",TRUE,TRUE,FALSE,FALSE,FALSE,FALSE,FALSE,FALSE,FALSE,FALSE,FALSE,FALSE,FALSE,FALSE,FALSE,FALSE,FALSE,FALSE,FALSE,"Outside UTC session (08:00 - 16:00 UTC, Current: 04:00)","",0,0,0,0.00000,0.00000,0.00000,0.00000,"",0.00,0.00
2026.09.02 04:15:00,2026.09.02 04:15:00,2026.09.02 04:15:00,"10****84",XAUUSD,108151,2026.09.02 04:00:00,NONE,0.00000,0.00000,0.00,0.00000,0.00000,0.00000,0.00000,0.00000,0.00000,0.00000,0.00000,0.00000,0.00,0.00,0.00,0.00,0.00,0.00,0.00,"","","","","OutsideUTCWindow",TRUE,TRUE,FALSE,FALSE,FALSE,FALSE,FALSE,FALSE,FALSE,FALSE,FALSE,FALSE,FALSE,FALSE,FALSE,FALSE,FALSE,FALSE,FALSE,"Outside UTC session (08:00 - 16:00 UTC, Current: 04:15)","",0,0,0,0.00000,0.00000,0.00000,0.00000,"",0.00,0.00
2026.09.02 04:30:00,2026.09.02 04:30:00,2026.09.02 04:30:00,"10****84",XAUUSD,108151,2026.09.02 04:15:00,NONE,0.00000,0.00000,0.00,0.00000,0.00000,0.00000,0.00000,0.00000,0.00000,0.00000,0.00000,0.00000,0.00,0.00,0.00,0.00,0.00,0.00,0.00,"","","","","OutsideUTCWindow",TRUE,TRUE,FALSE,FALSE,FALSE,FALSE,FALSE,FALSE,FALSE,FALSE,FALSE,FALSE,FALSE,FALSE,FALSE,FALSE,FALSE,FALSE,FALSE,"Outside UTC session (08:00 - 16:00 UTC, Current: 04:30)","",0,0,0,0.00000,0.00000,0.00000,0.00000,"",0.00,0.00
2026.09.02 04:45:00,2026.09.02 04:45:00,2026.09.02 04:45:00,"10****84",XAUUSD,108151,2026.09.02 04:30:00,NONE,0.00000,0.00000,0.00,0.00000,0.00000,0.00000,0.00000,0.00000,0.00000,0.00000,0.00000,0.00000,0.00,0.00,0.00,0.00,0.00,0.00,0.00,"","","","","OutsideUTCWindow",TRUE,TRUE,FALSE,FALSE,FALSE,FALSE,FALSE,FALSE,FALSE,FALSE,FALSE,FALSE,FALSE,FALSE,FALSE,FALSE,FALSE,FALSE,FALSE,"Outside UTC session (08:00 - 16:00 UTC, Current: 04:45)","",0,0,0,0.00000,0.00000,0.00000,0.00000,"",0.00,0.00
2026.09.02 05:00:00,2026.09.02 05:00:00,2026.09.02 05:00:00,"10****84",XAUUSD,108151,2026.09.02 04:45:00,NONE,0.00000,0.00000,0.00,0.00000,0.00000,0.00000,0.00000,0.00000,0.00000,0.00000,0.00000,0.00000,0.00,0.00,0.00,0.00,0.00,0.00,0.00,"","","","","OutsideUTCWindow",TRUE,TRUE,FALSE,FALSE,FALSE,FALSE,FALSE,FALSE,FALSE,FALSE,FALSE,FALSE,FALSE,FALSE,FALSE,FALSE,FALSE,FALSE,FALSE,"Outside UTC session (08:00 - 16:00 UTC, Current: 05:00)","",0,0,0,0.00000,0.00000,0.00000,0.00000,"",0.00,0.00
2026.09.02 05:15:00,2026.09.02 05:15:00,2026.09.02 05:15:00,"10****84",XAUUSD,108151,2026.09.02 05:00:00,NONE,0.00000,0.00000,0.00,0.00000,0.00000,0.00000,0.00000,0.00000,0.00000,0.00000,0.00000,0.00000,0.00,0.00,0.00,0.00,0.00,0.00,0.00,"","","","","OutsideUTCWindow",TRUE,TRUE,FALSE,FALSE,FALSE,FALSE,FALSE,FALSE,FALSE,FALSE,FALSE,FALSE,FALSE,FALSE,FALSE,FALSE,FALSE,FALSE,FALSE,"Outside UTC session (08:00 - 16:00 UTC, Current: 05:15)","",0,0,0,0.00000,0.00000,0.00000,0.00000,"",0.00,0.00
2026.09.02 05:30:00,2026.09.02 05:30:00,2026.09.02 05:30:00,"10****84",XAUUSD,108151,2026.09.02 05:15:00,NONE,0.00000,0.00000,0.00,0.00000,0.00000,0.00000,0.00000,0.00000,0.00000,0.00000,0.00000,0.00000,0.00,0.00,0.00,0.00,0.00,0.00,0.00,"","","","","OutsideUTCWindow",TRUE,TRUE,FALSE,FALSE,FALSE,FALSE,FALSE,FALSE,FALSE,FALSE,FALSE,FALSE,FALSE,FALSE,FALSE,FALSE,FALSE,FALSE,FALSE,"Outside UTC session (08:00 - 16:00 UTC, Current: 05:30)","",0,0,0,0.00000,0.00000,0.00000,0.00000,"",0.00,0.00
2026.09.02 05:45:00,2026.09.02 05:45:00,2026.09.02 05:45:00,"10****84",XAUUSD,108151,2026.09.02 05:30:00,NONE,0.00000,0.00000,0.00,0.00000,0.00000,0.00000,0.00000,0.00000,0.00000,0.00000,0.00000,0.00000,0.00,0.00,0.00,0.00,0.00,0.00,0.00,"","","","","OutsideUTCWindow",TRUE,TRUE,FALSE,FALSE,FALSE,FALSE,FALSE,FALSE,FALSE,FALSE,FALSE,FALSE,FALSE,FALSE,FALSE,FALSE,FALSE,FALSE,FALSE,"Outside UTC session (08:00 - 16:00 UTC, Current: 05:45)","",0,0,0,0.00000,0.00000,0.00000,0.00000,"",0.00,0.00
2026.09.02 06:00:00,2026.09.02 06:00:00,2026.09.02 06:00:00,"10****84",XAUUSD,108151,2026.09.02 05:45:00,NONE,0.00000,0.00000,0.00,0.00000,0.00000,0.00000,0.00000,0.00000,0.00000,0.00000,0.00000,0.00000,0.00,0.00,0.00,0.00,0.00,0.00,0.00,"","","","","OutsideUTCWindow",TRUE,TRUE,FALSE,FALSE,FALSE,FALSE,FALSE,FALSE,FALSE,FALSE,FALSE,FALSE,FALSE,FALSE,FALSE,FALSE,FALSE,FALSE,FALSE,"Outside UTC session (08:00 - 16:00 UTC, Current: 06:00)","",0,0,0,0.00000,0.00000,0.00000,0.00000,"",0.00,0.00
2026.09.02 06:15:00,2026.09.02 06:15:00,2026.09.02 06:15:00,"10****84",XAUUSD,108151,2026.09.02 06:00:00,NONE,0.00000,0.00000,0.00,0.00000,0.00000,0.00000,0.00000,0.00000,0.00000,0.00000,0.00000,0.00000,0.00,0.00,0.00,0.00,0.00,0.00,0.00,"","","","","OutsideUTCWindow",TRUE,TRUE,FALSE,FALSE,FALSE,FALSE,FALSE,FALSE,FALSE,FALSE,FALSE,FALSE,FALSE,FALSE,FALSE,FALSE,FALSE,FALSE,FALSE,"Outside UTC session (08:00 - 16:00 UTC, Current: 06:15)","",0,0,0,0.00000,0.00000,0.00000,0.00000,"",0.00,0.00
2026.09.02 06:30:00,2026.09.02 06:30:00,2026.09.02 06:30:00,"10****84",XAUUSD,108151,2026.09.02 06:15:00,NONE,0.00000,0.00000,0.00,0.00000,0.00000,0.00000,0.00000,0.00000,0.00000,0.00000,0.00000,0.00000,0.00,0.00,0.00,0.00,0.00,0.00,0.00,"","","","","OutsideUTCWindow",TRUE,TRUE,FALSE,FALSE,FALSE,FALSE,FALSE,FALSE,FALSE,FALSE,FALSE,FALSE,FALSE,FALSE,FALSE,FALSE,FALSE,FALSE,FALSE,"Outside UTC session (08:00 - 16:00 UTC, Current: 06:30)","",0,0,0,0.00000,0.00000,0.00000,0.00000,"",0.00,0.00
2026.09.02 06:45:00,2026.09.02 06:45:00,2026.09.02 06:45:00,"10****84",XAUUSD,108151,2026.09.02 06:30:00,NONE,0.00000,0.00000,0.00,0.00000,0.00000,0.00000,0.00000,0.00000,0.00000,0.00000,0.00000,0.00000,0.00,0.00,0.00,0.00,0.00,0.00,0.00,"","","","","OutsideUTCWindow",TRUE,TRUE,FALSE,FALSE,FALSE,FALSE,FALSE,FALSE,FALSE,FALSE,FALSE,FALSE,FALSE,FALSE,FALSE,FALSE,FALSE,FALSE,FALSE,"Outside UTC session (08:00 - 16:00 UTC, Current: 06:45)","",0,0,0,0.00000,0.00000,0.00000,0.00000,"",0.00,0.00
2026.09.02 07:00:00,2026.09.02 07:00:00,2026.09.02 07:00:00,"10****84",XAUUSD,108151,2026.09.02 06:45:00,NONE,0.00000,0.00000,0.00,0.00000,0.00000,0.00000,0.00000,0.00000,0.00000,0.00000,0.00000,0.00000,0.00,0.00,0.00,0.00,0.00,0.00,0.00,"","","","","OutsideUTCWindow",TRUE,TRUE,FALSE,FALSE,FALSE,FALSE,FALSE,FALSE,FALSE,FALSE,FALSE,FALSE,FALSE,FALSE,FALSE,FALSE,FALSE,FALSE,FALSE,"Outside UTC session (08:00 - 16:00 UTC, Current: 07:00)","",0,0,0,0.00000,0.00000,0.00000,0.00000,"",0.00,0.00
2026.09.02 07:15:00,2026.09.02 07:15:00,2026.09.02 07:15:00,"10****84",XAUUSD,108151,2026.09.02 07:00:00,NONE,0.00000,0.00000,0.00,0.00000,0.00000,0.00000,0.00000,0.00000,0.00000,0.00000,0.00000,0.00000,0.00,0.00,0.00,0.00,0.00,0.00,0.00,"","","","","OutsideUTCWindow",TRUE,TRUE,FALSE,FALSE,FALSE,FALSE,FALSE,FALSE,FALSE,FALSE,FALSE,FALSE,FALSE,FALSE,FALSE,FALSE,FALSE,FALSE,FALSE,"Outside UTC session (08:00 - 16:00 UTC, Current: 07:15)","",0,0,0,0.00000,0.00000,0.00000,0.00000,"",0.00,0.00
2026.09.02 07:30:00,2026.09.02 07:30:00,2026.09.02 07:30:00,"10****84",XAUUSD,108151,2026.09.02 07:15:00,NONE,0.00000,0.00000,0.00,0.00000,0.00000,0.00000,0.00000,0.00000,0.00000,0.00000,0.00000,0.00000,0.00,0.00,0.00,0.00,0.00,0.00,0.00,"","","","","OutsideUTCWindow",TRUE,TRUE,FALSE,FALSE,FALSE,FALSE,FALSE,FALSE,FALSE,FALSE,FALSE,FALSE,FALSE,FALSE,FALSE,FALSE,FALSE,FALSE,FALSE,"Outside UTC session (08:00 - 16:00 UTC, Current: 07:30)","",0,0,0,0.00000,0.00000,0.00000,0.00000,"",0.00,0.00
2026.09.02 07:45:00,2026.09.02 07:45:00,2026.09.02 07:45:00,"10****84",XAUUSD,108151,2026.09.02 07:30:00,NONE,0.00000,0.00000,0.00,0.00000,0.00000,0.00000,0.00000,0.00000,0.00000,0.00000,0.00000,0.00000,0.00,0.00,0.00,0.00,0.00,0.00,0.00,"","","","","OutsideUTCWindow",TRUE,TRUE,FALSE,FALSE,FALSE,FALSE,FALSE,FALSE,FALSE,FALSE,FALSE,FALSE,FALSE,FALSE,FALSE,FALSE,FALSE,FALSE,FALSE,"Outside UTC session (08:00 - 16:00 UTC, Current: 07:45)","",0,0,0,0.00000,0.00000,0.00000,0.00000,"",0.00,0.00
2026.09.02 08:00:00,2026.09.02 08:00:00,2026.09.02 08:00:00,"10****84",XAUUSD,108151,2026.09.02 07:45:00,SELL,4401.73593,4485.04754,62.77,4308.52120,10.90857,10.53286,0.00000,4307.24000,0.00000,0.00000,0.00000,0.00000,0.00,0.00,0.00,0.00,0.00,0.00,0.00,"Loss: $0.00 (Max $50.00) | Losses: 0/Max 2","Loss: 0.00% / Max: 20.00%","DD: 0.00% / Max: 20.00% (HWM: $500.00)","BypassedInTester","ActiveSession",TRUE,TRUE,TRUE,TRUE,TRUE,TRUE,TRUE,TRUE,TRUE,FALSE,FALSE,TRUE,FALSE,FALSE,FALSE,FALSE,FALSE,FALSE,FALSE,"No M15 candle in shifts 2-4 touched above EMA20","",0,0,0,0.00000,0.00000,0.00000,0.00000,"",0.00,0.00
2026.09.02 08:15:00,2026.09.02 08:15:00,2026.09.02 08:15:00,"10****84",XAUUSD,108151,2026.09.02 08:00:00,SELL,4401.73593,4485.04754,62.77,4308.65252,10.41929,10.53286,0.00000,4309.90000,0.00000,0.00000,0.00000,0.00000,0.00,0.00,0.00,0.00,0.00,0.00,0.00,"Loss: $0.00 (Max $50.00) | Losses: 0/Max 2","Loss: 0.00% / Max: 20.00%","DD: 0.00% / Max: 20.00% (HWM: $500.00)","BypassedInTester","ActiveSession",TRUE,TRUE,TRUE,TRUE,TRUE,TRUE,TRUE,TRUE,TRUE,FALSE,FALSE,TRUE,FALSE,FALSE,FALSE,FALSE,FALSE,FALSE,FALSE,"No M15 candle in shifts 2-4 touched above EMA20","",0,0,0,0.00000,0.00000,0.00000,0.00000,"",0.00,0.00
2026.09.02 08:30:00,2026.09.02 08:30:00,2026.09.02 08:30:00,"10****84",XAUUSD,108151,2026.09.02 08:15:00,SELL,4401.73593,4485.04754,62.77,4309.06656,9.36071,10.47357,0.00000,4313.00000,0.00000,0.00000,0.00000,0.00000,0.00,0.00,0.00,0.00,0.00,0.00,0.00,"Loss: $0.00 (Max $50.00) | Losses: 0/Max 2","Loss: 0.00% / Max: 20.00%","DD: 0.00% / Max: 20.00% (HWM: $500.00)","BypassedInTester","ActiveSession",TRUE,TRUE,TRUE,TRUE,TRUE,TRUE,TRUE,TRUE,TRUE,TRUE,FALSE,TRUE,FALSE,FALSE,FALSE,FALSE,FALSE,FALSE,FALSE,"Close[1] (4313.00000) did not close below Low[2] (4303.46000)","",0,0,0,0.00000,0.00000,0.00000,0.00000,"",0.00,0.00
2026.09.02 08:45:00,2026.09.02 08:45:00,2026.09.02 08:45:00,"10****84",XAUUSD,108151,2026.09.02 08:30:00,SELL,4401.73593,4485.04754,62.77,4310.40118,9.14000,10.26821,0.00000,4323.08000,0.00000,0.00000,0.00000,0.00000,0.00,0.00,0.00,0.00,0.00,0.00,0.00,"Loss: $0.00 (Max $50.00) | Losses: 0/Max 2","Loss: 0.00% / Max: 20.00%","DD: 0.00% / Max: 20.00% (HWM: $500.00)","BypassedInTester","ActiveSession",TRUE,TRUE,TRUE,TRUE,TRUE,TRUE,TRUE,TRUE,TRUE,TRUE,FALSE,TRUE,FALSE,FALSE,FALSE,FALSE,FALSE,FALSE,FALSE,"Close[1] (4323.08000) did not close below Low[2] (4306.66000)","",0,0,0,0.00000,0.00000,0.00000,0.00000,"",0.00,0.00
2026.09.02 09:00:00,2026.09.02 09:00:00,2026.09.02 09:00:00,"10****84",XAUUSD,108151,2026.09.02 08:45:00,SELL,4398.52080,4483.40278,55.96,4311.29154,8.92000,10.11429,0.00000,4319.75000,0.00000,0.00000,0.00000,0.00000,0.00,0.00,0.00,0.00,0.00,0.00,0.00,"Loss: $0.00 (Max $50.00) | Losses: 0/Max 2","Loss: 0.00% / Max: 20.00%","DD: 0.00% / Max: 20.00% (HWM: $500.00)","BypassedInTester","ActiveSession",TRUE,TRUE,TRUE,TRUE,TRUE,TRUE,TRUE,TRUE,TRUE,TRUE,FALSE,TRUE,FALSE,FALSE,FALSE,FALSE,FALSE,FALSE,FALSE,"Close[1] (4319.75000) did not close below Low[2] (4313.03000)","",0,0,0,0.00000,0.00000,0.00000,0.00000,"",0.00,0.00
2026.09.02 09:15:00,2026.09.02 09:15:00,2026.09.02 09:15:00,"10****84",XAUUSD,108151,2026.09.02 09:00:00,SELL,4398.52080,4483.40278,55.96,4312.74854,8.67071,9.98821,0.00000,4326.59000,0.00000,0.00000,0.00000,0.00000,0.00,0.00,0.00,0.00,0.00,0.00,0.00,"Loss: $0.00 (Max $50.00) | Losses: 0/Max 2","Loss: 0.00% / Max: 20.00%","DD: 0.00% / Max: 20.00% (HWM: $500.00)","BypassedInTester","ActiveSession",TRUE,TRUE,TRUE,TRUE,TRUE,TRUE,TRUE,TRUE,TRUE,TRUE,FALSE,TRUE,FALSE,FALSE,FALSE,FALSE,FALSE,FALSE,FALSE,"Close[1] (4326.59000) did not close below Low[2] (4319.22000)","",0,0,0,0.00000,0.00000,0.00000,0.00000,"",0.00,0.00
2026.09.02 09:30:00,2026.09.02 09:30:00,2026.09.02 09:30:00,"10****84",XAUUSD,108151,2026.09.02 09:15:00,SELL,4398.52080,4483.40278,55.96,4313.69629,8.44357,9.70571,0.00000,4322.70000,0.00000,0.00000,0.00000,0.00000,0.00,0.00,0.00,0.00,0.00,0.00,0.00,"Loss: $0.00 (Max $50.00) | Losses: 0/Max 2","Loss: 0.00% / Max: 20.00%","DD: 0.00% / Max: 20.00% (HWM: $500.00)","BypassedInTester","ActiveSession",TRUE,TRUE,TRUE,TRUE,TRUE,TRUE,TRUE,TRUE,TRUE,TRUE,FALSE,TRUE,FALSE,FALSE,FALSE,FALSE,FALSE,FALSE,FALSE,"Close[1] (4322.70000) did not close below Low[2] (4317.48000)","",0,0,0,0.00000,0.00000,0.00000,0.00000,"",0.00,0.00
2026.09.02 09:45:00,2026.09.02 09:45:00,2026.09.02 09:45:00,"10****84",XAUUSD,108151,2026.09.02 09:30:00,SELL,4398.52080,4483.40278,55.96,4314.70046,8.59214,9.45357,0.00000,4324.24000,0.00000,0.00000,0.00000,0.00000,0.00,0.00,0.00,0.00,0.00,0.00,0.00,"Loss: $0.00 (Max $50.00) | Losses: 0/Max 2","Loss: 0.00% / Max: 20.00%","DD: 0.00% / Max: 20.00% (HWM: $500.00)","BypassedInTester","ActiveSession",TRUE,TRUE,TRUE,TRUE,TRUE,TRUE,TRUE,TRUE,TRUE,TRUE,FALSE,TRUE,FALSE,FALSE,FALSE,FALSE,FALSE,FALSE,FALSE,"Close[1] (4324.24000) did not close below Low[2] (4320.76000)","",0,0,0,0.00000,0.00000,0.00000,0.00000,"",0.00,0.00
2026.09.02 10:00:00,2026.09.02 10:00:00,2026.09.02 10:00:00,"10****84",XAUUSD,108151,2026.09.02 09:45:00,SELL,4395.50469,4481.79291,49.17,4315.35851,8.39714,9.28857,0.00000,4321.61000,0.00000,0.00000,0.00000,0.00000,0.00,0.00,0.00,0.00,0.00,0.00,0.00,"Loss: $0.00 (Max $50.00) | Losses: 0/Max 2","Loss: 0.00% / Max: 20.00%","DD: 0.00% / Max: 20.00% (HWM: $500.00)","BypassedInTester","ActiveSession",TRUE,TRUE,TRUE,TRUE,TRUE,TRUE,TRUE,TRUE,TRUE,TRUE,FALSE,TRUE,FALSE,FALSE,FALSE,FALSE,FALSE,FALSE,FALSE,"Close[1] (4321.61000) did not close below Low[2] (4316.76000)","",0,0,0,0.00000,0.00000,0.00000,0.00000,"",0.00,0.00
2026.09.02 10:15:00,2026.09.02 10:15:00,2026.09.02 10:15:00,"10****84",XAUUSD,108151,2026.09.02 10:00:00,SELL,4395.50469,4481.79291,49.17,4316.43389,8.42571,9.19179,0.00000,4326.65000,0.00000,0.00000,0.00000,0.00000,0.00,0.00,0.00,0.00,0.00,0.00,0.00,"Loss: $0.00 (Max $50.00) | Losses: 0/Max 2","Loss: 0.00% / Max: 20.00%","DD: 0.00% / Max: 20.00% (HWM: $500.00)","BypassedInTester","ActiveSession",TRUE,TRUE,TRUE,TRUE,TRUE,TRUE,TRUE,TRUE,TRUE,TRUE,FALSE,TRUE,FALSE,FALSE,FALSE,FALSE,FALSE,FALSE,FALSE,"Close[1] (4326.65000) did not close below Low[2] (4314.52000)","",0,0,0,0.00000,0.00000,0.00000,0.00000,"",0.00,0.00
2026.09.02 10:30:00,2026.09.02 10:30:00,2026.09.02 10:30:00,"10****84",XAUUSD,108151,2026.09.02 10:15:00,SELL,4395.50469,4481.79291,49.17,4317.40876,7.63857,9.15357,0.00000,4326.67000,0.00000,0.00000,0.00000,0.00000,0.00,0.00,0.00,0.00,0.00,0.00,0.00,"Loss: $0.00 (Max $50.00) | Losses: 0/Max 2","Loss: 0.00% / Max: 20.00%","DD: 0.00% / Max: 20.00% (HWM: $500.00)","BypassedInTester","ActiveSession",TRUE,TRUE,TRUE,TRUE,TRUE,TRUE,TRUE,TRUE,TRUE,TRUE,FALSE,TRUE,FALSE,FALSE,FALSE,FALSE,FALSE,FALSE,FALSE,"Close[1] (4326.67000) did not close below Low[2] (4319.09000)","",0,0,0,0.00000,0.00000,0.00000,0.00000,"",0.00,0.00
2026.09.02 10:45:00,2026.09.02 10:45:00,2026.09.02 10:45:00,"10****84",XAUUSD,108151,2026.09.02 10:30:00,SELL,4395.50469,4481.79291,49.17,4317.90126,7.97857,9.11821,0.00000,4322.58000,0.00000,0.00000,0.00000,0.00000,0.00,0.00,0.00,0.00,0.00,0.00,0.00,"Loss: $0.00 (Max $50.00) | Losses: 0/Max 2","Loss: 0.00% / Max: 20.00%","DD: 0.00% / Max: 20.00% (HWM: $500.00)","BypassedInTester","ActiveSession",TRUE,TRUE,TRUE,TRUE,TRUE,TRUE,TRUE,TRUE,TRUE,TRUE,FALSE,TRUE,FALSE,FALSE,FALSE,FALSE,FALSE,FALSE,FALSE,"Close[1] (4322.58000) did not close below EMA20[1] (4317.90126)","",0,0,0,0.00000,0.00000,0.00000,0.00000,"",0.00,0.00
2026.09.02 11:00:00,2026.09.02 11:00:00,2026.09.02 11:00:00,"10****84",XAUUSD,108151,2026.09.02 10:45:00,SELL,4392.66764,4480.21447,42.77,4318.40209,8.00286,9.09321,0.00000,4323.16000,0.00000,0.00000,0.00000,0.00000,0.00,0.00,0.00,0.00,0.00,0.00,0.00,"Loss: $0.00 (Max $50.00) | Losses: 0/Max 2","Loss: 0.00% / Max: 20.00%","DD: 0.00% / Max: 20.00% (HWM: $500.00)","BypassedInTester","ActiveSession",TRUE,TRUE,TRUE,TRUE,TRUE,TRUE,TRUE,TRUE,TRUE,TRUE,FALSE,TRUE,FALSE,FALSE,FALSE,FALSE,FALSE,FALSE,FALSE,"Close[1] (4323.16000) did not close below Low[2] (4321.80000)","",0,0,0,0.00000,0.00000,0.00000,0.00000,"",0.00,0.00
2026.09.02 11:15:00,2026.09.02 11:15:00,2026.09.02 11:15:00,"10****84",XAUUSD,108151,2026.09.02 11:00:00,SELL,4392.66764,4480.21447,42.77,4319.07332,8.31286,9.04679,0.00000,4325.45000,0.00000,0.00000,0.00000,0.00000,0.00,0.00,0.00,0.00,0.00,0.00,0.00,"Loss: $0.00 (Max $50.00) | Losses: 0/Max 2","Loss: 0.00% / Max: 20.00%","DD: 0.00% / Max: 20.00% (HWM: $500.00)","BypassedInTester","ActiveSession",TRUE,TRUE,TRUE,TRUE,TRUE,TRUE,TRUE,TRUE,TRUE,TRUE,FALSE,TRUE,FALSE,FALSE,FALSE,FALSE,FALSE,FALSE,FALSE,"Close[1] (4325.45000) did not close below Low[2] (4320.37000)","",0,0,0,0.00000,0.00000,0.00000,0.00000,"",0.00,0.00
2026.09.02 11:30:00,2026.09.02 11:30:00,2026.09.02 11:30:00,"10****84",XAUUSD,108151,2026.09.02 11:15:00,SELL,4392.66764,4480.21447,42.77,4319.44348,8.41071,8.96179,0.00000,4322.96000,0.00000,0.00000,0.00000,0.00000,0.00,0.00,0.00,0.00,0.00,0.00,0.00,"Loss: $0.00 (Max $50.00) | Losses: 0/Max 2","Loss: 0.00% / Max: 20.00%","DD: 0.00% / Max: 20.00% (HWM: $500.00)","BypassedInTester","ActiveSession",TRUE,TRUE,TRUE,TRUE,TRUE,TRUE,TRUE,TRUE,TRUE,TRUE,FALSE,TRUE,FALSE,FALSE,FALSE,FALSE,FALSE,FALSE,FALSE,"Close[1] (4322.96000) did not close below Low[2] (4321.89000)","",0,0,0,0.00000,0.00000,0.00000,0.00000,"",0.00,0.00
2026.09.02 11:45:00,2026.09.02 11:45:00,2026.09.02 11:45:00,"10****84",XAUUSD,108151,2026.09.02 11:30:00,SELL,4392.66764,4480.21447,42.77,4319.67934,8.47429,8.86464,0.00000,4321.92000,0.00000,0.00000,0.00000,0.00000,0.00,0.00,0.00,0.00,0.00,0.00,0.00,"Loss: $0.00 (Max $50.00) | Losses: 0/Max 2","Loss: 0.00% / Max: 20.00%","DD: 0.00% / Max: 20.00% (HWM: $500.00)","BypassedInTester","ActiveSession",TRUE,TRUE,TRUE,TRUE,TRUE,TRUE,TRUE,TRUE,TRUE,TRUE,FALSE,TRUE,FALSE,FALSE,FALSE,FALSE,FALSE,FALSE,FALSE,"Close[1] (4321.92000) did not close below EMA20[1] (4319.67934)","",0,0,0,0.00000,0.00000,0.00000,0.00000,"",0.00,0.00
2026.09.02 12:00:00,2026.09.02 12:00:00,2026.09.02 12:00:00,"10****84",XAUUSD,108151,2026.09.02 11:45:00,SELL,4389.53675,4478.54895,38.57,4319.02702,8.68286,8.77714,0.15000,4312.83000,4312.80000,4332.43000,4234.28000,19.63000,0.25,50.00,0.03,0.02,0.01,0.01,86.26,"Loss: $0.00 (Max $50.00) | Losses: 0/Max 2","Loss: 0.00% / Max: 20.00%","DD: 0.00% / Max: 20.00% (HWM: $500.00)","BypassedInTester","ActiveSession",TRUE,TRUE,TRUE,TRUE,TRUE,TRUE,TRUE,TRUE,TRUE,TRUE,TRUE,TRUE,TRUE,TRUE,TRUE,TRUE,TRUE,TRUE,TRUE,"","Executed successfully. Deal: 2, Price: 4312.80000, Vol: 0.02",10009,2,2,4312.80000,0.15000,0.00000,0.00000,"",0.00,0.00
2026.09.02 12:15:00,2026.09.02 12:15:00,2026.09.02 12:15:00,"10****84",XAUUSD,108151,2026.09.02 12:00:00,NONE,0.00000,0.00000,0.00,0.00000,0.00000,0.00000,0.00000,0.00000,0.00000,0.00000,0.00000,0.00000,0.00,0.00,0.00,0.00,0.00,0.00,0.00,"","","","","ActiveSession",TRUE,TRUE,TRUE,FALSE,FALSE,FALSE,FALSE,FALSE,FALSE,FALSE,FALSE,FALSE,FALSE,FALSE,FALSE,FALSE,FALSE,FALSE,FALSE,"EA already has an active open position","",0,0,0,0.00000,0.00000,0.00000,0.00000,"",0.00,0.00
2026.09.02 12:30:00,2026.09.02 12:30:00,2026.09.02 12:30:00,"10****84",XAUUSD,108151,2026.09.02 12:15:00,NONE,0.00000,0.00000,0.00,0.00000,0.00000,0.00000,0.00000,0.00000,0.00000,0.00000,0.00000,0.00000,0.00,0.00,0.00,0.00,0.00,0.00,0.00,"","","","","ActiveSession",TRUE,TRUE,TRUE,FALSE,FALSE,FALSE,FALSE,FALSE,FALSE,FALSE,FALSE,FALSE,FALSE,FALSE,FALSE,FALSE,FALSE,FALSE,FALSE,"EA already has an active open position","",0,0,0,0.00000,0.00000,0.00000,0.00000,"",0.00,0.00
2026.09.02 12:45:00,2026.09.02 12:45:00,2026.09.02 12:45:00,"10****84",XAUUSD,108151,2026.09.02 12:30:00,NONE,0.00000,0.00000,0.00,0.00000,0.00000,0.00000,0.00000,0.00000,0.00000,0.00000,0.00000,0.00000,0.00,0.00,0.00,0.00,0.00,0.00,0.00,"","","","","ActiveSession",TRUE,TRUE,TRUE,FALSE,FALSE,FALSE,FALSE,FALSE,FALSE,FALSE,FALSE,FALSE,FALSE,FALSE,FALSE,FALSE,FALSE,FALSE,FALSE,"EA already has an active open position","",0,0,0,0.00000,0.00000,0.00000,0.00000,"",0.00,0.00
2026.09.02 13:00:00,2026.09.02 13:00:00,2026.09.02 13:00:00,"10****84",XAUUSD,108151,2026.09.02 12:45:00,NONE,0.00000,0.00000,0.00,0.00000,0.00000,0.00000,0.00000,0.00000,0.00000,0.00000,0.00000,0.00000,0.00,0.00,0.00,0.00,0.00,0.00,0.00,"","","","","ActiveSession",TRUE,TRUE,TRUE,FALSE,FALSE,FALSE,FALSE,FALSE,FALSE,FALSE,FALSE,FALSE,FALSE,FALSE,FALSE,FALSE,FALSE,FALSE,FALSE,"EA already has an active open position","",0,0,0,0.00000,0.00000,0.00000,0.00000,"",0.00,0.00
2026.09.02 13:15:00,2026.09.02 13:15:00,2026.09.02 13:15:00,"10****84",XAUUSD,108151,2026.09.02 13:00:00,NONE,0.00000,0.00000,0.00,0.00000,0.00000,0.00000,0.00000,0.00000,0.00000,0.00000,0.00000,0.00000,0.00,0.00,0.00,0.00,0.00,0.00,0.00,"","","","","ActiveSession",TRUE,TRUE,TRUE,FALSE,FALSE,FALSE,FALSE,FALSE,FALSE,FALSE,FALSE,FALSE,FALSE,FALSE,FALSE,FALSE,FALSE,FALSE,FALSE,"EA already has an active open position","",0,0,0,0.00000,0.00000,0.00000,0.00000,"",0.00,0.00
2026.09.02 13:30:00,2026.09.02 13:30:00,2026.09.02 13:30:00,"10****84",XAUUSD,108151,2026.09.02 13:15:00,NONE,0.00000,0.00000,0.00,0.00000,0.00000,0.00000,0.00000,0.00000,0.00000,0.00000,0.00000,0.00000,0.00,0.00,0.00,0.00,0.00,0.00,0.00,"","","","","ActiveSession",TRUE,TRUE,TRUE,FALSE,FALSE,FALSE,FALSE,FALSE,FALSE,FALSE,FALSE,FALSE,FALSE,FALSE,FALSE,FALSE,FALSE,FALSE,FALSE,"EA already has an active open position","",0,0,0,0.00000,0.00000,0.00000,0.00000,"",0.00,0.00
2026.09.02 13:45:00,2026.09.02 13:45:00,2026.09.02 13:45:00,"10****84",XAUUSD,108151,2026.09.02 13:30:00,NONE,0.00000,0.00000,0.00,0.00000,0.00000,0.00000,0.00000,0.00000,0.00000,0.00000,0.00000,0.00000,0.00,0.00,0.00,0.00,0.00,0.00,0.00,"","","","","ActiveSession",TRUE,TRUE,TRUE,FALSE,FALSE,FALSE,FALSE,FALSE,FALSE,FALSE,FALSE,FALSE,FALSE,FALSE,FALSE,FALSE,FALSE,FALSE,FALSE,"EA already has an active open position","",0,0,0,0.00000,0.00000,0.00000,0.00000,"",0.00,0.00
2026.09.02 14:00:00,2026.09.02 14:00:00,2026.09.02 14:00:00,"10****84",XAUUSD,108151,2026.09.02 13:45:00,NONE,0.00000,0.00000,0.00,0.00000,0.00000,0.00000,0.00000,0.00000,0.00000,0.00000,0.00000,0.00000,0.00,0.00,0.00,0.00,0.00,0.00,0.00,"","","","","ActiveSession",TRUE,TRUE,TRUE,FALSE,FALSE,FALSE,FALSE,FALSE,FALSE,FALSE,FALSE,FALSE,FALSE,FALSE,FALSE,FALSE,FALSE,FALSE,FALSE,"EA already has an active open position","",0,0,0,0.00000,0.00000,0.00000,0.00000,"",0.00,0.00
2026.09.02 14:15:00,2026.09.02 14:15:00,2026.09.02 14:15:00,"10****84",XAUUSD,108151,2026.09.02 14:00:00,NONE,0.00000,0.00000,0.00,0.00000,0.00000,0.00000,0.00000,0.00000,0.00000,0.00000,0.00000,0.00000,0.00,0.00,0.00,0.00,0.00,0.00,0.00,"","","","","ActiveSession",TRUE,TRUE,TRUE,FALSE,FALSE,FALSE,FALSE,FALSE,FALSE,FALSE,FALSE,FALSE,FALSE,FALSE,FALSE,FALSE,FALSE,FALSE,FALSE,"EA already has an active open position","",0,0,0,0.00000,0.00000,0.00000,0.00000,"",0.00,0.00
2026.09.02 14:30:00,2026.09.02 14:30:00,2026.09.02 14:30:00,"10****84",XAUUSD,108151,2026.09.02 14:15:00,NONE,0.00000,0.00000,0.00,0.00000,0.00000,0.00000,0.00000,0.00000,0.00000,0.00000,0.00000,0.00000,0.00,0.00,0.00,0.00,0.00,0.00,0.00,"","","","","ActiveSession",TRUE,TRUE,TRUE,FALSE,FALSE,FALSE,FALSE,FALSE,FALSE,FALSE,FALSE,FALSE,FALSE,FALSE,FALSE,FALSE,FALSE,FALSE,FALSE,"EA already has an active open position","",0,0,0,0.00000,0.00000,0.00000,0.00000,"",0.00,0.00
2026.09.02 14:45:00,2026.09.02 14:45:00,2026.09.02 14:45:00,"10****84",XAUUSD,108151,2026.09.02 14:30:00,NONE,0.00000,0.00000,0.00,0.00000,0.00000,0.00000,0.00000,0.00000,0.00000,0.00000,0.00000,0.00000,0.00,0.00,0.00,0.00,0.00,0.00,0.00,"","","","","ActiveSession",TRUE,TRUE,TRUE,TRUE,FALSE,FALSE,FALSE,FALSE,FALSE,FALSE,FALSE,FALSE,FALSE,FALSE,FALSE,FALSE,FALSE,FALSE,FALSE,"Cooldown active: last trade closed at 2026.09.02 14:35, need 1 completed bar","",0,0,0,0.00000,0.00000,0.00000,0.00000,"",0.00,0.00
2026.09.02 15:00:00,2026.09.02 15:00:00,2026.09.02 15:00:00,"10****84",XAUUSD,108151,2026.09.02 14:45:00,NONE,0.00000,0.00000,0.00,0.00000,0.00000,0.00000,0.00000,0.00000,0.00000,0.00000,0.00000,0.00000,0.00,0.00,0.00,0.00,0.00,0.00,0.00,"","","","","ActiveSession",TRUE,TRUE,TRUE,TRUE,FALSE,FALSE,FALSE,FALSE,FALSE,FALSE,FALSE,FALSE,FALSE,FALSE,FALSE,FALSE,FALSE,FALSE,FALSE,"Cooldown active: last trade closed at 2026.09.02 14:35, need 1 completed bar","",0,0,0,0.00000,0.00000,0.00000,0.00000,"",0.00,0.00
2026.09.02 15:15:00,2026.09.02 15:15:00,2026.09.02 15:15:00,"10****84",XAUUSD,108151,2026.09.02 15:00:00,SELL,4381.33243,4473.76711,31.47,4319.13394,8.17714,8.67679,0.00000,4333.06000,0.00000,0.00000,0.00000,0.00000,0.00,0.00,0.00,0.00,0.00,0.00,0.00,"Loss: $39.26 (Max $50.00) | Losses: 1/Max 2","Loss: 7.85% / Max: 20.00%","DD: 11.74% / Max: 20.00% (HWM: $522.02)","BypassedInTester","ActiveSession",TRUE,TRUE,TRUE,TRUE,TRUE,TRUE,TRUE,TRUE,TRUE,TRUE,FALSE,TRUE,FALSE,FALSE,FALSE,FALSE,FALSE,FALSE,FALSE,"Close[1] (4333.06000) did not close below Low[2] (4323.28000)","",0,0,0,0.00000,0.00000,0.00000,0.00000,"",0.00,0.00
2026.09.02 15:30:00,2026.09.02 15:30:00,2026.09.02 15:30:00,"10****84",XAUUSD,108151,2026.09.02 15:15:00,SELL,4381.33243,4473.76711,31.47,4320.75642,8.49643,8.67679,0.00000,4336.17000,0.00000,0.00000,0.00000,0.00000,0.00,0.00,0.00,0.00,0.00,0.00,0.00,"Loss: $39.26 (Max $50.00) | Losses: 1/Max 2","Loss: 7.85% / Max: 20.00%","DD: 11.74% / Max: 20.00% (HWM: $522.02)","BypassedInTester","ActiveSession",TRUE,TRUE,TRUE,TRUE,TRUE,TRUE,TRUE,TRUE,TRUE,TRUE,FALSE,TRUE,FALSE,FALSE,FALSE,FALSE,FALSE,FALSE,FALSE,"Close[1] (4336.17000) did not close below Low[2] (4328.94000)","",0,0,0,0.00000,0.00000,0.00000,0.00000,"",0.00,0.00
2026.09.02 15:45:00,2026.09.02 15:45:00,2026.09.02 15:45:00,"10****84",XAUUSD,108151,2026.09.02 15:30:00,SELL,4381.33243,4473.76711,31.47,4322.04438,8.50429,8.67679,0.00000,4334.28000,0.00000,0.00000,0.00000,0.00000,0.00,0.00,0.00,0.00,0.00,0.00,0.00,"Loss: $39.26 (Max $50.00) | Losses: 1/Max 2","Loss: 7.85% / Max: 20.00%","DD: 11.74% / Max: 20.00% (HWM: $522.02)","BypassedInTester","ActiveSession",TRUE,TRUE,TRUE,TRUE,TRUE,TRUE,TRUE,TRUE,TRUE,TRUE,FALSE,TRUE,FALSE,FALSE,FALSE,FALSE,FALSE,FALSE,FALSE,"Close[1] (4334.28000) did not close below Low[2] (4329.81000)","",0,0,0,0.00000,0.00000,0.00000,0.00000,"",0.00,0.00
2026.09.02 16:00:00,2026.09.02 16:00:00,2026.09.02 16:00:00,"10****84",XAUUSD,108151,2026.09.02 15:45:00,NONE,0.00000,0.00000,0.00,0.00000,0.00000,0.00000,0.00000,0.00000,0.00000,0.00000,0.00000,0.00000,0.00,0.00,0.00,0.00,0.00,0.00,0.00,"","","","","OutsideUTCWindow",TRUE,TRUE,FALSE,FALSE,FALSE,FALSE,FALSE,FALSE,FALSE,FALSE,FALSE,FALSE,FALSE,FALSE,FALSE,FALSE,FALSE,FALSE,FALSE,"Outside UTC session (08:00 - 16:00 UTC, Current: 16:00)","",0,0,0,0.00000,0.00000,0.00000,0.00000,"",0.00,0.00
2026.09.02 16:15:00,2026.09.02 16:15:00,2026.09.02 16:15:00,"10****84",XAUUSD,108151,2026.09.02 16:00:00,NONE,0.00000,0.00000,0.00,0.00000,0.00000,0.00000,0.00000,0.00000,0.00000,0.00000,0.00000,0.00000,0.00,0.00,0.00,0.00,0.00,0.00,0.00,"","","","","OutsideUTCWindow",TRUE,TRUE,FALSE,FALSE,FALSE,FALSE,FALSE,FALSE,FALSE,FALSE,FALSE,FALSE,FALSE,FALSE,FALSE,FALSE,FALSE,FALSE,FALSE,"Outside UTC session (08:00 - 16:00 UTC, Current: 16:15)","",0,0,0,0.00000,0.00000,0.00000,0.00000,"",0.00,0.00
2026.09.02 16:30:00,2026.09.02 16:30:00,2026.09.02 16:30:00,"10****84",XAUUSD,108151,2026.09.02 16:15:00,NONE,0.00000,0.00000,0.00,0.00000,0.00000,0.00000,0.00000,0.00000,0.00000,0.00000,0.00000,0.00000,0.00,0.00,0.00,0.00,0.00,0.00,0.00,"","","","","OutsideUTCWindow",TRUE,TRUE,FALSE,FALSE,FALSE,FALSE,FALSE,FALSE,FALSE,FALSE,FALSE,FALSE,FALSE,FALSE,FALSE,FALSE,FALSE,FALSE,FALSE,"Outside UTC session (08:00 - 16:00 UTC, Current: 16:30)","",0,0,0,0.00000,0.00000,0.00000,0.00000,"",0.00,0.00
2026.09.02 16:45:00,2026.09.02 16:45:00,2026.09.02 16:45:00,"10****84",XAUUSD,108151,2026.09.02 16:30:00,NONE,0.00000,0.00000,0.00,0.00000,0.00000,0.00000,0.00000,0.00000,0.00000,0.00000,0.00000,0.00000,0.00,0.00,0.00,0.00,0.00,0.00,0.00,"","","","","OutsideUTCWindow",TRUE,TRUE,FALSE,FALSE,FALSE,FALSE,FALSE,FALSE,FALSE,FALSE,FALSE,FALSE,FALSE,FALSE,FALSE,FALSE,FALSE,FALSE,FALSE,"Outside UTC session (08:00 - 16:00 UTC, Current: 16:45)","",0,0,0,0.00000,0.00000,0.00000,0.00000,"",0.00,0.00
2026.09.02 17:00:00,2026.09.02 17:00:00,2026.09.02 17:00:00,"10****84",XAUUSD,108151,2026.09.02 16:45:00,NONE,0.00000,0.00000,0.00,0.00000,0.00000,0.00000,0.00000,0.00000,0.00000,0.00000,0.00000,0.00000,0.00,0.00,0.00,0.00,0.00,0.00,0.00,"","","","","OutsideUTCWindow",TRUE,TRUE,FALSE,FALSE,FALSE,FALSE,FALSE,FALSE,FALSE,FALSE,FALSE,FALSE,FALSE,FALSE,FALSE,FALSE,FALSE,FALSE,FALSE,"Outside UTC session (08:00 - 16:00 UTC, Current: 17:00)","",0,0,0,0.00000,0.00000,0.00000,0.00000,"",0.00,0.00
2026.09.02 17:15:00,2026.09.02 17:15:00,2026.09.02 17:15:00,"10****84",XAUUSD,108151,2026.09.02 17:00:00,NONE,0.00000,0.00000,0.00,0.00000,0.00000,0.00000,0.00000,0.00000,0.00000,0.00000,0.00000,0.00000,0.00,0.00,0.00,0.00,0.00,0.00,0.00,"","","","","OutsideUTCWindow",TRUE,TRUE,FALSE,FALSE,FALSE,FALSE,FALSE,FALSE,FALSE,FALSE,FALSE,FALSE,FALSE,FALSE,FALSE,FALSE,FALSE,FALSE,FALSE,"Outside UTC session (08:00 - 16:00 UTC, Current: 17:15)","",0,0,0,0.00000,0.00000,0.00000,0.00000,"",0.00,0.00
2026.09.02 17:30:00,2026.09.02 17:30:00,2026.09.02 17:30:00,"10****84",XAUUSD,108151,2026.09.02 17:15:00,NONE,0.00000,0.00000,0.00,0.00000,0.00000,0.00000,0.00000,0.00000,0.00000,0.00000,0.00000,0.00000,0.00,0.00,0.00,0.00,0.00,0.00,0.00,"","","","","OutsideUTCWindow",TRUE,TRUE,FALSE,FALSE,FALSE,FALSE,FALSE,FALSE,FALSE,FALSE,FALSE,FALSE,FALSE,FALSE,FALSE,FALSE,FALSE,FALSE,FALSE,"Outside UTC session (08:00 - 16:00 UTC, Current: 17:30)","",0,0,0,0.00000,0.00000,0.00000,0.00000,"",0.00,0.00
2026.09.02 17:45:00,2026.09.02 17:45:00,2026.09.02 17:45:00,"10****84",XAUUSD,108151,2026.09.02 17:30:00,NONE,0.00000,0.00000,0.00,0.00000,0.00000,0.00000,0.00000,0.00000,0.00000,0.00000,0.00000,0.00000,0.00,0.00,0.00,0.00,0.00,0.00,0.00,"","","","","OutsideUTCWindow",TRUE,TRUE,FALSE,FALSE,FALSE,FALSE,FALSE,FALSE,FALSE,FALSE,FALSE,FALSE,FALSE,FALSE,FALSE,FALSE,FALSE,FALSE,FALSE,"Outside UTC session (08:00 - 16:00 UTC, Current: 17:45)","",0,0,0,0.00000,0.00000,0.00000,0.00000,"",0.00,0.00
2026.09.02 18:00:00,2026.09.02 18:00:00,2026.09.02 18:00:00,"10****84",XAUUSD,108151,2026.09.02 17:45:00,NONE,0.00000,0.00000,0.00,0.00000,0.00000,0.00000,0.00000,0.00000,0.00000,0.00000,0.00000,0.00000,0.00,0.00,0.00,0.00,0.00,0.00,0.00,"","","","","OutsideUTCWindow",TRUE,TRUE,FALSE,FALSE,FALSE,FALSE,FALSE,FALSE,FALSE,FALSE,FALSE,FALSE,FALSE,FALSE,FALSE,FALSE,FALSE,FALSE,FALSE,"Outside UTC session (08:00 - 16:00 UTC, Current: 18:00)","",0,0,0,0.00000,0.00000,0.00000,0.00000,"",0.00,0.00
2026.09.02 18:15:00,2026.09.02 18:15:00,2026.09.02 18:15:00,"10****84",XAUUSD,108151,2026.09.02 18:00:00,NONE,0.00000,0.00000,0.00,0.00000,0.00000,0.00000,0.00000,0.00000,0.00000,0.00000,0.00000,0.00000,0.00,0.00,0.00,0.00,0.00,0.00,0.00,"","","","","OutsideUTCWindow",TRUE,TRUE,FALSE,FALSE,FALSE,FALSE,FALSE,FALSE,FALSE,FALSE,FALSE,FALSE,FALSE,FALSE,FALSE,FALSE,FALSE,FALSE,FALSE,"Outside UTC session (08:00 - 16:00 UTC, Current: 18:15)","",0,0,0,0.00000,0.00000,0.00000,0.00000,"",0.00,0.00
2026.09.02 18:30:00,2026.09.02 18:30:00,2026.09.02 18:30:00,"10****84",XAUUSD,108151,2026.09.02 18:15:00,NONE,0.00000,0.00000,0.00,0.00000,0.00000,0.00000,0.00000,0.00000,0.00000,0.00000,0.00000,0.00000,0.00,0.00,0.00,0.00,0.00,0.00,0.00,"","","","","OutsideUTCWindow",TRUE,TRUE,FALSE,FALSE,FALSE,FALSE,FALSE,FALSE,FALSE,FALSE,FALSE,FALSE,FALSE,FALSE,FALSE,FALSE,FALSE,FALSE,FALSE,"Outside UTC session (08:00 - 16:00 UTC, Current: 18:30)","",0,0,0,0.00000,0.00000,0.00000,0.00000,"",0.00,0.00
2026.09.02 18:45:00,2026.09.02 18:45:00,2026.09.02 18:45:00,"10****84",XAUUSD,108151,2026.09.02 18:30:00,NONE,0.00000,0.00000,0.00,0.00000,0.00000,0.00000,0.00000,0.00000,0.00000,0.00000,0.00000,0.00000,0.00,0.00,0.00,0.00,0.00,0.00,0.00,"","","","","OutsideUTCWindow",TRUE,TRUE,FALSE,FALSE,FALSE,FALSE,FALSE,FALSE,FALSE,FALSE,FALSE,FALSE,FALSE,FALSE,FALSE,FALSE,FALSE,FALSE,FALSE,"Outside UTC session (08:00 - 16:00 UTC, Current: 18:45)","",0,0,0,0.00000,0.00000,0.00000,0.00000,"",0.00,0.00
2026.09.02 19:00:00,2026.09.02 19:00:00,2026.09.02 19:00:00,"10****84",XAUUSD,108151,2026.09.02 18:45:00,NONE,0.00000,0.00000,0.00,0.00000,0.00000,0.00000,0.00000,0.00000,0.00000,0.00000,0.00000,0.00000,0.00,0.00,0.00,0.00,0.00,0.00,0.00,"","","","","OutsideUTCWindow",TRUE,TRUE,FALSE,FALSE,FALSE,FALSE,FALSE,FALSE,FALSE,FALSE,FALSE,FALSE,FALSE,FALSE,FALSE,FALSE,FALSE,FALSE,FALSE,"Outside UTC session (08:00 - 16:00 UTC, Current: 19:00)","",0,0,0,0.00000,0.00000,0.00000,0.00000,"",0.00,0.00
2026.09.02 19:15:00,2026.09.02 19:15:00,2026.09.02 19:15:00,"10****84",XAUUSD,108151,2026.09.02 19:00:00,NONE,0.00000,0.00000,0.00,0.00000,0.00000,0.00000,0.00000,0.00000,0.00000,0.00000,0.00000,0.00000,0.00,0.00,0.00,0.00,0.00,0.00,0.00,"","","","","OutsideUTCWindow",TRUE,TRUE,FALSE,FALSE,FALSE,FALSE,FALSE,FALSE,FALSE,FALSE,FALSE,FALSE,FALSE,FALSE,FALSE,FALSE,FALSE,FALSE,FALSE,"Outside UTC session (08:00 - 16:00 UTC, Current: 19:15)","",0,0,0,0.00000,0.00000,0.00000,0.00000,"",0.00,0.00
2026.09.02 19:30:00,2026.09.02 19:30:00,2026.09.02 19:30:00,"10****84",XAUUSD,108151,2026.09.02 19:15:00,NONE,0.00000,0.00000,0.00,0.00000,0.00000,0.00000,0.00000,0.00000,0.00000,0.00000,0.00000,0.00000,0.00,0.00,0.00,0.00,0.00,0.00,0.00,"","","","","OutsideUTCWindow",TRUE,TRUE,FALSE,FALSE,FALSE,FALSE,FALSE,FALSE,FALSE,FALSE,FALSE,FALSE,FALSE,FALSE,FALSE,FALSE,FALSE,FALSE,FALSE,"Outside UTC session (08:00 - 16:00 UTC, Current: 19:30)","",0,0,0,0.00000,0.00000,0.00000,0.00000,"",0.00,0.00
2026.09.02 19:45:00,2026.09.02 19:45:00,2026.09.02 19:45:00,"10****84",XAUUSD,108151,2026.09.02 19:30:00,NONE,0.00000,0.00000,0.00,0.00000,0.00000,0.00000,0.00000,0.00000,0.00000,0.00000,0.00000,0.00000,0.00,0.00,0.00,0.00,0.00,0.00,0.00,"","","","","OutsideUTCWindow",TRUE,TRUE,FALSE,FALSE,FALSE,FALSE,FALSE,FALSE,FALSE,FALSE,FALSE,FALSE,FALSE,FALSE,FALSE,FALSE,FALSE,FALSE,FALSE,"Outside UTC session (08:00 - 16:00 UTC, Current: 19:45)","",0,0,0,0.00000,0.00000,0.00000,0.00000,"",0.00,0.00
2026.09.02 20:00:00,2026.09.02 20:00:00,2026.09.02 20:00:00,"10****84",XAUUSD,108151,2026.09.02 19:45:00,NONE,0.00000,0.00000,0.00,0.00000,0.00000,0.00000,0.00000,0.00000,0.00000,0.00000,0.00000,0.00000,0.00,0.00,0.00,0.00,0.00,0.00,0.00,"","","","","OutsideUTCWindow",TRUE,TRUE,FALSE,FALSE,FALSE,FALSE,FALSE,FALSE,FALSE,FALSE,FALSE,FALSE,FALSE,FALSE,FALSE,FALSE,FALSE,FALSE,FALSE,"Outside UTC session (08:00 - 16:00 UTC, Current: 20:00)","",0,0,0,0.00000,0.00000,0.00000,0.00000,"",0.00,0.00
2026.09.02 20:15:00,2026.09.02 20:15:00,2026.09.02 20:15:00,"10****84",XAUUSD,108151,2026.09.02 20:00:00,NONE,0.00000,0.00000,0.00,0.00000,0.00000,0.00000,0.00000,0.00000,0.00000,0.00000,0.00000,0.00000,0.00,0.00,0.00,0.00,0.00,0.00,0.00,"","","","","OutsideUTCWindow",TRUE,TRUE,FALSE,FALSE,FALSE,FALSE,FALSE,FALSE,FALSE,FALSE,FALSE,FALSE,FALSE,FALSE,FALSE,FALSE,FALSE,FALSE,FALSE,"Outside UTC session (08:00 - 16:00 UTC, Current: 20:15)","",0,0,0,0.00000,0.00000,0.00000,0.00000,"",0.00,0.00
2026.09.02 20:30:00,2026.09.02 20:30:00,2026.09.02 20:30:00,"10****84",XAUUSD,108151,2026.09.02 20:15:00,NONE,0.00000,0.00000,0.00,0.00000,0.00000,0.00000,0.00000,0.00000,0.00000,0.00000,0.00000,0.00000,0.00,0.00,0.00,0.00,0.00,0.00,0.00,"","","","","OutsideUTCWindow",TRUE,TRUE,FALSE,FALSE,FALSE,FALSE,FALSE,FALSE,FALSE,FALSE,FALSE,FALSE,FALSE,FALSE,FALSE,FALSE,FALSE,FALSE,FALSE,"Outside UTC session (08:00 - 16:00 UTC, Current: 20:30)","",0,0,0,0.00000,0.00000,0.00000,0.00000,"",0.00,0.00
2026.09.02 20:45:00,2026.09.02 20:45:00,2026.09.02 20:45:00,"10****84",XAUUSD,108151,2026.09.02 20:30:00,NONE,0.00000,0.00000,0.00,0.00000,0.00000,0.00000,0.00000,0.00000,0.00000,0.00000,0.00000,0.00000,0.00,0.00,0.00,0.00,0.00,0.00,0.00,"","","","","OutsideUTCWindow",TRUE,TRUE,FALSE,FALSE,FALSE,FALSE,FALSE,FALSE,FALSE,FALSE,FALSE,FALSE,FALSE,FALSE,FALSE,FALSE,FALSE,FALSE,FALSE,"Outside UTC session (08:00 - 16:00 UTC, Current: 20:45)","",0,0,0,0.00000,0.00000,0.00000,0.00000,"",0.00,0.00
2026.09.02 21:00:00,2026.09.02 21:00:00,2026.09.02 21:00:00,"10****84",XAUUSD,108151,2026.09.02 20:45:00,NONE,0.00000,0.00000,0.00,0.00000,0.00000,0.00000,0.00000,0.00000,0.00000,0.00000,0.00000,0.00000,0.00,0.00,0.00,0.00,0.00,0.00,0.00,"","","","","OutsideUTCWindow",TRUE,TRUE,FALSE,FALSE,FALSE,FALSE,FALSE,FALSE,FALSE,FALSE,FALSE,FALSE,FALSE,FALSE,FALSE,FALSE,FALSE,FALSE,FALSE,"Outside UTC session (08:00 - 16:00 UTC, Current: 21:00)","",0,0,0,0.00000,0.00000,0.00000,0.00000,"",0.00,0.00
2026.09.02 21:15:00,2026.09.02 21:15:00,2026.09.02 21:15:00,"10****84",XAUUSD,108151,2026.09.02 21:00:00,NONE,0.00000,0.00000,0.00,0.00000,0.00000,0.00000,0.00000,0.00000,0.00000,0.00000,0.00000,0.00000,0.00,0.00,0.00,0.00,0.00,0.00,0.00,"","","","","OutsideUTCWindow",TRUE,TRUE,FALSE,FALSE,FALSE,FALSE,FALSE,FALSE,FALSE,FALSE,FALSE,FALSE,FALSE,FALSE,FALSE,FALSE,FALSE,FALSE,FALSE,"Outside UTC session (08:00 - 16:00 UTC, Current: 21:15)","",0,0,0,0.00000,0.00000,0.00000,0.00000,"",0.00,0.00
2026.09.02 21:30:00,2026.09.02 21:30:00,2026.09.02 21:30:00,"10****84",XAUUSD,108151,2026.09.02 21:15:00,NONE,0.00000,0.00000,0.00,0.00000,0.00000,0.00000,0.00000,0.00000,0.00000,0.00000,0.00000,0.00000,0.00,0.00,0.00,0.00,0.00,0.00,0.00,"","","","","OutsideUTCWindow",TRUE,TRUE,FALSE,FALSE,FALSE,FALSE,FALSE,FALSE,FALSE,FALSE,FALSE,FALSE,FALSE,FALSE,FALSE,FALSE,FALSE,FALSE,FALSE,"Outside UTC session (08:00 - 16:00 UTC, Current: 21:30)","",0,0,0,0.00000,0.00000,0.00000,0.00000,"",0.00,0.00
2026.09.02 21:45:00,2026.09.02 21:45:00,2026.09.02 21:45:00,"10****84",XAUUSD,108151,2026.09.02 21:30:00,NONE,0.00000,0.00000,0.00,0.00000,0.00000,0.00000,0.00000,0.00000,0.00000,0.00000,0.00000,0.00000,0.00,0.00,0.00,0.00,0.00,0.00,0.00,"","","","","OutsideUTCWindow",TRUE,TRUE,FALSE,FALSE,FALSE,FALSE,FALSE,FALSE,FALSE,FALSE,FALSE,FALSE,FALSE,FALSE,FALSE,FALSE,FALSE,FALSE,FALSE,"Outside UTC session (08:00 - 16:00 UTC, Current: 21:45)","",0,0,0,0.00000,0.00000,0.00000,0.00000,"",0.00,0.00
2026.09.02 22:00:00,2026.09.02 22:00:00,2026.09.02 22:00:00,"10****84",XAUUSD,108151,2026.09.02 21:45:00,NONE,0.00000,0.00000,0.00,0.00000,0.00000,0.00000,0.00000,0.00000,0.00000,0.00000,0.00000,0.00000,0.00,0.00,0.00,0.00,0.00,0.00,0.00,"","","","","OutsideUTCWindow",TRUE,TRUE,FALSE,FALSE,FALSE,FALSE,FALSE,FALSE,FALSE,FALSE,FALSE,FALSE,FALSE,FALSE,FALSE,FALSE,FALSE,FALSE,FALSE,"Outside UTC session (08:00 - 16:00 UTC, Current: 22:00)","",0,0,0,0.00000,0.00000,0.00000,0.00000,"",0.00,0.00
2026.09.02 22:15:00,2026.09.02 22:15:00,2026.09.02 22:15:00,"10****84",XAUUSD,108151,2026.09.02 22:00:00,NONE,0.00000,0.00000,0.00,0.00000,0.00000,0.00000,0.00000,0.00000,0.00000,0.00000,0.00000,0.00000,0.00,0.00,0.00,0.00,0.00,0.00,0.00,"","","","","OutsideUTCWindow",TRUE,TRUE,FALSE,FALSE,FALSE,FALSE,FALSE,FALSE,FALSE,FALSE,FALSE,FALSE,FALSE,FALSE,FALSE,FALSE,FALSE,FALSE,FALSE,"Outside UTC session (08:00 - 16:00 UTC, Current: 22:15)","",0,0,0,0.00000,0.00000,0.00000,0.00000,"",0.00,0.00
2026.09.02 22:30:00,2026.09.02 22:30:00,2026.09.02 22:30:00,"10****84",XAUUSD,108151,2026.09.02 22:15:00,NONE,0.00000,0.00000,0.00,0.00000,0.00000,0.00000,0.00000,0.00000,0.00000,0.00000,0.00000,0.00000,0.00,0.00,0.00,0.00,0.00,0.00,0.00,"","","","","OutsideUTCWindow",TRUE,TRUE,FALSE,FALSE,FALSE,FALSE,FALSE,FALSE,FALSE,FALSE,FALSE,FALSE,FALSE,FALSE,FALSE,FALSE,FALSE,FALSE,FALSE,"Outside UTC session (08:00 - 16:00 UTC, Current: 22:30)","",0,0,0,0.00000,0.00000,0.00000,0.00000,"",0.00,0.00
2026.09.02 22:45:00,2026.09.02 22:45:00,2026.09.02 22:45:00,"10****84",XAUUSD,108151,2026.09.02 22:30:00,NONE,0.00000,0.00000,0.00,0.00000,0.00000,0.00000,0.00000,0.00000,0.00000,0.00000,0.00000,0.00000,0.00,0.00,0.00,0.00,0.00,0.00,0.00,"","","","","OutsideUTCWindow",TRUE,TRUE,FALSE,FALSE,FALSE,FALSE,FALSE,FALSE,FALSE,FALSE,FALSE,FALSE,FALSE,FALSE,FALSE,FALSE,FALSE,FALSE,FALSE,"Outside UTC session (08:00 - 16:00 UTC, Current: 22:45)","",0,0,0,0.00000,0.00000,0.00000,0.00000,"",0.00,0.00
2026.09.03 01:00:00,2026.09.03 01:00:00,2026.09.03 01:00:00,"10****84",XAUUSD,108151,2026.09.02 22:45:00,NONE,0.00000,0.00000,0.00,0.00000,0.00000,0.00000,0.00000,0.00000,0.00000,0.00000,0.00000,0.00000,0.00,0.00,0.00,0.00,0.00,0.00,0.00,"","","","","OutsideUTCWindow",TRUE,TRUE,FALSE,FALSE,FALSE,FALSE,FALSE,FALSE,FALSE,FALSE,FALSE,FALSE,FALSE,FALSE,FALSE,FALSE,FALSE,FALSE,FALSE,"Outside UTC session (08:00 - 16:00 UTC, Current: 01:00)","",0,0,0,0.00000,0.00000,0.00000,0.00000,"",0.00,0.00
2026.09.03 01:15:00,2026.09.03 01:15:00,2026.09.03 01:15:00,"10****84",XAUUSD,108151,2026.09.03 01:00:00,NONE,0.00000,0.00000,0.00,0.00000,0.00000,0.00000,0.00000,0.00000,0.00000,0.00000,0.00000,0.00000,0.00,0.00,0.00,0.00,0.00,0.00,0.00,"","","","","OutsideUTCWindow",TRUE,TRUE,FALSE,FALSE,FALSE,FALSE,FALSE,FALSE,FALSE,FALSE,FALSE,FALSE,FALSE,FALSE,FALSE,FALSE,FALSE,FALSE,FALSE,"Outside UTC session (08:00 - 16:00 UTC, Current: 01:15)","",0,0,0,0.00000,0.00000,0.00000,0.00000,"",0.00,0.00
2026.09.03 01:30:00,2026.09.03 01:30:00,2026.09.03 01:30:00,"10****84",XAUUSD,108151,2026.09.03 01:15:00,NONE,0.00000,0.00000,0.00,0.00000,0.00000,0.00000,0.00000,0.00000,0.00000,0.00000,0.00000,0.00000,0.00,0.00,0.00,0.00,0.00,0.00,0.00,"","","","","OutsideUTCWindow",TRUE,TRUE,FALSE,FALSE,FALSE,FALSE,FALSE,FALSE,FALSE,FALSE,FALSE,FALSE,FALSE,FALSE,FALSE,FALSE,FALSE,FALSE,FALSE,"Outside UTC session (08:00 - 16:00 UTC, Current: 01:30)","",0,0,0,0.00000,0.00000,0.00000,0.00000,"",0.00,0.00
2026.09.03 01:45:00,2026.09.03 01:45:00,2026.09.03 01:45:00,"10****84",XAUUSD,108151,2026.09.03 01:30:00,NONE,0.00000,0.00000,0.00,0.00000,0.00000,0.00000,0.00000,0.00000,0.00000,0.00000,0.00000,0.00000,0.00,0.00,0.00,0.00,0.00,0.00,0.00,"","","","","OutsideUTCWindow",TRUE,TRUE,FALSE,FALSE,FALSE,FALSE,FALSE,FALSE,FALSE,FALSE,FALSE,FALSE,FALSE,FALSE,FALSE,FALSE,FALSE,FALSE,FALSE,"Outside UTC session (08:00 - 16:00 UTC, Current: 01:45)","",0,0,0,0.00000,0.00000,0.00000,0.00000,"",0.00,0.00
2026.09.03 02:00:00,2026.09.03 02:00:00,2026.09.03 02:00:00,"10****84",XAUUSD,108151,2026.09.03 01:45:00,NONE,0.00000,0.00000,0.00,0.00000,0.00000,0.00000,0.00000,0.00000,0.00000,0.00000,0.00000,0.00000,0.00,0.00,0.00,0.00,0.00,0.00,0.00,"","","","","OutsideUTCWindow",TRUE,TRUE,FALSE,FALSE,FALSE,FALSE,FALSE,FALSE,FALSE,FALSE,FALSE,FALSE,FALSE,FALSE,FALSE,FALSE,FALSE,FALSE,FALSE,"Outside UTC session (08:00 - 16:00 UTC, Current: 02:00)","",0,0,0,0.00000,0.00000,0.00000,0.00000,"",0.00,0.00
2026.09.03 02:15:00,2026.09.03 02:15:00,2026.09.03 02:15:00,"10****84",XAUUSD,108151,2026.09.03 02:00:00,NONE,0.00000,0.00000,0.00,0.00000,0.00000,0.00000,0.00000,0.00000,0.00000,0.00000,0.00000,0.00000,0.00,0.00,0.00,0.00,0.00,0.00,0.00,"","","","","OutsideUTCWindow",TRUE,TRUE,FALSE,FALSE,FALSE,FALSE,FALSE,FALSE,FALSE,FALSE,FALSE,FALSE,FALSE,FALSE,FALSE,FALSE,FALSE,FALSE,FALSE,"Outside UTC session (08:00 - 16:00 UTC, Current: 02:15)","",0,0,0,0.00000,0.00000,0.00000,0.00000,"",0.00,0.00
2026.09.03 02:30:00,2026.09.03 02:30:00,2026.09.03 02:30:00,"10****84",XAUUSD,108151,2026.09.03 02:15:00,NONE,0.00000,0.00000,0.00,0.00000,0.00000,0.00000,0.00000,0.00000,0.00000,0.00000,0.00000,0.00000,0.00,0.00,0.00,0.00,0.00,0.00,0.00,"","","","","OutsideUTCWindow",TRUE,TRUE,FALSE,FALSE,FALSE,FALSE,FALSE,FALSE,FALSE,FALSE,FALSE,FALSE,FALSE,FALSE,FALSE,FALSE,FALSE,FALSE,FALSE,"Outside UTC session (08:00 - 16:00 UTC, Current: 02:30)","",0,0,0,0.00000,0.00000,0.00000,0.00000,"",0.00,0.00
2026.09.03 02:45:00,2026.09.03 02:45:00,2026.09.03 02:45:00,"10****84",XAUUSD,108151,2026.09.03 02:30:00,NONE,0.00000,0.00000,0.00,0.00000,0.00000,0.00000,0.00000,0.00000,0.00000,0.00000,0.00000,0.00000,0.00,0.00,0.00,0.00,0.00,0.00,0.00,"","","","","OutsideUTCWindow",TRUE,TRUE,FALSE,FALSE,FALSE,FALSE,FALSE,FALSE,FALSE,FALSE,FALSE,FALSE,FALSE,FALSE,FALSE,FALSE,FALSE,FALSE,FALSE,"Outside UTC session (08:00 - 16:00 UTC, Current: 02:45)","",0,0,0,0.00000,0.00000,0.00000,0.00000,"",0.00,0.00
2026.09.03 03:00:00,2026.09.03 03:00:00,2026.09.03 03:00:00,"10****84",XAUUSD,108151,2026.09.03 02:45:00,NONE,0.00000,0.00000,0.00,0.00000,0.00000,0.00000,0.00000,0.00000,0.00000,0.00000,0.00000,0.00000,0.00,0.00,0.00,0.00,0.00,0.00,0.00,"","","","","OutsideUTCWindow",TRUE,TRUE,FALSE,FALSE,FALSE,FALSE,FALSE,FALSE,FALSE,FALSE,FALSE,FALSE,FALSE,FALSE,FALSE,FALSE,FALSE,FALSE,FALSE,"Outside UTC session (08:00 - 16:00 UTC, Current: 03:00)","",0,0,0,0.00000,0.00000,0.00000,0.00000,"",0.00,0.00
2026.09.03 03:15:00,2026.09.03 03:15:00,2026.09.03 03:15:00,"10****84",XAUUSD,108151,2026.09.03 03:00:00,NONE,0.00000,0.00000,0.00,0.00000,0.00000,0.00000,0.00000,0.00000,0.00000,0.00000,0.00000,0.00000,0.00,0.00,0.00,0.00,0.00,0.00,0.00,"","","","","OutsideUTCWindow",TRUE,TRUE,FALSE,FALSE,FALSE,FALSE,FALSE,FALSE,FALSE,FALSE,FALSE,FALSE,FALSE,FALSE,FALSE,FALSE,FALSE,FALSE,FALSE,"Outside UTC session (08:00 - 16:00 UTC, Current: 03:15)","",0,0,0,0.00000,0.00000,0.00000,0.00000,"",0.00,0.00
2026.09.03 03:30:00,2026.09.03 03:30:00,2026.09.03 03:30:00,"10****84",XAUUSD,108151,2026.09.03 03:15:00,NONE,0.00000,0.00000,0.00,0.00000,0.00000,0.00000,0.00000,0.00000,0.00000,0.00000,0.00000,0.00000,0.00,0.00,0.00,0.00,0.00,0.00,0.00,"","","","","OutsideUTCWindow",TRUE,TRUE,FALSE,FALSE,FALSE,FALSE,FALSE,FALSE,FALSE,FALSE,FALSE,FALSE,FALSE,FALSE,FALSE,FALSE,FALSE,FALSE,FALSE,"Outside UTC session (08:00 - 16:00 UTC, Current: 03:30)","",0,0,0,0.00000,0.00000,0.00000,0.00000,"",0.00,0.00
2026.09.03 03:45:00,2026.09.03 03:45:00,2026.09.03 03:45:00,"10****84",XAUUSD,108151,2026.09.03 03:30:00,NONE,0.00000,0.00000,0.00,0.00000,0.00000,0.00000,0.00000,0.00000,0.00000,0.00000,0.00000,0.00000,0.00,0.00,0.00,0.00,0.00,0.00,0.00,"","","","","OutsideUTCWindow",TRUE,TRUE,FALSE,FALSE,FALSE,FALSE,FALSE,FALSE,FALSE,FALSE,FALSE,FALSE,FALSE,FALSE,FALSE,FALSE,FALSE,FALSE,FALSE,"Outside UTC session (08:00 - 16:00 UTC, Current: 03:45)","",0,0,0,0.00000,0.00000,0.00000,0.00000,"",0.00,0.00
2026.09.03 04:00:00,2026.09.03 04:00:00,2026.09.03 04:00:00,"10****84",XAUUSD,108151,2026.09.03 03:45:00,NONE,0.00000,0.00000,0.00,0.00000,0.00000,0.00000,0.00000,0.00000,0.00000,0.00000,0.00000,0.00000,0.00,0.00,0.00,0.00,0.00,0.00,0.00,"","","","","OutsideUTCWindow",TRUE,TRUE,FALSE,FALSE,FALSE,FALSE,FALSE,FALSE,FALSE,FALSE,FALSE,FALSE,FALSE,FALSE,FALSE,FALSE,FALSE,FALSE,FALSE,"Outside UTC session (08:00 - 16:00 UTC, Current: 04:00)","",0,0,0,0.00000,0.00000,0.00000,0.00000,"",0.00,0.00
2026.09.03 04:15:00,2026.09.03 04:15:00,2026.09.03 04:15:00,"10****84",XAUUSD,108151,2026.09.03 04:00:00,NONE,0.00000,0.00000,0.00,0.00000,0.00000,0.00000,0.00000,0.00000,0.00000,0.00000,0.00000,0.00000,0.00,0.00,0.00,0.00,0.00,0.00,0.00,"","","","","OutsideUTCWindow",TRUE,TRUE,FALSE,FALSE,FALSE,FALSE,FALSE,FALSE,FALSE,FALSE,FALSE,FALSE,FALSE,FALSE,FALSE,FALSE,FALSE,FALSE,FALSE,"Outside UTC session (08:00 - 16:00 UTC, Current: 04:15)","",0,0,0,0.00000,0.00000,0.00000,0.00000,"",0.00,0.00
2026.09.03 04:30:00,2026.09.03 04:30:00,2026.09.03 04:30:00,"10****84",XAUUSD,108151,2026.09.03 04:15:00,NONE,0.00000,0.00000,0.00,0.00000,0.00000,0.00000,0.00000,0.00000,0.00000,0.00000,0.00000,0.00000,0.00,0.00,0.00,0.00,0.00,0.00,0.00,"","","","","OutsideUTCWindow",TRUE,TRUE,FALSE,FALSE,FALSE,FALSE,FALSE,FALSE,FALSE,FALSE,FALSE,FALSE,FALSE,FALSE,FALSE,FALSE,FALSE,FALSE,FALSE,"Outside UTC session (08:00 - 16:00 UTC, Current: 04:30)","",0,0,0,0.00000,0.00000,0.00000,0.00000,"",0.00,0.00
2026.09.03 04:45:00,2026.09.03 04:45:00,2026.09.03 04:45:00,"10****84",XAUUSD,108151,2026.09.03 04:30:00,NONE,0.00000,0.00000,0.00,0.00000,0.00000,0.00000,0.00000,0.00000,0.00000,0.00000,0.00000,0.00000,0.00,0.00,0.00,0.00,0.00,0.00,0.00,"","","","","OutsideUTCWindow",TRUE,TRUE,FALSE,FALSE,FALSE,FALSE,FALSE,FALSE,FALSE,FALSE,FALSE,FALSE,FALSE,FALSE,FALSE,FALSE,FALSE,FALSE,FALSE,"Outside UTC session (08:00 - 16:00 UTC, Current: 04:45)","",0,0,0,0.00000,0.00000,0.00000,0.00000,"",0.00,0.00
2026.09.03 05:00:00,2026.09.03 05:00:00,2026.09.03 05:00:00,"10****84",XAUUSD,108151,2026.09.03 04:45:00,NONE,0.00000,0.00000,0.00,0.00000,0.00000,0.00000,0.00000,0.00000,0.00000,0.00000,0.00000,0.00000,0.00,0.00,0.00,0.00,0.00,0.00,0.00,"","","","","OutsideUTCWindow",TRUE,TRUE,FALSE,FALSE,FALSE,FALSE,FALSE,FALSE,FALSE,FALSE,FALSE,FALSE,FALSE,FALSE,FALSE,FALSE,FALSE,FALSE,FALSE,"Outside UTC session (08:00 - 16:00 UTC, Current: 05:00)","",0,0,0,0.00000,0.00000,0.00000,0.00000,"",0.00,0.00
2026.09.03 05:15:00,2026.09.03 05:15:00,2026.09.03 05:15:00,"10****84",XAUUSD,108151,2026.09.03 05:00:00,NONE,0.00000,0.00000,0.00,0.00000,0.00000,0.00000,0.00000,0.00000,0.00000,0.00000,0.00000,0.00000,0.00,0.00,0.00,0.00,0.00,0.00,0.00,"","","","","OutsideUTCWindow",TRUE,TRUE,FALSE,FALSE,FALSE,FALSE,FALSE,FALSE,FALSE,FALSE,FALSE,FALSE,FALSE,FALSE,FALSE,FALSE,FALSE,FALSE,FALSE,"Outside UTC session (08:00 - 16:00 UTC, Current: 05:15)","",0,0,0,0.00000,0.00000,0.00000,0.00000,"",0.00,0.00
2026.09.03 05:30:00,2026.09.03 05:30:00,2026.09.03 05:30:00,"10****84",XAUUSD,108151,2026.09.03 05:15:00,NONE,0.00000,0.00000,0.00,0.00000,0.00000,0.00000,0.00000,0.00000,0.00000,0.00000,0.00000,0.00000,0.00,0.00,0.00,0.00,0.00,0.00,0.00,"","","","","OutsideUTCWindow",TRUE,TRUE,FALSE,FALSE,FALSE,FALSE,FALSE,FALSE,FALSE,FALSE,FALSE,FALSE,FALSE,FALSE,FALSE,FALSE,FALSE,FALSE,FALSE,"Outside UTC session (08:00 - 16:00 UTC, Current: 05:30)","",0,0,0,0.00000,0.00000,0.00000,0.00000,"",0.00,0.00
2026.09.03 05:45:00,2026.09.03 05:45:00,2026.09.03 05:45:00,"10****84",XAUUSD,108151,2026.09.03 05:30:00,NONE,0.00000,0.00000,0.00,0.00000,0.00000,0.00000,0.00000,0.00000,0.00000,0.00000,0.00000,0.00000,0.00,0.00,0.00,0.00,0.00,0.00,0.00,"","","","","OutsideUTCWindow",TRUE,TRUE,FALSE,FALSE,FALSE,FALSE,FALSE,FALSE,FALSE,FALSE,FALSE,FALSE,FALSE,FALSE,FALSE,FALSE,FALSE,FALSE,FALSE,"Outside UTC session (08:00 - 16:00 UTC, Current: 05:45)","",0,0,0,0.00000,0.00000,0.00000,0.00000,"",0.00,0.00
2026.09.03 06:00:00,2026.09.03 06:00:00,2026.09.03 06:00:00,"10****84",XAUUSD,108151,2026.09.03 05:45:00,NONE,0.00000,0.00000,0.00,0.00000,0.00000,0.00000,0.00000,0.00000,0.00000,0.00000,0.00000,0.00000,0.00,0.00,0.00,0.00,0.00,0.00,0.00,"","","","","OutsideUTCWindow",TRUE,TRUE,FALSE,FALSE,FALSE,FALSE,FALSE,FALSE,FALSE,FALSE,FALSE,FALSE,FALSE,FALSE,FALSE,FALSE,FALSE,FALSE,FALSE,"Outside UTC session (08:00 - 16:00 UTC, Current: 06:00)","",0,0,0,0.00000,0.00000,0.00000,0.00000,"",0.00,0.00
2026.09.03 06:15:00,2026.09.03 06:15:00,2026.09.03 06:15:00,"10****84",XAUUSD,108151,2026.09.03 06:00:00,NONE,0.00000,0.00000,0.00,0.00000,0.00000,0.00000,0.00000,0.00000,0.00000,0.00000,0.00000,0.00000,0.00,0.00,0.00,0.00,0.00,0.00,0.00,"","","","","OutsideUTCWindow",TRUE,TRUE,FALSE,FALSE,FALSE,FALSE,FALSE,FALSE,FALSE,FALSE,FALSE,FALSE,FALSE,FALSE,FALSE,FALSE,FALSE,FALSE,FALSE,"Outside UTC session (08:00 - 16:00 UTC, Current: 06:15)","",0,0,0,0.00000,0.00000,0.00000,0.00000,"",0.00,0.00
2026.09.03 06:30:00,2026.09.03 06:30:00,2026.09.03 06:30:00,"10****84",XAUUSD,108151,2026.09.03 06:15:00,NONE,0.00000,0.00000,0.00,0.00000,0.00000,0.00000,0.00000,0.00000,0.00000,0.00000,0.00000,0.00000,0.00,0.00,0.00,0.00,0.00,0.00,0.00,"","","","","OutsideUTCWindow",TRUE,TRUE,FALSE,FALSE,FALSE,FALSE,FALSE,FALSE,FALSE,FALSE,FALSE,FALSE,FALSE,FALSE,FALSE,FALSE,FALSE,FALSE,FALSE,"Outside UTC session (08:00 - 16:00 UTC, Current: 06:30)","",0,0,0,0.00000,0.00000,0.00000,0.00000,"",0.00,0.00
2026.09.03 06:45:00,2026.09.03 06:45:00,2026.09.03 06:45:00,"10****84",XAUUSD,108151,2026.09.03 06:30:00,NONE,0.00000,0.00000,0.00,0.00000,0.00000,0.00000,0.00000,0.00000,0.00000,0.00000,0.00000,0.00000,0.00,0.00,0.00,0.00,0.00,0.00,0.00,"","","","","OutsideUTCWindow",TRUE,TRUE,FALSE,FALSE,FALSE,FALSE,FALSE,FALSE,FALSE,FALSE,FALSE,FALSE,FALSE,FALSE,FALSE,FALSE,FALSE,FALSE,FALSE,"Outside UTC session (08:00 - 16:00 UTC, Current: 06:45)","",0,0,0,0.00000,0.00000,0.00000,0.00000,"",0.00,0.00
2026.09.03 07:00:00,2026.09.03 07:00:00,2026.09.03 07:00:00,"10****84",XAUUSD,108151,2026.09.03 06:45:00,NONE,0.00000,0.00000,0.00,0.00000,0.00000,0.00000,0.00000,0.00000,0.00000,0.00000,0.00000,0.00000,0.00,0.00,0.00,0.00,0.00,0.00,0.00,"","","","","OutsideUTCWindow",TRUE,TRUE,FALSE,FALSE,FALSE,FALSE,FALSE,FALSE,FALSE,FALSE,FALSE,FALSE,FALSE,FALSE,FALSE,FALSE,FALSE,FALSE,FALSE,"Outside UTC session (08:00 - 16:00 UTC, Current: 07:00)","",0,0,0,0.00000,0.00000,0.00000,0.00000,"",0.00,0.00
2026.09.03 07:15:00,2026.09.03 07:15:00,2026.09.03 07:15:00,"10****84",XAUUSD,108151,2026.09.03 07:00:00,NONE,0.00000,0.00000,0.00,0.00000,0.00000,0.00000,0.00000,0.00000,0.00000,0.00000,0.00000,0.00000,0.00,0.00,0.00,0.00,0.00,0.00,0.00,"","","","","OutsideUTCWindow",TRUE,TRUE,FALSE,FALSE,FALSE,FALSE,FALSE,FALSE,FALSE,FALSE,FALSE,FALSE,FALSE,FALSE,FALSE,FALSE,FALSE,FALSE,FALSE,"Outside UTC session (08:00 - 16:00 UTC, Current: 07:15)","",0,0,0,0.00000,0.00000,0.00000,0.00000,"",0.00,0.00
2026.09.03 07:30:00,2026.09.03 07:30:00,2026.09.03 07:30:00,"10****84",XAUUSD,108151,2026.09.03 07:15:00,NONE,0.00000,0.00000,0.00,0.00000,0.00000,0.00000,0.00000,0.00000,0.00000,0.00000,0.00000,0.00000,0.00,0.00,0.00,0.00,0.00,0.00,0.00,"","","","","OutsideUTCWindow",TRUE,TRUE,FALSE,FALSE,FALSE,FALSE,FALSE,FALSE,FALSE,FALSE,FALSE,FALSE,FALSE,FALSE,FALSE,FALSE,FALSE,FALSE,FALSE,"Outside UTC session (08:00 - 16:00 UTC, Current: 07:30)","",0,0,0,0.00000,0.00000,0.00000,0.00000,"",0.00,0.00
2026.09.03 07:45:00,2026.09.03 07:45:00,2026.09.03 07:45:00,"10****84",XAUUSD,108151,2026.09.03 07:30:00,NONE,0.00000,0.00000,0.00,0.00000,0.00000,0.00000,0.00000,0.00000,0.00000,0.00000,0.00000,0.00000,0.00,0.00,0.00,0.00,0.00,0.00,0.00,"","","","","OutsideUTCWindow",TRUE,TRUE,FALSE,FALSE,FALSE,FALSE,FALSE,FALSE,FALSE,FALSE,FALSE,FALSE,FALSE,FALSE,FALSE,FALSE,FALSE,FALSE,FALSE,"Outside UTC session (08:00 - 16:00 UTC, Current: 07:45)","",0,0,0,0.00000,0.00000,0.00000,0.00000,"",0.00,0.00
2026.09.03 08:00:00,2026.09.03 08:00:00,2026.09.03 08:00:00,"10****84",XAUUSD,108151,2026.09.03 07:45:00,NONE,4386.79527,4462.15686,45.11,4417.45263,7.67429,8.60071,0.00000,4437.26000,0.00000,0.00000,0.00000,0.00000,0.00,0.00,0.00,0.00,0.00,0.00,0.00,"Loss: $0.00 (Max $50.00) | Losses: 0/Max 2","Loss: 7.85% / Max: 20.00%","DD: 11.74% / Max: 20.00% (HWM: $522.02)","BypassedInTester","ActiveSession",TRUE,TRUE,TRUE,TRUE,TRUE,TRUE,TRUE,TRUE,FALSE,FALSE,FALSE,TRUE,FALSE,FALSE,FALSE,FALSE,FALSE,FALSE,FALSE,"No valid H1 trend alignment (EMA50 vs EMA200 or Close vs EMA50)","",0,0,0,0.00000,0.00000,0.00000,0.00000,"",0.00,0.00
2026.09.03 08:15:00,2026.09.03 08:15:00,2026.09.03 08:15:00,"10****84",XAUUSD,108151,2026.09.03 08:00:00,NONE,4386.79527,4462.15686,45.11,4418.59619,7.83357,8.41643,0.00000,4429.46000,0.00000,0.00000,0.00000,0.00000,0.00,0.00,0.00,0.00,0.00,0.00,0.00,"Loss: $0.00 (Max $50.00) | Losses: 0/Max 2","Loss: 7.85% / Max: 20.00%","DD: 11.74% / Max: 20.00% (HWM: $522.02)","BypassedInTester","ActiveSession",TRUE,TRUE,TRUE,TRUE,TRUE,TRUE,TRUE,TRUE,FALSE,FALSE,FALSE,TRUE,FALSE,FALSE,FALSE,FALSE,FALSE,FALSE,FALSE,"No valid H1 trend alignment (EMA50 vs EMA200 or Close vs EMA50)","",0,0,0,0.00000,0.00000,0.00000,0.00000,"",0.00,0.00
2026.09.03 08:30:00,2026.09.03 08:30:00,2026.09.03 08:30:00,"10****84",XAUUSD,108151,2026.09.03 08:15:00,NONE,4386.79527,4462.15686,45.11,4419.19751,7.52857,8.24607,0.00000,4424.91000,0.00000,0.00000,0.00000,0.00000,0.00,0.00,0.00,0.00,0.00,0.00,0.00,"Loss: $0.00 (Max $50.00) | Losses: 0/Max 2","Loss: 7.85% / Max: 20.00%","DD: 11.74% / Max: 20.00% (HWM: $522.02)","BypassedInTester","ActiveSession",TRUE,TRUE,TRUE,TRUE,TRUE,TRUE,TRUE,TRUE,FALSE,FALSE,FALSE,TRUE,FALSE,FALSE,FALSE,FALSE,FALSE,FALSE,FALSE,"No valid H1 trend alignment (EMA50 vs EMA200 or Close vs EMA50)","",0,0,0,0.00000,0.00000,0.00000,0.00000,"",0.00,0.00
2026.09.03 08:45:00,2026.09.03 08:45:00,2026.09.03 08:45:00,"10****84",XAUUSD,108151,2026.09.03 08:30:00,NONE,4386.79527,4462.15686,45.11,4420.43108,7.81500,8.09964,0.00000,4432.15000,0.00000,0.00000,0.00000,0.00000,0.00,0.00,0.00,0.00,0.00,0.00,0.00,"Loss: $0.00 (Max $50.00) | Losses: 0/Max 2","Loss: 7.85% / Max: 20.00%","DD: 11.74% / Max: 20.00% (HWM: $522.02)","BypassedInTester","ActiveSession",TRUE,TRUE,TRUE,TRUE,TRUE,TRUE,TRUE,TRUE,FALSE,FALSE,FALSE,TRUE,FALSE,FALSE,FALSE,FALSE,FALSE,FALSE,FALSE,"No valid H1 trend alignment (EMA50 vs EMA200 or Close vs EMA50)","",0,0,0,0.00000,0.00000,0.00000,0.00000,"",0.00,0.00
2026.09.03 09:00:00,2026.09.03 09:00:00,2026.09.03 09:00:00,"10****84",XAUUSD,108151,2026.09.03 08:45:00,NONE,4388.52879,4461.84684,47.52,4421.43764,8.11643,8.04500,0.00000,4431.00000,0.00000,0.00000,0.00000,0.00000,0.00,0.00,0.00,0.00,0.00,0.00,0.00,"Loss: $0.00 (Max $50.00) | Losses: 0/Max 2","Loss: 7.85% / Max: 20.00%","DD: 11.74% / Max: 20.00% (HWM: $522.02)","BypassedInTester","ActiveSession",TRUE,TRUE,TRUE,TRUE,TRUE,TRUE,TRUE,TRUE,FALSE,FALSE,FALSE,TRUE,FALSE,FALSE,FALSE,FALSE,FALSE,FALSE,FALSE,"No valid H1 trend alignment (EMA50 vs EMA200 or Close vs EMA50)","",0,0,0,0.00000,0.00000,0.00000,0.00000,"",0.00,0.00
2026.09.03 09:15:00,2026.09.03 09:15:00,2026.09.03 09:15:00,"10****84",XAUUSD,108151,2026.09.03 09:00:00,NONE,4388.52879,4461.84684,47.52,4421.95787,8.24714,8.04500,0.00000,4426.90000,0.00000,0.00000,0.00000,0.00000,0.00,0.00,0.00,0.00,0.00,0.00,0.00,"Loss: $0.00 (Max $50.00) | Losses: 0/Max 2","Loss: 7.85% / Max: 20.00%","DD: 11.74% / Max: 20.00% (HWM: $522.02)","BypassedInTester","ActiveSession",TRUE,TRUE,TRUE,TRUE,TRUE,TRUE,TRUE,TRUE,FALSE,FALSE,FALSE,TRUE,FALSE,FALSE,FALSE,FALSE,FALSE,FALSE,FALSE,"No valid H1 trend alignment (EMA50 vs EMA200 or Close vs EMA50)","",0,0,0,0.00000,0.00000,0.00000,0.00000,"",0.00,0.00
2026.09.03 09:30:00,2026.09.03 09:30:00,2026.09.03 09:30:00,"10****84",XAUUSD,108151,2026.09.03 09:15:00,NONE,4388.52879,4461.84684,47.52,4421.91140,8.51429,8.04500,0.00000,4421.47000,0.00000,0.00000,0.00000,0.00000,0.00,0.00,0.00,0.00,0.00,0.00,0.00,"Loss: $0.00 (Max $50.00) | Losses: 0/Max 2","Loss: 7.85% / Max: 20.00%","DD: 11.74% / Max: 20.00% (HWM: $522.02)","BypassedInTester","ActiveSession",TRUE,TRUE,TRUE,TRUE,TRUE,TRUE,TRUE,TRUE,FALSE,FALSE,FALSE,TRUE,FALSE,FALSE,FALSE,FALSE,FALSE,FALSE,FALSE,"No valid H1 trend alignment (EMA50 vs EMA200 or Close vs EMA50)","",0,0,0,0.00000,0.00000,0.00000,0.00000,"",0.00,0.00
2026.09.03 09:45:00,2026.09.03 09:45:00,2026.09.03 09:45:00,"10****84",XAUUSD,108151,2026.09.03 09:30:00,NONE,4388.52879,4461.84684,47.52,4422.25222,8.16429,8.04500,0.00000,4425.49000,0.00000,0.00000,0.00000,0.00000,0.00,0.00,0.00,0.00,0.00,0.00,0.00,"Loss: $0.00 (Max $50.00) | Losses: 0/Max 2","Loss: 7.85% / Max: 20.00%","DD: 11.74% / Max: 20.00% (HWM: $522.02)","BypassedInTester","ActiveSession",TRUE,TRUE,TRUE,TRUE,TRUE,TRUE,TRUE,TRUE,FALSE,FALSE,FALSE,TRUE,FALSE,FALSE,FALSE,FALSE,FALSE,FALSE,FALSE,"No valid H1 trend alignment (EMA50 vs EMA200 or Close vs EMA50)","",0,0,0,0.00000,0.00000,0.00000,0.00000,"",0.00,0.00
2026.09.03 10:00:00,2026.09.03 10:00:00,2026.09.03 10:00:00,"10****84",XAUUSD,108151,2026.09.03 09:45:00,NONE,4389.78256,4461.43543,48.04,4422.08534,8.27857,8.04500,0.00000,4420.50000,0.00000,0.00000,0.00000,0.00000,0.00,0.00,0.00,0.00,0.00,0.00,0.00,"Loss: $0.00 (Max $50.00) | Losses: 0/Max 2","Loss: 7.85% / Max: 20.00%","DD: 11.74% / Max: 20.00% (HWM: $522.02)","BypassedInTester","ActiveSession",TRUE,TRUE,TRUE,TRUE,TRUE,TRUE,TRUE,TRUE,FALSE,FALSE,FALSE,TRUE,FALSE,FALSE,FALSE,FALSE,FALSE,FALSE,FALSE,"No valid H1 trend alignment (EMA50 vs EMA200 or Close vs EMA50)","",0,0,0,0.00000,0.00000,0.00000,0.00000,"",0.00,0.00
2026.09.03 10:15:00,2026.09.03 10:15:00,2026.09.03 10:15:00,"10****84",XAUUSD,108151,2026.09.03 10:00:00,NONE,4389.78256,4461.43543,48.04,4422.07531,8.77429,8.04500,0.00000,4421.98000,0.00000,0.00000,0.00000,0.00000,0.00,0.00,0.00,0.00,0.00,0.00,0.00,"Loss: $0.00 (Max $50.00) | Losses: 0/Max 2","Loss: 7.85% / Max: 20.00%","DD: 11.74% / Max: 20.00% (HWM: $522.02)","BypassedInTester","ActiveSession",TRUE,TRUE,TRUE,TRUE,TRUE,TRUE,TRUE,TRUE,FALSE,FALSE,FALSE,TRUE,FALSE,FALSE,FALSE,FALSE,FALSE,FALSE,FALSE,"No valid H1 trend alignment (EMA50 vs EMA200 or Close vs EMA50)","",0,0,0,0.00000,0.00000,0.00000,0.00000,"",0.00,0.00
2026.09.03 10:30:00,2026.09.03 10:30:00,2026.09.03 10:30:00,"10****84",XAUUSD,108151,2026.09.03 10:15:00,NONE,4389.78256,4461.43543,48.04,4422.48338,8.87571,8.04500,0.00000,4426.36000,0.00000,0.00000,0.00000,0.00000,0.00,0.00,0.00,0.00,0.00,0.00,0.00,"Loss: $0.00 (Max $50.00) | Losses: 0/Max 2","Loss: 7.85% / Max: 20.00%","DD: 11.74% / Max: 20.00% (HWM: $522.02)","BypassedInTester","ActiveSession",TRUE,TRUE,TRUE,TRUE,TRUE,TRUE,TRUE,TRUE,FALSE,FALSE,FALSE,TRUE,FALSE,FALSE,FALSE,FALSE,FALSE,FALSE,FALSE,"No valid H1 trend alignment (EMA50 vs EMA200 or Close vs EMA50)","",0,0,0,0.00000,0.00000,0.00000,0.00000,"",0.00,0.00
2026.09.03 10:45:00,2026.09.03 10:45:00,2026.09.03 10:45:00,"10****84",XAUUSD,108151,2026.09.03 10:30:00,NONE,4389.78256,4461.43543,48.04,4422.88401,8.65143,8.04500,0.00000,4426.69000,0.00000,0.00000,0.00000,0.00000,0.00,0.00,0.00,0.00,0.00,0.00,0.00,"Loss: $0.00 (Max $50.00) | Losses: 0/Max 2","Loss: 7.85% / Max: 20.00%","DD: 11.74% / Max: 20.00% (HWM: $522.02)","BypassedInTester","ActiveSession",TRUE,TRUE,TRUE,TRUE,TRUE,TRUE,TRUE,TRUE,FALSE,FALSE,FALSE,TRUE,FALSE,FALSE,FALSE,FALSE,FALSE,FALSE,FALSE,"No valid H1 trend alignment (EMA50 vs EMA200 or Close vs EMA50)","",0,0,0,0.00000,0.00000,0.00000,0.00000,"",0.00,0.00
2026.09.03 11:00:00,2026.09.03 11:00:00,2026.09.03 11:00:00,"10****84",XAUUSD,108151,2026.09.03 10:45:00,NONE,4391.31109,4461.11030,48.49,4423.44363,8.66214,8.04500,0.00000,4428.76000,0.00000,0.00000,0.00000,0.00000,0.00,0.00,0.00,0.00,0.00,0.00,0.00,"Loss: $0.00 (Max $50.00) | Losses: 0/Max 2","Loss: 7.85% / Max: 20.00%","DD: 11.74% / Max: 20.00% (HWM: $522.02)","BypassedInTester","ActiveSession",TRUE,TRUE,TRUE,TRUE,TRUE,TRUE,TRUE,TRUE,FALSE,FALSE,FALSE,TRUE,FALSE,FALSE,FALSE,FALSE,FALSE,FALSE,FALSE,"No valid H1 trend alignment (EMA50 vs EMA200 or Close vs EMA50)","",0,0,0,0.00000,0.00000,0.00000,0.00000,"",0.00,0.00
2026.09.03 11:15:00,2026.09.03 11:15:00,2026.09.03 11:15:00,"10****84",XAUUSD,108151,2026.09.03 11:00:00,NONE,4391.31109,4461.11030,48.49,4424.18995,9.55143,8.04500,0.00000,4431.28000,0.00000,0.00000,0.00000,0.00000,0.00,0.00,0.00,0.00,0.00,0.00,0.00,"Loss: $0.00 (Max $50.00) | Losses: 0/Max 2","Loss: 7.85% / Max: 20.00%","DD: 11.74% / Max: 20.00% (HWM: $522.02)","BypassedInTester","ActiveSession",TRUE,TRUE,TRUE,TRUE,TRUE,TRUE,TRUE,TRUE,FALSE,FALSE,FALSE,TRUE,FALSE,FALSE,FALSE,FALSE,FALSE,FALSE,FALSE,"No valid H1 trend alignment (EMA50 vs EMA200 or Close vs EMA50)","",0,0,0,0.00000,0.00000,0.00000,0.00000,"",0.00,0.00
2026.09.03 11:30:00,2026.09.03 11:30:00,2026.09.03 11:30:00,"10****84",XAUUSD,108151,2026.09.03 11:15:00,NONE,4391.31109,4461.11030,48.49,4425.51757,9.84214,8.09000,0.00000,4438.13000,0.00000,0.00000,0.00000,0.00000,0.00,0.00,0.00,0.00,0.00,0.00,0.00,"Loss: $0.00 (Max $50.00) | Losses: 0/Max 2","Loss: 7.85% / Max: 20.00%","DD: 11.74% / Max: 20.00% (HWM: $522.02)","BypassedInTester","ActiveSession",TRUE,TRUE,TRUE,TRUE,TRUE,TRUE,TRUE,TRUE,FALSE,FALSE,FALSE,TRUE,FALSE,FALSE,FALSE,FALSE,FALSE,FALSE,FALSE,"No valid H1 trend alignment (EMA50 vs EMA200 or Close vs EMA50)","",0,0,0,0.00000,0.00000,0.00000,0.00000,"",0.00,0.00
2026.09.03 11:45:00,2026.09.03 11:45:00,2026.09.03 11:45:00,"10****84",XAUUSD,108151,2026.09.03 11:30:00,NONE,4391.31109,4461.11030,48.49,4426.32637,9.62714,8.12607,0.00000,4434.01000,0.00000,0.00000,0.00000,0.00000,0.00,0.00,0.00,0.00,0.00,0.00,0.00,"Loss: $0.00 (Max $50.00) | Losses: 0/Max 2","Loss: 7.85% / Max: 20.00%","DD: 11.74% / Max: 20.00% (HWM: $522.02)","BypassedInTester","ActiveSession",TRUE,TRUE,TRUE,TRUE,TRUE,TRUE,TRUE,TRUE,FALSE,FALSE,FALSE,TRUE,FALSE,FALSE,FALSE,FALSE,FALSE,FALSE,FALSE,"No valid H1 trend alignment (EMA50 vs EMA200 or Close vs EMA50)","",0,0,0,0.00000,0.00000,0.00000,0.00000,"",0.00,0.00
2026.09.03 12:00:00,2026.09.03 12:00:00,2026.09.03 12:00:00,"10****84",XAUUSD,108151,2026.09.03 11:45:00,NONE,4393.02007,4460.84941,50.44,4427.14196,9.47714,8.15000,0.00000,4434.89000,0.00000,0.00000,0.00000,0.00000,0.00,0.00,0.00,0.00,0.00,0.00,0.00,"Loss: $0.00 (Max $50.00) | Losses: 0/Max 2","Loss: 7.85% / Max: 20.00%","DD: 11.74% / Max: 20.00% (HWM: $522.02)","BypassedInTester","ActiveSession",TRUE,TRUE,TRUE,TRUE,TRUE,TRUE,TRUE,TRUE,FALSE,FALSE,FALSE,TRUE,FALSE,FALSE,FALSE,FALSE,FALSE,FALSE,FALSE,"No valid H1 trend alignment (EMA50 vs EMA200 or Close vs EMA50)","",0,0,0,0.00000,0.00000,0.00000,0.00000,"",0.00,0.00
2026.09.03 12:15:00,2026.09.03 12:15:00,2026.09.03 12:15:00,"10****84",XAUUSD,108151,2026.09.03 12:00:00,NONE,4393.02007,4460.84941,50.44,4428.16653,9.30000,8.20571,0.00000,4437.90000,0.00000,0.00000,0.00000,0.00000,0.00,0.00,0.00,0.00,0.00,0.00,0.00,"Loss: $0.00 (Max $50.00) | Losses: 0/Max 2","Loss: 7.85% / Max: 20.00%","DD: 11.74% / Max: 20.00% (HWM: $522.02)","BypassedInTester","ActiveSession",TRUE,TRUE,TRUE,TRUE,TRUE,TRUE,TRUE,TRUE,FALSE,FALSE,FALSE,TRUE,FALSE,FALSE,FALSE,FALSE,FALSE,FALSE,FALSE,"No valid H1 trend alignment (EMA50 vs EMA200 or Close vs EMA50)","",0,0,0,0.00000,0.00000,0.00000,0.00000,"",0.00,0.00
2026.09.03 12:30:00,2026.09.03 12:30:00,2026.09.03 12:30:00,"10****84",XAUUSD,108151,2026.09.03 12:15:00,NONE,4393.02007,4460.84941,50.44,4428.82782,8.96357,8.26286,0.00000,4435.11000,0.00000,0.00000,0.00000,0.00000,0.00,0.00,0.00,0.00,0.00,0.00,0.00,"Loss: $0.00 (Max $50.00) | Losses: 0/Max 2","Loss: 7.85% / Max: 20.00%","DD: 11.74% / Max: 20.00% (HWM: $522.02)","BypassedInTester","ActiveSession",TRUE,TRUE,TRUE,TRUE,TRUE,TRUE,TRUE,TRUE,FALSE,FALSE,FALSE,TRUE,FALSE,FALSE,FALSE,FALSE,FALSE,FALSE,FALSE,"No valid H1 trend alignment (EMA50 vs EMA200 or Close vs EMA50)","",0,0,0,0.00000,0.00000,0.00000,0.00000,"",0.00,0.00
2026.09.03 12:45:00,2026.09.03 12:45:00,2026.09.03 12:45:00,"10****84",XAUUSD,108151,2026.09.03 12:30:00,NONE,4393.02007,4460.84941,50.44,4428.93088,8.81357,8.37750,0.00000,4429.91000,0.00000,0.00000,0.00000,0.00000,0.00,0.00,0.00,0.00,0.00,0.00,0.00,"Loss: $0.00 (Max $50.00) | Losses: 0/Max 2","Loss: 7.85% / Max: 20.00%","DD: 11.74% / Max: 20.00% (HWM: $522.02)","BypassedInTester","ActiveSession",TRUE,TRUE,TRUE,TRUE,TRUE,TRUE,TRUE,TRUE,FALSE,FALSE,FALSE,TRUE,FALSE,FALSE,FALSE,FALSE,FALSE,FALSE,FALSE,"No valid H1 trend alignment (EMA50 vs EMA200 or Close vs EMA50)","",0,0,0,0.00000,0.00000,0.00000,0.00000,"",0.00,0.00
2026.09.03 13:00:00,2026.09.03 13:00:00,2026.09.03 13:00:00,"10****84",XAUUSD,108151,2026.09.03 12:45:00,NONE,4394.37261,4460.51767,51.09,4428.79556,8.26214,8.49536,0.00000,4427.51000,0.00000,0.00000,0.00000,0.00000,0.00,0.00,0.00,0.00,0.00,0.00,0.00,"Loss: $0.00 (Max $50.00) | Losses: 0/Max 2","Loss: 7.85% / Max: 20.00%","DD: 11.74% / Max: 20.00% (HWM: $522.02)","BypassedInTester","ActiveSession",TRUE,TRUE,TRUE,TRUE,TRUE,TRUE,TRUE,TRUE,FALSE,FALSE,FALSE,TRUE,FALSE,FALSE,FALSE,FALSE,FALSE,FALSE,FALSE,"No valid H1 trend alignment (EMA50 vs EMA200 or Close vs EMA50)","",0,0,0,0.00000,0.00000,0.00000,0.00000,"",0.00,0.00
2026.09.03 13:15:00,2026.09.03 13:15:00,2026.09.03 13:15:00,"10****84",XAUUSD,108151,2026.09.03 13:00:00,NONE,4394.37261,4460.51767,51.09,4428.38074,8.33643,8.49536,0.00000,4424.44000,0.00000,0.00000,0.00000,0.00000,0.00,0.00,0.00,0.00,0.00,0.00,0.00,"Loss: $0.00 (Max $50.00) | Losses: 0/Max 2","Loss: 7.85% / Max: 20.00%","DD: 11.74% / Max: 20.00% (HWM: $522.02)","BypassedInTester","ActiveSession",TRUE,TRUE,TRUE,TRUE,TRUE,TRUE,TRUE,TRUE,FALSE,FALSE,FALSE,TRUE,FALSE,FALSE,FALSE,FALSE,FALSE,FALSE,FALSE,"No valid H1 trend alignment (EMA50 vs EMA200 or Close vs EMA50)","",0,0,0,0.00000,0.00000,0.00000,0.00000,"",0.00,0.00
2026.09.03 13:30:00,2026.09.03 13:30:00,2026.09.03 13:30:00,"10****84",XAUUSD,108151,2026.09.03 13:15:00,NONE,4394.37261,4460.51767,51.09,4427.81686,8.21857,8.49536,0.00000,4422.46000,0.00000,0.00000,0.00000,0.00000,0.00,0.00,0.00,0.00,0.00,0.00,0.00,"Loss: $0.00 (Max $50.00) | Losses: 0/Max 2","Loss: 7.85% / Max: 20.00%","DD: 11.74% / Max: 20.00% (HWM: $522.02)","BypassedInTester","ActiveSession",TRUE,TRUE,TRUE,TRUE,TRUE,TRUE,TRUE,TRUE,FALSE,FALSE,FALSE,TRUE,FALSE,FALSE,FALSE,FALSE,FALSE,FALSE,FALSE,"No valid H1 trend alignment (EMA50 vs EMA200 or Close vs EMA50)","",0,0,0,0.00000,0.00000,0.00000,0.00000,"",0.00,0.00
2026.09.03 13:45:00,2026.09.03 13:45:00,2026.09.03 13:45:00,"10****84",XAUUSD,108151,2026.09.03 13:30:00,NONE,4394.37261,4460.51767,51.09,4427.60764,7.77214,8.49536,0.00000,4425.62000,0.00000,0.00000,0.00000,0.00000,0.00,0.00,0.00,0.00,0.00,0.00,0.00,"Loss: $0.00 (Max $50.00) | Losses: 0/Max 2","Loss: 7.85% / Max: 20.00%","DD: 11.74% / Max: 20.00% (HWM: $522.02)","BypassedInTester","ActiveSession",TRUE,TRUE,TRUE,TRUE,TRUE,TRUE,TRUE,TRUE,FALSE,FALSE,FALSE,TRUE,FALSE,FALSE,FALSE,FALSE,FALSE,FALSE,FALSE,"No valid H1 trend alignment (EMA50 vs EMA200 or Close vs EMA50)","",0,0,0,0.00000,0.00000,0.00000,0.00000,"",0.00,0.00
2026.09.03 14:00:00,2026.09.03 14:00:00,2026.09.03 14:00:00,"10****84",XAUUSD,108151,2026.09.03 13:45:00,NONE,4395.65879,4460.18585,47.60,4427.56596,7.47571,8.40643,0.00000,4427.17000,0.00000,0.00000,0.00000,0.00000,0.00,0.00,0.00,0.00,0.00,0.00,0.00,"Loss: $0.00 (Max $50.00) | Losses: 0/Max 2","Loss: 7.85% / Max: 20.00%","DD: 11.74% / Max: 20.00% (HWM: $522.02)","BypassedInTester","ActiveSession",TRUE,TRUE,TRUE,TRUE,TRUE,TRUE,TRUE,TRUE,FALSE,FALSE,FALSE,TRUE,FALSE,FALSE,FALSE,FALSE,FALSE,FALSE,FALSE,"No valid H1 trend alignment (EMA50 vs EMA200 or Close vs EMA50)","",0,0,0,0.00000,0.00000,0.00000,0.00000,"",0.00,0.00
2026.09.03 14:15:00,2026.09.03 14:15:00,2026.09.03 14:15:00,"10****84",XAUUSD,108151,2026.09.03 14:00:00,NONE,4395.65879,4460.18585,47.60,4428.04158,7.51357,8.30750,0.00000,4432.56000,0.00000,0.00000,0.00000,0.00000,0.00,0.00,0.00,0.00,0.00,0.00,0.00,"Loss: $0.00 (Max $50.00) | Losses: 0/Max 2","Loss: 7.85% / Max: 20.00%","DD: 11.74% / Max: 20.00% (HWM: $522.02)","BypassedInTester","ActiveSession",TRUE,TRUE,TRUE,TRUE,TRUE,TRUE,TRUE,TRUE,FALSE,FALSE,FALSE,TRUE,FALSE,FALSE,FALSE,FALSE,FALSE,FALSE,FALSE,"No valid H1 trend alignment (EMA50 vs EMA200 or Close vs EMA50)","",0,0,0,0.00000,0.00000,0.00000,0.00000,"",0.00,0.00
2026.09.03 14:30:00,2026.09.03 14:30:00,2026.09.03 14:30:00,"10****84",XAUUSD,108151,2026.09.03 14:15:00,NONE,4395.65879,4460.18585,47.60,4428.64048,7.57571,8.27036,0.00000,4434.33000,0.00000,0.00000,0.00000,0.00000,0.00,0.00,0.00,0.00,0.00,0.00,0.00,"Loss: $0.00 (Max $50.00) | Losses: 0/Max 2","Loss: 7.85% / Max: 20.00%","DD: 11.74% / Max: 20.00% (HWM: $522.02)","BypassedInTester","ActiveSession",TRUE,TRUE,TRUE,TRUE,TRUE,TRUE,TRUE,TRUE,FALSE,FALSE,FALSE,TRUE,FALSE,FALSE,FALSE,FALSE,FALSE,FALSE,FALSE,"No valid H1 trend alignment (EMA50 vs EMA200 or Close vs EMA50)","",0,0,0,0.00000,0.00000,0.00000,0.00000,"",0.00,0.00
2026.09.03 14:45:00,2026.09.03 14:45:00,2026.09.03 14:45:00,"10****84",XAUUSD,108151,2026.09.03 14:30:00,NONE,4395.65879,4460.18585,47.60,4429.59186,7.36786,8.25464,0.00000,4438.63000,0.00000,0.00000,0.00000,0.00000,0.00,0.00,0.00,0.00,0.00,0.00,0.00,"Loss: $0.00 (Max $50.00) | Losses: 0/Max 2","Loss: 7.85% / Max: 20.00%","DD: 11.74% / Max: 20.00% (HWM: $522.02)","BypassedInTester","ActiveSession",TRUE,TRUE,TRUE,TRUE,TRUE,TRUE,TRUE,TRUE,FALSE,FALSE,FALSE,TRUE,FALSE,FALSE,FALSE,FALSE,FALSE,FALSE,FALSE,"No valid H1 trend alignment (EMA50 vs EMA200 or Close vs EMA50)","",0,0,0,0.00000,0.00000,0.00000,0.00000,"",0.00,0.00
2026.09.03 15:00:00,2026.09.03 15:00:00,2026.09.03 15:00:00,"10****84",XAUUSD,108151,2026.09.03 14:45:00,NONE,4397.55687,4460.02540,46.79,4430.96978,7.35857,8.25464,0.00000,4444.06000,0.00000,0.00000,0.00000,0.00000,0.00,0.00,0.00,0.00,0.00,0.00,0.00,"Loss: $0.00 (Max $50.00) | Losses: 0/Max 2","Loss: 7.85% / Max: 20.00%","DD: 11.74% / Max: 20.00% (HWM: $522.02)","BypassedInTester","ActiveSession",TRUE,TRUE,TRUE,TRUE,TRUE,TRUE,TRUE,TRUE,FALSE,FALSE,FALSE,TRUE,FALSE,FALSE,FALSE,FALSE,FALSE,FALSE,FALSE,"No valid H1 trend alignment (EMA50 vs EMA200 or Close vs EMA50)","",0,0,0,0.00000,0.00000,0.00000,0.00000,"",0.00,0.00
2026.09.03 15:15:00,2026.09.03 15:15:00,2026.09.03 15:15:00,"10****84",XAUUSD,108151,2026.09.03 15:00:00,NONE,4397.55687,4460.02540,46.79,4432.19932,7.41071,8.25464,0.00000,4443.88000,0.00000,0.00000,0.00000,0.00000,0.00,0.00,0.00,0.00,0.00,0.00,0.00,"Loss: $0.00 (Max $50.00) | Losses: 0/Max 2","Loss: 7.85% / Max: 20.00%","DD: 11.74% / Max: 20.00% (HWM: $522.02)","BypassedInTester","ActiveSession",TRUE,TRUE,TRUE,TRUE,TRUE,TRUE,TRUE,TRUE,FALSE,FALSE,FALSE,TRUE,FALSE,FALSE,FALSE,FALSE,FALSE,FALSE,FALSE,"No valid H1 trend alignment (EMA50 vs EMA200 or Close vs EMA50)","",0,0,0,0.00000,0.00000,0.00000,0.00000,"",0.00,0.00
2026.09.03 15:30:00,2026.09.03 15:30:00,2026.09.03 15:30:00,"10****84",XAUUSD,108151,2026.09.03 15:15:00,NONE,4397.55687,4460.02540,46.79,4433.56510,7.78286,8.25464,0.00000,4446.54000,0.00000,0.00000,0.00000,0.00000,0.00,0.00,0.00,0.00,0.00,0.00,0.00,"Loss: $0.00 (Max $50.00) | Losses: 0/Max 2","Loss: 7.85% / Max: 20.00%","DD: 11.74% / Max: 20.00% (HWM: $522.02)","BypassedInTester","ActiveSession",TRUE,TRUE,TRUE,TRUE,TRUE,TRUE,TRUE,TRUE,FALSE,FALSE,FALSE,TRUE,FALSE,FALSE,FALSE,FALSE,FALSE,FALSE,FALSE,"No valid H1 trend alignment (EMA50 vs EMA200 or Close vs EMA50)","",0,0,0,0.00000,0.00000,0.00000,0.00000,"",0.00,0.00
2026.09.03 15:45:00,2026.09.03 15:45:00,2026.09.03 15:45:00,"10****84",XAUUSD,108151,2026.09.03 15:30:00,NONE,4397.55687,4460.02540,46.79,4436.82652,10.05286,8.25464,0.00000,4467.81000,0.00000,0.00000,0.00000,0.00000,0.00,0.00,0.00,0.00,0.00,0.00,0.00,"Loss: $0.00 (Max $50.00) | Losses: 0/Max 2","Loss: 7.85% / Max: 20.00%","DD: 11.74% / Max: 20.00% (HWM: $522.02)","BypassedInTester","ActiveSession",TRUE,TRUE,TRUE,TRUE,TRUE,TRUE,TRUE,TRUE,FALSE,FALSE,FALSE,TRUE,FALSE,FALSE,FALSE,FALSE,FALSE,FALSE,FALSE,"No valid H1 trend alignment (EMA50 vs EMA200 or Close vs EMA50)","",0,0,0,0.00000,0.00000,0.00000,0.00000,"",0.00,0.00
2026.09.03 16:00:00,2026.09.03 16:00:00,2026.09.03 16:00:00,"10****84",XAUUSD,108151,2026.09.03 15:45:00,NONE,0.00000,0.00000,0.00,0.00000,0.00000,0.00000,0.00000,0.00000,0.00000,0.00000,0.00000,0.00000,0.00,0.00,0.00,0.00,0.00,0.00,0.00,"","","","","OutsideUTCWindow",TRUE,TRUE,FALSE,FALSE,FALSE,FALSE,FALSE,FALSE,FALSE,FALSE,FALSE,FALSE,FALSE,FALSE,FALSE,FALSE,FALSE,FALSE,FALSE,"Outside UTC session (08:00 - 16:00 UTC, Current: 16:00)","",0,0,0,0.00000,0.00000,0.00000,0.00000,"",0.00,0.00
2026.09.03 16:15:00,2026.09.03 16:15:00,2026.09.03 16:15:00,"10****84",XAUUSD,108151,2026.09.03 16:00:00,NONE,0.00000,0.00000,0.00,0.00000,0.00000,0.00000,0.00000,0.00000,0.00000,0.00000,0.00000,0.00000,0.00,0.00,0.00,0.00,0.00,0.00,0.00,"","","","","OutsideUTCWindow",TRUE,TRUE,FALSE,FALSE,FALSE,FALSE,FALSE,FALSE,FALSE,FALSE,FALSE,FALSE,FALSE,FALSE,FALSE,FALSE,FALSE,FALSE,FALSE,"Outside UTC session (08:00 - 16:00 UTC, Current: 16:15)","",0,0,0,0.00000,0.00000,0.00000,0.00000,"",0.00,0.00
2026.09.03 16:30:00,2026.09.03 16:30:00,2026.09.03 16:30:00,"10****84",XAUUSD,108151,2026.09.03 16:15:00,NONE,0.00000,0.00000,0.00,0.00000,0.00000,0.00000,0.00000,0.00000,0.00000,0.00000,0.00000,0.00000,0.00,0.00,0.00,0.00,0.00,0.00,0.00,"","","","","OutsideUTCWindow",TRUE,TRUE,FALSE,FALSE,FALSE,FALSE,FALSE,FALSE,FALSE,FALSE,FALSE,FALSE,FALSE,FALSE,FALSE,FALSE,FALSE,FALSE,FALSE,"Outside UTC session (08:00 - 16:00 UTC, Current: 16:30)","",0,0,0,0.00000,0.00000,0.00000,0.00000,"",0.00,0.00
2026.09.03 16:45:00,2026.09.03 16:45:00,2026.09.03 16:45:00,"10****84",XAUUSD,108151,2026.09.03 16:30:00,NONE,0.00000,0.00000,0.00,0.00000,0.00000,0.00000,0.00000,0.00000,0.00000,0.00000,0.00000,0.00000,0.00,0.00,0.00,0.00,0.00,0.00,0.00,"","","","","OutsideUTCWindow",TRUE,TRUE,FALSE,FALSE,FALSE,FALSE,FALSE,FALSE,FALSE,FALSE,FALSE,FALSE,FALSE,FALSE,FALSE,FALSE,FALSE,FALSE,FALSE,"Outside UTC session (08:00 - 16:00 UTC, Current: 16:45)","",0,0,0,0.00000,0.00000,0.00000,0.00000,"",0.00,0.00
2026.09.03 17:00:00,2026.09.03 17:00:00,2026.09.03 17:00:00,"10****84",XAUUSD,108151,2026.09.03 16:45:00,NONE,0.00000,0.00000,0.00,0.00000,0.00000,0.00000,0.00000,0.00000,0.00000,0.00000,0.00000,0.00000,0.00,0.00,0.00,0.00,0.00,0.00,0.00,"","","","","OutsideUTCWindow",TRUE,TRUE,FALSE,FALSE,FALSE,FALSE,FALSE,FALSE,FALSE,FALSE,FALSE,FALSE,FALSE,FALSE,FALSE,FALSE,FALSE,FALSE,FALSE,"Outside UTC session (08:00 - 16:00 UTC, Current: 17:00)","",0,0,0,0.00000,0.00000,0.00000,0.00000,"",0.00,0.00
2026.09.03 17:15:00,2026.09.03 17:15:00,2026.09.03 17:15:00,"10****84",XAUUSD,108151,2026.09.03 17:00:00,NONE,0.00000,0.00000,0.00,0.00000,0.00000,0.00000,0.00000,0.00000,0.00000,0.00000,0.00000,0.00000,0.00,0.00,0.00,0.00,0.00,0.00,0.00,"","","","","OutsideUTCWindow",TRUE,TRUE,FALSE,FALSE,FALSE,FALSE,FALSE,FALSE,FALSE,FALSE,FALSE,FALSE,FALSE,FALSE,FALSE,FALSE,FALSE,FALSE,FALSE,"Outside UTC session (08:00 - 16:00 UTC, Current: 17:15)","",0,0,0,0.00000,0.00000,0.00000,0.00000,"",0.00,0.00
2026.09.03 17:30:00,2026.09.03 17:30:00,2026.09.03 17:30:00,"10****84",XAUUSD,108151,2026.09.03 17:15:00,NONE,0.00000,0.00000,0.00,0.00000,0.00000,0.00000,0.00000,0.00000,0.00000,0.00000,0.00000,0.00000,0.00,0.00,0.00,0.00,0.00,0.00,0.00,"","","","","OutsideUTCWindow",TRUE,TRUE,FALSE,FALSE,FALSE,FALSE,FALSE,FALSE,FALSE,FALSE,FALSE,FALSE,FALSE,FALSE,FALSE,FALSE,FALSE,FALSE,FALSE,"Outside UTC session (08:00 - 16:00 UTC, Current: 17:30)","",0,0,0,0.00000,0.00000,0.00000,0.00000,"",0.00,0.00
2026.09.03 17:45:00,2026.09.03 17:45:00,2026.09.03 17:45:00,"10****84",XAUUSD,108151,2026.09.03 17:30:00,NONE,0.00000,0.00000,0.00,0.00000,0.00000,0.00000,0.00000,0.00000,0.00000,0.00000,0.00000,0.00000,0.00,0.00,0.00,0.00,0.00,0.00,0.00,"","","","","OutsideUTCWindow",TRUE,TRUE,FALSE,FALSE,FALSE,FALSE,FALSE,FALSE,FALSE,FALSE,FALSE,FALSE,FALSE,FALSE,FALSE,FALSE,FALSE,FALSE,FALSE,"Outside UTC session (08:00 - 16:00 UTC, Current: 17:45)","",0,0,0,0.00000,0.00000,0.00000,0.00000,"",0.00,0.00
2026.09.03 18:00:00,2026.09.03 18:00:00,2026.09.03 18:00:00,"10****84",XAUUSD,108151,2026.09.03 17:45:00,NONE,0.00000,0.00000,0.00,0.00000,0.00000,0.00000,0.00000,0.00000,0.00000,0.00000,0.00000,0.00000,0.00,0.00,0.00,0.00,0.00,0.00,0.00,"","","","","OutsideUTCWindow",TRUE,TRUE,FALSE,FALSE,FALSE,FALSE,FALSE,FALSE,FALSE,FALSE,FALSE,FALSE,FALSE,FALSE,FALSE,FALSE,FALSE,FALSE,FALSE,"Outside UTC session (08:00 - 16:00 UTC, Current: 18:00)","",0,0,0,0.00000,0.00000,0.00000,0.00000,"",0.00,0.00
2026.09.03 18:15:00,2026.09.03 18:15:00,2026.09.03 18:15:00,"10****84",XAUUSD,108151,2026.09.03 18:00:00,NONE,0.00000,0.00000,0.00,0.00000,0.00000,0.00000,0.00000,0.00000,0.00000,0.00000,0.00000,0.00000,0.00,0.00,0.00,0.00,0.00,0.00,0.00,"","","","","OutsideUTCWindow",TRUE,TRUE,FALSE,FALSE,FALSE,FALSE,FALSE,FALSE,FALSE,FALSE,FALSE,FALSE,FALSE,FALSE,FALSE,FALSE,FALSE,FALSE,FALSE,"Outside UTC session (08:00 - 16:00 UTC, Current: 18:15)","",0,0,0,0.00000,0.00000,0.00000,0.00000,"",0.00,0.00
2026.09.03 18:30:00,2026.09.03 18:30:00,2026.09.03 18:30:00,"10****84",XAUUSD,108151,2026.09.03 18:15:00,NONE,0.00000,0.00000,0.00,0.00000,0.00000,0.00000,0.00000,0.00000,0.00000,0.00000,0.00000,0.00000,0.00,0.00,0.00,0.00,0.00,0.00,0.00,"","","","","OutsideUTCWindow",TRUE,TRUE,FALSE,FALSE,FALSE,FALSE,FALSE,FALSE,FALSE,FALSE,FALSE,FALSE,FALSE,FALSE,FALSE,FALSE,FALSE,FALSE,FALSE,"Outside UTC session (08:00 - 16:00 UTC, Current: 18:30)","",0,0,0,0.00000,0.00000,0.00000,0.00000,"",0.00,0.00
2026.09.03 18:45:00,2026.09.03 18:45:00,2026.09.03 18:45:00,"10****84",XAUUSD,108151,2026.09.03 18:30:00,NONE,0.00000,0.00000,0.00,0.00000,0.00000,0.00000,0.00000,0.00000,0.00000,0.00000,0.00000,0.00000,0.00,0.00,0.00,0.00,0.00,0.00,0.00,"","","","","OutsideUTCWindow",TRUE,TRUE,FALSE,FALSE,FALSE,FALSE,FALSE,FALSE,FALSE,FALSE,FALSE,FALSE,FALSE,FALSE,FALSE,FALSE,FALSE,FALSE,FALSE,"Outside UTC session (08:00 - 16:00 UTC, Current: 18:45)","",0,0,0,0.00000,0.00000,0.00000,0.00000,"",0.00,0.00
2026.09.03 19:00:00,2026.09.03 19:00:00,2026.09.03 19:00:00,"10****84",XAUUSD,108151,2026.09.03 18:45:00,NONE,0.00000,0.00000,0.00,0.00000,0.00000,0.00000,0.00000,0.00000,0.00000,0.00000,0.00000,0.00000,0.00,0.00,0.00,0.00,0.00,0.00,0.00,"","","","","OutsideUTCWindow",TRUE,TRUE,FALSE,FALSE,FALSE,FALSE,FALSE,FALSE,FALSE,FALSE,FALSE,FALSE,FALSE,FALSE,FALSE,FALSE,FALSE,FALSE,FALSE,"Outside UTC session (08:00 - 16:00 UTC, Current: 19:00)","",0,0,0,0.00000,0.00000,0.00000,0.00000,"",0.00,0.00
2026.09.03 19:15:00,2026.09.03 19:15:00,2026.09.03 19:15:00,"10****84",XAUUSD,108151,2026.09.03 19:00:00,NONE,0.00000,0.00000,0.00,0.00000,0.00000,0.00000,0.00000,0.00000,0.00000,0.00000,0.00000,0.00000,0.00,0.00,0.00,0.00,0.00,0.00,0.00,"","","","","OutsideUTCWindow",TRUE,TRUE,FALSE,FALSE,FALSE,FALSE,FALSE,FALSE,FALSE,FALSE,FALSE,FALSE,FALSE,FALSE,FALSE,FALSE,FALSE,FALSE,FALSE,"Outside UTC session (08:00 - 16:00 UTC, Current: 19:15)","",0,0,0,0.00000,0.00000,0.00000,0.00000,"",0.00,0.00
2026.09.03 19:30:00,2026.09.03 19:30:00,2026.09.03 19:30:00,"10****84",XAUUSD,108151,2026.09.03 19:15:00,NONE,0.00000,0.00000,0.00,0.00000,0.00000,0.00000,0.00000,0.00000,0.00000,0.00000,0.00000,0.00000,0.00,0.00,0.00,0.00,0.00,0.00,0.00,"","","","","OutsideUTCWindow",TRUE,TRUE,FALSE,FALSE,FALSE,FALSE,FALSE,FALSE,FALSE,FALSE,FALSE,FALSE,FALSE,FALSE,FALSE,FALSE,FALSE,FALSE,FALSE,"Outside UTC session (08:00 - 16:00 UTC, Current: 19:30)","",0,0,0,0.00000,0.00000,0.00000,0.00000,"",0.00,0.00
2026.09.03 19:45:00,2026.09.03 19:45:00,2026.09.03 19:45:00,"10****84",XAUUSD,108151,2026.09.03 19:30:00,NONE,0.00000,0.00000,0.00,0.00000,0.00000,0.00000,0.00000,0.00000,0.00000,0.00000,0.00000,0.00000,0.00,0.00,0.00,0.00,0.00,0.00,0.00,"","","","","OutsideUTCWindow",TRUE,TRUE,FALSE,FALSE,FALSE,FALSE,FALSE,FALSE,FALSE,FALSE,FALSE,FALSE,FALSE,FALSE,FALSE,FALSE,FALSE,FALSE,FALSE,"Outside UTC session (08:00 - 16:00 UTC, Current: 19:45)","",0,0,0,0.00000,0.00000,0.00000,0.00000,"",0.00,0.00
2026.09.03 20:00:00,2026.09.03 20:00:00,2026.09.03 20:00:00,"10****84",XAUUSD,108151,2026.09.03 19:45:00,NONE,0.00000,0.00000,0.00,0.00000,0.00000,0.00000,0.00000,0.00000,0.00000,0.00000,0.00000,0.00000,0.00,0.00,0.00,0.00,0.00,0.00,0.00,"","","","","OutsideUTCWindow",TRUE,TRUE,FALSE,FALSE,FALSE,FALSE,FALSE,FALSE,FALSE,FALSE,FALSE,FALSE,FALSE,FALSE,FALSE,FALSE,FALSE,FALSE,FALSE,"Outside UTC session (08:00 - 16:00 UTC, Current: 20:00)","",0,0,0,0.00000,0.00000,0.00000,0.00000,"",0.00,0.00
2026.09.03 20:15:00,2026.09.03 20:15:00,2026.09.03 20:15:00,"10****84",XAUUSD,108151,2026.09.03 20:00:00,NONE,0.00000,0.00000,0.00,0.00000,0.00000,0.00000,0.00000,0.00000,0.00000,0.00000,0.00000,0.00000,0.00,0.00,0.00,0.00,0.00,0.00,0.00,"","","","","OutsideUTCWindow",TRUE,TRUE,FALSE,FALSE,FALSE,FALSE,FALSE,FALSE,FALSE,FALSE,FALSE,FALSE,FALSE,FALSE,FALSE,FALSE,FALSE,FALSE,FALSE,"Outside UTC session (08:00 - 16:00 UTC, Current: 20:15)","",0,0,0,0.00000,0.00000,0.00000,0.00000,"",0.00,0.00
2026.09.03 20:30:00,2026.09.03 20:30:00,2026.09.03 20:30:00,"10****84",XAUUSD,108151,2026.09.03 20:15:00,NONE,0.00000,0.00000,0.00,0.00000,0.00000,0.00000,0.00000,0.00000,0.00000,0.00000,0.00000,0.00000,0.00,0.00,0.00,0.00,0.00,0.00,0.00,"","","","","OutsideUTCWindow",TRUE,TRUE,FALSE,FALSE,FALSE,FALSE,FALSE,FALSE,FALSE,FALSE,FALSE,FALSE,FALSE,FALSE,FALSE,FALSE,FALSE,FALSE,FALSE,"Outside UTC session (08:00 - 16:00 UTC, Current: 20:30)","",0,0,0,0.00000,0.00000,0.00000,0.00000,"",0.00,0.00
2026.09.03 20:45:00,2026.09.03 20:45:00,2026.09.03 20:45:00,"10****84",XAUUSD,108151,2026.09.03 20:30:00,NONE,0.00000,0.00000,0.00,0.00000,0.00000,0.00000,0.00000,0.00000,0.00000,0.00000,0.00000,0.00000,0.00,0.00,0.00,0.00,0.00,0.00,0.00,"","","","","OutsideUTCWindow",TRUE,TRUE,FALSE,FALSE,FALSE,FALSE,FALSE,FALSE,FALSE,FALSE,FALSE,FALSE,FALSE,FALSE,FALSE,FALSE,FALSE,FALSE,FALSE,"Outside UTC session (08:00 - 16:00 UTC, Current: 20:45)","",0,0,0,0.00000,0.00000,0.00000,0.00000,"",0.00,0.00
2026.09.03 21:00:00,2026.09.03 21:00:00,2026.09.03 21:00:00,"10****84",XAUUSD,108151,2026.09.03 20:45:00,NONE,0.00000,0.00000,0.00,0.00000,0.00000,0.00000,0.00000,0.00000,0.00000,0.00000,0.00000,0.00000,0.00,0.00,0.00,0.00,0.00,0.00,0.00,"","","","","OutsideUTCWindow",TRUE,TRUE,FALSE,FALSE,FALSE,FALSE,FALSE,FALSE,FALSE,FALSE,FALSE,FALSE,FALSE,FALSE,FALSE,FALSE,FALSE,FALSE,FALSE,"Outside UTC session (08:00 - 16:00 UTC, Current: 21:00)","",0,0,0,0.00000,0.00000,0.00000,0.00000,"",0.00,0.00
2026.09.03 21:15:00,2026.09.03 21:15:00,2026.09.03 21:15:00,"10****84",XAUUSD,108151,2026.09.03 21:00:00,NONE,0.00000,0.00000,0.00,0.00000,0.00000,0.00000,0.00000,0.00000,0.00000,0.00000,0.00000,0.00000,0.00,0.00,0.00,0.00,0.00,0.00,0.00,"","","","","OutsideUTCWindow",TRUE,TRUE,FALSE,FALSE,FALSE,FALSE,FALSE,FALSE,FALSE,FALSE,FALSE,FALSE,FALSE,FALSE,FALSE,FALSE,FALSE,FALSE,FALSE,"Outside UTC session (08:00 - 16:00 UTC, Current: 21:15)","",0,0,0,0.00000,0.00000,0.00000,0.00000,"",0.00,0.00
2026.09.03 21:30:00,2026.09.03 21:30:00,2026.09.03 21:30:00,"10****84",XAUUSD,108151,2026.09.03 21:15:00,NONE,0.00000,0.00000,0.00,0.00000,0.00000,0.00000,0.00000,0.00000,0.00000,0.00000,0.00000,0.00000,0.00,0.00,0.00,0.00,0.00,0.00,0.00,"","","","","OutsideUTCWindow",TRUE,TRUE,FALSE,FALSE,FALSE,FALSE,FALSE,FALSE,FALSE,FALSE,FALSE,FALSE,FALSE,FALSE,FALSE,FALSE,FALSE,FALSE,FALSE,"Outside UTC session (08:00 - 16:00 UTC, Current: 21:30)","",0,0,0,0.00000,0.00000,0.00000,0.00000,"",0.00,0.00
2026.09.03 21:45:00,2026.09.03 21:45:00,2026.09.03 21:45:00,"10****84",XAUUSD,108151,2026.09.03 21:30:00,NONE,0.00000,0.00000,0.00,0.00000,0.00000,0.00000,0.00000,0.00000,0.00000,0.00000,0.00000,0.00000,0.00,0.00,0.00,0.00,0.00,0.00,0.00,"","","","","OutsideUTCWindow",TRUE,TRUE,FALSE,FALSE,FALSE,FALSE,FALSE,FALSE,FALSE,FALSE,FALSE,FALSE,FALSE,FALSE,FALSE,FALSE,FALSE,FALSE,FALSE,"Outside UTC session (08:00 - 16:00 UTC, Current: 21:45)","",0,0,0,0.00000,0.00000,0.00000,0.00000,"",0.00,0.00
2026.09.03 22:00:00,2026.09.03 22:00:00,2026.09.03 22:00:00,"10****84",XAUUSD,108151,2026.09.03 21:45:00,NONE,0.00000,0.00000,0.00,0.00000,0.00000,0.00000,0.00000,0.00000,0.00000,0.00000,0.00000,0.00000,0.00,0.00,0.00,0.00,0.00,0.00,0.00,"","","","","OutsideUTCWindow",TRUE,TRUE,FALSE,FALSE,FALSE,FALSE,FALSE,FALSE,FALSE,FALSE,FALSE,FALSE,FALSE,FALSE,FALSE,FALSE,FALSE,FALSE,FALSE,"Outside UTC session (08:00 - 16:00 UTC, Current: 22:00)","",0,0,0,0.00000,0.00000,0.00000,0.00000,"",0.00,0.00
2026.09.03 22:15:00,2026.09.03 22:15:00,2026.09.03 22:15:00,"10****84",XAUUSD,108151,2026.09.03 22:00:00,NONE,0.00000,0.00000,0.00,0.00000,0.00000,0.00000,0.00000,0.00000,0.00000,0.00000,0.00000,0.00000,0.00,0.00,0.00,0.00,0.00,0.00,0.00,"","","","","OutsideUTCWindow",TRUE,TRUE,FALSE,FALSE,FALSE,FALSE,FALSE,FALSE,FALSE,FALSE,FALSE,FALSE,FALSE,FALSE,FALSE,FALSE,FALSE,FALSE,FALSE,"Outside UTC session (08:00 - 16:00 UTC, Current: 22:15)","",0,0,0,0.00000,0.00000,0.00000,0.00000,"",0.00,0.00
2026.09.03 22:30:00,2026.09.03 22:30:00,2026.09.03 22:30:00,"10****84",XAUUSD,108151,2026.09.03 22:15:00,NONE,0.00000,0.00000,0.00,0.00000,0.00000,0.00000,0.00000,0.00000,0.00000,0.00000,0.00000,0.00000,0.00,0.00,0.00,0.00,0.00,0.00,0.00,"","","","","OutsideUTCWindow",TRUE,TRUE,FALSE,FALSE,FALSE,FALSE,FALSE,FALSE,FALSE,FALSE,FALSE,FALSE,FALSE,FALSE,FALSE,FALSE,FALSE,FALSE,FALSE,"Outside UTC session (08:00 - 16:00 UTC, Current: 22:30)","",0,0,0,0.00000,0.00000,0.00000,0.00000,"",0.00,0.00
2026.09.03 22:45:00,2026.09.03 22:45:00,2026.09.03 22:45:00,"10****84",XAUUSD,108151,2026.09.03 22:30:00,NONE,0.00000,0.00000,0.00,0.00000,0.00000,0.00000,0.00000,0.00000,0.00000,0.00000,0.00000,0.00000,0.00,0.00,0.00,0.00,0.00,0.00,0.00,"","","","","OutsideUTCWindow",TRUE,TRUE,FALSE,FALSE,FALSE,FALSE,FALSE,FALSE,FALSE,FALSE,FALSE,FALSE,FALSE,FALSE,FALSE,FALSE,FALSE,FALSE,FALSE,"Outside UTC session (08:00 - 16:00 UTC, Current: 22:45)","",0,0,0,0.00000,0.00000,0.00000,0.00000,"",0.00,0.00
2026.09.04 01:00:00,2026.09.04 01:00:00,2026.09.04 01:00:00,"10****84",XAUUSD,108151,2026.09.03 22:45:00,NONE,0.00000,0.00000,0.00,0.00000,0.00000,0.00000,0.00000,0.00000,0.00000,0.00000,0.00000,0.00000,0.00,0.00,0.00,0.00,0.00,0.00,0.00,"","","","","OutsideUTCWindow",TRUE,TRUE,FALSE,FALSE,FALSE,FALSE,FALSE,FALSE,FALSE,FALSE,FALSE,FALSE,FALSE,FALSE,FALSE,FALSE,FALSE,FALSE,FALSE,"Outside UTC session (08:00 - 16:00 UTC, Current: 01:00)","",0,0,0,0.00000,0.00000,0.00000,0.00000,"",0.00,0.00
2026.09.04 01:15:00,2026.09.04 01:15:00,2026.09.04 01:15:00,"10****84",XAUUSD,108151,2026.09.04 01:00:00,NONE,0.00000,0.00000,0.00,0.00000,0.00000,0.00000,0.00000,0.00000,0.00000,0.00000,0.00000,0.00000,0.00,0.00,0.00,0.00,0.00,0.00,0.00,"","","","","OutsideUTCWindow",TRUE,TRUE,FALSE,FALSE,FALSE,FALSE,FALSE,FALSE,FALSE,FALSE,FALSE,FALSE,FALSE,FALSE,FALSE,FALSE,FALSE,FALSE,FALSE,"Outside UTC session (08:00 - 16:00 UTC, Current: 01:15)","",0,0,0,0.00000,0.00000,0.00000,0.00000,"",0.00,0.00
2026.09.04 01:30:00,2026.09.04 01:30:00,2026.09.04 01:30:00,"10****84",XAUUSD,108151,2026.09.04 01:15:00,NONE,0.00000,0.00000,0.00,0.00000,0.00000,0.00000,0.00000,0.00000,0.00000,0.00000,0.00000,0.00000,0.00,0.00,0.00,0.00,0.00,0.00,0.00,"","","","","OutsideUTCWindow",TRUE,TRUE,FALSE,FALSE,FALSE,FALSE,FALSE,FALSE,FALSE,FALSE,FALSE,FALSE,FALSE,FALSE,FALSE,FALSE,FALSE,FALSE,FALSE,"Outside UTC session (08:00 - 16:00 UTC, Current: 01:30)","",0,0,0,0.00000,0.00000,0.00000,0.00000,"",0.00,0.00
2026.09.04 01:45:00,2026.09.04 01:45:00,2026.09.04 01:45:00,"10****84",XAUUSD,108151,2026.09.04 01:30:00,NONE,0.00000,0.00000,0.00,0.00000,0.00000,0.00000,0.00000,0.00000,0.00000,0.00000,0.00000,0.00000,0.00,0.00,0.00,0.00,0.00,0.00,0.00,"","","","","OutsideUTCWindow",TRUE,TRUE,FALSE,FALSE,FALSE,FALSE,FALSE,FALSE,FALSE,FALSE,FALSE,FALSE,FALSE,FALSE,FALSE,FALSE,FALSE,FALSE,FALSE,"Outside UTC session (08:00 - 16:00 UTC, Current: 01:45)","",0,0,0,0.00000,0.00000,0.00000,0.00000,"",0.00,0.00
2026.09.04 02:00:00,2026.09.04 02:00:00,2026.09.04 02:00:00,"10****84",XAUUSD,108151,2026.09.04 01:45:00,NONE,0.00000,0.00000,0.00,0.00000,0.00000,0.00000,0.00000,0.00000,0.00000,0.00000,0.00000,0.00000,0.00,0.00,0.00,0.00,0.00,0.00,0.00,"","","","","OutsideUTCWindow",TRUE,TRUE,FALSE,FALSE,FALSE,FALSE,FALSE,FALSE,FALSE,FALSE,FALSE,FALSE,FALSE,FALSE,FALSE,FALSE,FALSE,FALSE,FALSE,"Outside UTC session (08:00 - 16:00 UTC, Current: 02:00)","",0,0,0,0.00000,0.00000,0.00000,0.00000,"",0.00,0.00
2026.09.04 02:15:00,2026.09.04 02:15:00,2026.09.04 02:15:00,"10****84",XAUUSD,108151,2026.09.04 02:00:00,NONE,0.00000,0.00000,0.00,0.00000,0.00000,0.00000,0.00000,0.00000,0.00000,0.00000,0.00000,0.00000,0.00,0.00,0.00,0.00,0.00,0.00,0.00,"","","","","OutsideUTCWindow",TRUE,TRUE,FALSE,FALSE,FALSE,FALSE,FALSE,FALSE,FALSE,FALSE,FALSE,FALSE,FALSE,FALSE,FALSE,FALSE,FALSE,FALSE,FALSE,"Outside UTC session (08:00 - 16:00 UTC, Current: 02:15)","",0,0,0,0.00000,0.00000,0.00000,0.00000,"",0.00,0.00
2026.09.04 02:30:00,2026.09.04 02:30:00,2026.09.04 02:30:00,"10****84",XAUUSD,108151,2026.09.04 02:15:00,NONE,0.00000,0.00000,0.00,0.00000,0.00000,0.00000,0.00000,0.00000,0.00000,0.00000,0.00000,0.00000,0.00,0.00,0.00,0.00,0.00,0.00,0.00,"","","","","OutsideUTCWindow",TRUE,TRUE,FALSE,FALSE,FALSE,FALSE,FALSE,FALSE,FALSE,FALSE,FALSE,FALSE,FALSE,FALSE,FALSE,FALSE,FALSE,FALSE,FALSE,"Outside UTC session (08:00 - 16:00 UTC, Current: 02:30)","",0,0,0,0.00000,0.00000,0.00000,0.00000,"",0.00,0.00
2026.09.04 02:45:00,2026.09.04 02:45:00,2026.09.04 02:45:00,"10****84",XAUUSD,108151,2026.09.04 02:30:00,NONE,0.00000,0.00000,0.00,0.00000,0.00000,0.00000,0.00000,0.00000,0.00000,0.00000,0.00000,0.00000,0.00,0.00,0.00,0.00,0.00,0.00,0.00,"","","","","OutsideUTCWindow",TRUE,TRUE,FALSE,FALSE,FALSE,FALSE,FALSE,FALSE,FALSE,FALSE,FALSE,FALSE,FALSE,FALSE,FALSE,FALSE,FALSE,FALSE,FALSE,"Outside UTC session (08:00 - 16:00 UTC, Current: 02:45)","",0,0,0,0.00000,0.00000,0.00000,0.00000,"",0.00,0.00
2026.09.04 03:00:00,2026.09.04 03:00:00,2026.09.04 03:00:00,"10****84",XAUUSD,108151,2026.09.04 02:45:00,NONE,0.00000,0.00000,0.00,0.00000,0.00000,0.00000,0.00000,0.00000,0.00000,0.00000,0.00000,0.00000,0.00,0.00,0.00,0.00,0.00,0.00,0.00,"","","","","OutsideUTCWindow",TRUE,TRUE,FALSE,FALSE,FALSE,FALSE,FALSE,FALSE,FALSE,FALSE,FALSE,FALSE,FALSE,FALSE,FALSE,FALSE,FALSE,FALSE,FALSE,"Outside UTC session (08:00 - 16:00 UTC, Current: 03:00)","",0,0,0,0.00000,0.00000,0.00000,0.00000,"",0.00,0.00
2026.09.04 03:15:00,2026.09.04 03:15:00,2026.09.04 03:15:00,"10****84",XAUUSD,108151,2026.09.04 03:00:00,NONE,0.00000,0.00000,0.00,0.00000,0.00000,0.00000,0.00000,0.00000,0.00000,0.00000,0.00000,0.00000,0.00,0.00,0.00,0.00,0.00,0.00,0.00,"","","","","OutsideUTCWindow",TRUE,TRUE,FALSE,FALSE,FALSE,FALSE,FALSE,FALSE,FALSE,FALSE,FALSE,FALSE,FALSE,FALSE,FALSE,FALSE,FALSE,FALSE,FALSE,"Outside UTC session (08:00 - 16:00 UTC, Current: 03:15)","",0,0,0,0.00000,0.00000,0.00000,0.00000,"",0.00,0.00
2026.09.04 03:30:00,2026.09.04 03:30:00,2026.09.04 03:30:00,"10****84",XAUUSD,108151,2026.09.04 03:15:00,NONE,0.00000,0.00000,0.00,0.00000,0.00000,0.00000,0.00000,0.00000,0.00000,0.00000,0.00000,0.00000,0.00,0.00,0.00,0.00,0.00,0.00,0.00,"","","","","OutsideUTCWindow",TRUE,TRUE,FALSE,FALSE,FALSE,FALSE,FALSE,FALSE,FALSE,FALSE,FALSE,FALSE,FALSE,FALSE,FALSE,FALSE,FALSE,FALSE,FALSE,"Outside UTC session (08:00 - 16:00 UTC, Current: 03:30)","",0,0,0,0.00000,0.00000,0.00000,0.00000,"",0.00,0.00
2026.09.04 03:45:00,2026.09.04 03:45:00,2026.09.04 03:45:00,"10****84",XAUUSD,108151,2026.09.04 03:30:00,NONE,0.00000,0.00000,0.00,0.00000,0.00000,0.00000,0.00000,0.00000,0.00000,0.00000,0.00000,0.00000,0.00,0.00,0.00,0.00,0.00,0.00,0.00,"","","","","OutsideUTCWindow",TRUE,TRUE,FALSE,FALSE,FALSE,FALSE,FALSE,FALSE,FALSE,FALSE,FALSE,FALSE,FALSE,FALSE,FALSE,FALSE,FALSE,FALSE,FALSE,"Outside UTC session (08:00 - 16:00 UTC, Current: 03:45)","",0,0,0,0.00000,0.00000,0.00000,0.00000,"",0.00,0.00
2026.09.04 04:00:00,2026.09.04 04:00:00,2026.09.04 04:00:00,"10****84",XAUUSD,108151,2026.09.04 03:45:00,NONE,0.00000,0.00000,0.00,0.00000,0.00000,0.00000,0.00000,0.00000,0.00000,0.00000,0.00000,0.00000,0.00,0.00,0.00,0.00,0.00,0.00,0.00,"","","","","OutsideUTCWindow",TRUE,TRUE,FALSE,FALSE,FALSE,FALSE,FALSE,FALSE,FALSE,FALSE,FALSE,FALSE,FALSE,FALSE,FALSE,FALSE,FALSE,FALSE,FALSE,"Outside UTC session (08:00 - 16:00 UTC, Current: 04:00)","",0,0,0,0.00000,0.00000,0.00000,0.00000,"",0.00,0.00
2026.09.04 04:15:00,2026.09.04 04:15:00,2026.09.04 04:15:00,"10****84",XAUUSD,108151,2026.09.04 04:00:00,NONE,0.00000,0.00000,0.00,0.00000,0.00000,0.00000,0.00000,0.00000,0.00000,0.00000,0.00000,0.00000,0.00,0.00,0.00,0.00,0.00,0.00,0.00,"","","","","OutsideUTCWindow",TRUE,TRUE,FALSE,FALSE,FALSE,FALSE,FALSE,FALSE,FALSE,FALSE,FALSE,FALSE,FALSE,FALSE,FALSE,FALSE,FALSE,FALSE,FALSE,"Outside UTC session (08:00 - 16:00 UTC, Current: 04:15)","",0,0,0,0.00000,0.00000,0.00000,0.00000,"",0.00,0.00
2026.09.04 04:30:00,2026.09.04 04:30:00,2026.09.04 04:30:00,"10****84",XAUUSD,108151,2026.09.04 04:15:00,NONE,0.00000,0.00000,0.00,0.00000,0.00000,0.00000,0.00000,0.00000,0.00000,0.00000,0.00000,0.00000,0.00,0.00,0.00,0.00,0.00,0.00,0.00,"","","","","OutsideUTCWindow",TRUE,TRUE,FALSE,FALSE,FALSE,FALSE,FALSE,FALSE,FALSE,FALSE,FALSE,FALSE,FALSE,FALSE,FALSE,FALSE,FALSE,FALSE,FALSE,"Outside UTC session (08:00 - 16:00 UTC, Current: 04:30)","",0,0,0,0.00000,0.00000,0.00000,0.00000,"",0.00,0.00
2026.09.04 04:45:00,2026.09.04 04:45:00,2026.09.04 04:45:00,"10****84",XAUUSD,108151,2026.09.04 04:30:00,NONE,0.00000,0.00000,0.00,0.00000,0.00000,0.00000,0.00000,0.00000,0.00000,0.00000,0.00000,0.00000,0.00,0.00,0.00,0.00,0.00,0.00,0.00,"","","","","OutsideUTCWindow",TRUE,TRUE,FALSE,FALSE,FALSE,FALSE,FALSE,FALSE,FALSE,FALSE,FALSE,FALSE,FALSE,FALSE,FALSE,FALSE,FALSE,FALSE,FALSE,"Outside UTC session (08:00 - 16:00 UTC, Current: 04:45)","",0,0,0,0.00000,0.00000,0.00000,0.00000,"",0.00,0.00
2026.09.04 05:00:00,2026.09.04 05:00:00,2026.09.04 05:00:00,"10****84",XAUUSD,108151,2026.09.04 04:45:00,NONE,0.00000,0.00000,0.00,0.00000,0.00000,0.00000,0.00000,0.00000,0.00000,0.00000,0.00000,0.00000,0.00,0.00,0.00,0.00,0.00,0.00,0.00,"","","","","OutsideUTCWindow",TRUE,TRUE,FALSE,FALSE,FALSE,FALSE,FALSE,FALSE,FALSE,FALSE,FALSE,FALSE,FALSE,FALSE,FALSE,FALSE,FALSE,FALSE,FALSE,"Outside UTC session (08:00 - 16:00 UTC, Current: 05:00)","",0,0,0,0.00000,0.00000,0.00000,0.00000,"",0.00,0.00
2026.09.04 05:15:00,2026.09.04 05:15:00,2026.09.04 05:15:00,"10****84",XAUUSD,108151,2026.09.04 05:00:00,NONE,0.00000,0.00000,0.00,0.00000,0.00000,0.00000,0.00000,0.00000,0.00000,0.00000,0.00000,0.00000,0.00,0.00,0.00,0.00,0.00,0.00,0.00,"","","","","OutsideUTCWindow",TRUE,TRUE,FALSE,FALSE,FALSE,FALSE,FALSE,FALSE,FALSE,FALSE,FALSE,FALSE,FALSE,FALSE,FALSE,FALSE,FALSE,FALSE,FALSE,"Outside UTC session (08:00 - 16:00 UTC, Current: 05:15)","",0,0,0,0.00000,0.00000,0.00000,0.00000,"",0.00,0.00
2026.09.04 05:30:00,2026.09.04 05:30:00,2026.09.04 05:30:00,"10****84",XAUUSD,108151,2026.09.04 05:15:00,NONE,0.00000,0.00000,0.00,0.00000,0.00000,0.00000,0.00000,0.00000,0.00000,0.00000,0.00000,0.00000,0.00,0.00,0.00,0.00,0.00,0.00,0.00,"","","","","OutsideUTCWindow",TRUE,TRUE,FALSE,FALSE,FALSE,FALSE,FALSE,FALSE,FALSE,FALSE,FALSE,FALSE,FALSE,FALSE,FALSE,FALSE,FALSE,FALSE,FALSE,"Outside UTC session (08:00 - 16:00 UTC, Current: 05:30)","",0,0,0,0.00000,0.00000,0.00000,0.00000,"",0.00,0.00
2026.09.04 05:45:00,2026.09.04 05:45:00,2026.09.04 05:45:00,"10****84",XAUUSD,108151,2026.09.04 05:30:00,NONE,0.00000,0.00000,0.00,0.00000,0.00000,0.00000,0.00000,0.00000,0.00000,0.00000,0.00000,0.00000,0.00,0.00,0.00,0.00,0.00,0.00,0.00,"","","","","OutsideUTCWindow",TRUE,TRUE,FALSE,FALSE,FALSE,FALSE,FALSE,FALSE,FALSE,FALSE,FALSE,FALSE,FALSE,FALSE,FALSE,FALSE,FALSE,FALSE,FALSE,"Outside UTC session (08:00 - 16:00 UTC, Current: 05:45)","",0,0,0,0.00000,0.00000,0.00000,0.00000,"",0.00,0.00
2026.09.04 06:00:00,2026.09.04 06:00:00,2026.09.04 06:00:00,"10****84",XAUUSD,108151,2026.09.04 05:45:00,NONE,0.00000,0.00000,0.00,0.00000,0.00000,0.00000,0.00000,0.00000,0.00000,0.00000,0.00000,0.00000,0.00,0.00,0.00,0.00,0.00,0.00,0.00,"","","","","OutsideUTCWindow",TRUE,TRUE,FALSE,FALSE,FALSE,FALSE,FALSE,FALSE,FALSE,FALSE,FALSE,FALSE,FALSE,FALSE,FALSE,FALSE,FALSE,FALSE,FALSE,"Outside UTC session (08:00 - 16:00 UTC, Current: 06:00)","",0,0,0,0.00000,0.00000,0.00000,0.00000,"",0.00,0.00
2026.09.04 06:15:00,2026.09.04 06:15:00,2026.09.04 06:15:00,"10****84",XAUUSD,108151,2026.09.04 06:00:00,NONE,0.00000,0.00000,0.00,0.00000,0.00000,0.00000,0.00000,0.00000,0.00000,0.00000,0.00000,0.00000,0.00,0.00,0.00,0.00,0.00,0.00,0.00,"","","","","OutsideUTCWindow",TRUE,TRUE,FALSE,FALSE,FALSE,FALSE,FALSE,FALSE,FALSE,FALSE,FALSE,FALSE,FALSE,FALSE,FALSE,FALSE,FALSE,FALSE,FALSE,"Outside UTC session (08:00 - 16:00 UTC, Current: 06:15)","",0,0,0,0.00000,0.00000,0.00000,0.00000,"",0.00,0.00
2026.09.04 06:30:00,2026.09.04 06:30:00,2026.09.04 06:30:00,"10****84",XAUUSD,108151,2026.09.04 06:15:00,NONE,0.00000,0.00000,0.00,0.00000,0.00000,0.00000,0.00000,0.00000,0.00000,0.00000,0.00000,0.00000,0.00,0.00,0.00,0.00,0.00,0.00,0.00,"","","","","OutsideUTCWindow",TRUE,TRUE,FALSE,FALSE,FALSE,FALSE,FALSE,FALSE,FALSE,FALSE,FALSE,FALSE,FALSE,FALSE,FALSE,FALSE,FALSE,FALSE,FALSE,"Outside UTC session (08:00 - 16:00 UTC, Current: 06:30)","",0,0,0,0.00000,0.00000,0.00000,0.00000,"",0.00,0.00
2026.09.04 06:45:00,2026.09.04 06:45:00,2026.09.04 06:45:00,"10****84",XAUUSD,108151,2026.09.04 06:30:00,NONE,0.00000,0.00000,0.00,0.00000,0.00000,0.00000,0.00000,0.00000,0.00000,0.00000,0.00000,0.00000,0.00,0.00,0.00,0.00,0.00,0.00,0.00,"","","","","OutsideUTCWindow",TRUE,TRUE,FALSE,FALSE,FALSE,FALSE,FALSE,FALSE,FALSE,FALSE,FALSE,FALSE,FALSE,FALSE,FALSE,FALSE,FALSE,FALSE,FALSE,"Outside UTC session (08:00 - 16:00 UTC, Current: 06:45)","",0,0,0,0.00000,0.00000,0.00000,0.00000,"",0.00,0.00
2026.09.04 07:00:00,2026.09.04 07:00:00,2026.09.04 07:00:00,"10****84",XAUUSD,108151,2026.09.04 06:45:00,NONE,0.00000,0.00000,0.00,0.00000,0.00000,0.00000,0.00000,0.00000,0.00000,0.00000,0.00000,0.00000,0.00,0.00,0.00,0.00,0.00,0.00,0.00,"","","","","OutsideUTCWindow",TRUE,TRUE,FALSE,FALSE,FALSE,FALSE,FALSE,FALSE,FALSE,FALSE,FALSE,FALSE,FALSE,FALSE,FALSE,FALSE,FALSE,FALSE,FALSE,"Outside UTC session (08:00 - 16:00 UTC, Current: 07:00)","",0,0,0,0.00000,0.00000,0.00000,0.00000,"",0.00,0.00
2026.09.04 07:15:00,2026.09.04 07:15:00,2026.09.04 07:15:00,"10****84",XAUUSD,108151,2026.09.04 07:00:00,NONE,0.00000,0.00000,0.00,0.00000,0.00000,0.00000,0.00000,0.00000,0.00000,0.00000,0.00000,0.00000,0.00,0.00,0.00,0.00,0.00,0.00,0.00,"","","","","OutsideUTCWindow",TRUE,TRUE,FALSE,FALSE,FALSE,FALSE,FALSE,FALSE,FALSE,FALSE,FALSE,FALSE,FALSE,FALSE,FALSE,FALSE,FALSE,FALSE,FALSE,"Outside UTC session (08:00 - 16:00 UTC, Current: 07:15)","",0,0,0,0.00000,0.00000,0.00000,0.00000,"",0.00,0.00
2026.09.04 07:30:00,2026.09.04 07:30:00,2026.09.04 07:30:00,"10****84",XAUUSD,108151,2026.09.04 07:15:00,NONE,0.00000,0.00000,0.00,0.00000,0.00000,0.00000,0.00000,0.00000,0.00000,0.00000,0.00000,0.00000,0.00,0.00,0.00,0.00,0.00,0.00,0.00,"","","","","OutsideUTCWindow",TRUE,TRUE,FALSE,FALSE,FALSE,FALSE,FALSE,FALSE,FALSE,FALSE,FALSE,FALSE,FALSE,FALSE,FALSE,FALSE,FALSE,FALSE,FALSE,"Outside UTC session (08:00 - 16:00 UTC, Current: 07:30)","",0,0,0,0.00000,0.00000,0.00000,0.00000,"",0.00,0.00
2026.09.04 07:45:00,2026.09.04 07:45:00,2026.09.04 07:45:00,"10****84",XAUUSD,108151,2026.09.04 07:30:00,NONE,0.00000,0.00000,0.00,0.00000,0.00000,0.00000,0.00000,0.00000,0.00000,0.00000,0.00000,0.00000,0.00,0.00,0.00,0.00,0.00,0.00,0.00,"","","","","OutsideUTCWindow",TRUE,TRUE,FALSE,FALSE,FALSE,FALSE,FALSE,FALSE,FALSE,FALSE,FALSE,FALSE,FALSE,FALSE,FALSE,FALSE,FALSE,FALSE,FALSE,"Outside UTC session (08:00 - 16:00 UTC, Current: 07:45)","",0,0,0,0.00000,0.00000,0.00000,0.00000,"",0.00,0.00
2026.09.04 08:00:00,2026.09.04 08:00:00,2026.09.04 08:00:00,"10****84",XAUUSD,108151,2026.09.04 07:45:00,NONE,4434.49736,4462.80264,25.28,4473.78959,6.43714,7.71429,0.00000,4473.70000,0.00000,0.00000,0.00000,0.00000,0.00,0.00,0.00,0.00,0.00,0.00,0.00,"Loss: $0.00 (Max $50.00) | Losses: 0/Max 2","Loss: 7.85% / Max: 20.00%","DD: 11.74% / Max: 20.00% (HWM: $522.02)","BypassedInTester","ActiveSession",TRUE,TRUE,TRUE,TRUE,TRUE,TRUE,TRUE,TRUE,FALSE,FALSE,FALSE,TRUE,FALSE,FALSE,FALSE,FALSE,FALSE,FALSE,FALSE,"No valid H1 trend alignment (EMA50 vs EMA200 or Close vs EMA50)","",0,0,0,0.00000,0.00000,0.00000,0.00000,"",0.00,0.00
2026.09.04 08:15:00,2026.09.04 08:15:00,2026.09.04 08:15:00,"10****84",XAUUSD,108151,2026.09.04 08:00:00,NONE,4434.49736,4462.80264,25.28,4473.37249,6.31571,7.64679,0.00000,4469.41000,0.00000,0.00000,0.00000,0.00000,0.00,0.00,0.00,0.00,0.00,0.00,0.00,"Loss: $0.00 (Max $50.00) | Losses: 0/Max 2","Loss: 7.85% / Max: 20.00%","DD: 11.74% / Max: 20.00% (HWM: $522.02)","BypassedInTester","ActiveSession",TRUE,TRUE,TRUE,TRUE,TRUE,TRUE,TRUE,TRUE,FALSE,FALSE,FALSE,TRUE,FALSE,FALSE,FALSE,FALSE,FALSE,FALSE,FALSE,"No valid H1 trend alignment (EMA50 vs EMA200 or Close vs EMA50)","",0,0,0,0.00000,0.00000,0.00000,0.00000,"",0.00,0.00
2026.09.04 08:30:00,2026.09.04 08:30:00,2026.09.04 08:30:00,"10****84",XAUUSD,108151,2026.09.04 08:15:00,NONE,4434.49736,4462.80264,25.28,4472.82844,5.90786,7.60964,0.00000,4467.66000,0.00000,0.00000,0.00000,0.00000,0.00,0.00,0.00,0.00,0.00,0.00,0.00,"Loss: $0.00 (Max $50.00) | Losses: 0/Max 2","Loss: 7.85% / Max: 20.00%","DD: 11.74% / Max: 20.00% (HWM: $522.02)","BypassedInTester","ActiveSession",TRUE,TRUE,TRUE,TRUE,TRUE,TRUE,TRUE,TRUE,FALSE,FALSE,FALSE,TRUE,FALSE,FALSE,FALSE,FALSE,FALSE,FALSE,FALSE,"No valid H1 trend alignment (EMA50 vs EMA200 or Close vs EMA50)","",0,0,0,0.00000,0.00000,0.00000,0.00000,"",0.00,0.00
2026.09.04 08:45:00,2026.09.04 08:45:00,2026.09.04 08:45:00,"10****84",XAUUSD,108151,2026.09.04 08:30:00,NONE,4434.49736,4462.80264,25.28,4472.65430,6.29000,7.47107,0.00000,4471.00000,0.00000,0.00000,0.00000,0.00000,0.00,0.00,0.00,0.00,0.00,0.00,0.00,"Loss: $0.00 (Max $50.00) | Losses: 0/Max 2","Loss: 7.85% / Max: 20.00%","DD: 11.74% / Max: 20.00% (HWM: $522.02)","BypassedInTester","ActiveSession",TRUE,TRUE,TRUE,TRUE,TRUE,TRUE,TRUE,TRUE,FALSE,FALSE,FALSE,TRUE,FALSE,FALSE,FALSE,FALSE,FALSE,FALSE,FALSE,"No valid H1 trend alignment (EMA50 vs EMA200 or Close vs EMA50)","",0,0,0,0.00000,0.00000,0.00000,0.00000,"",0.00,0.00
2026.09.04 09:00:00,2026.09.04 09:00:00,2026.09.04 09:00:00,"10****84",XAUUSD,108151,2026.09.04 08:45:00,NONE,4435.96648,4462.89376,22.93,4472.58818,6.06500,7.30250,0.00000,4471.96000,0.00000,0.00000,0.00000,0.00000,0.00,0.00,0.00,0.00,0.00,0.00,0.00,"Loss: $0.00 (Max $50.00) | Losses: 0/Max 2","Loss: 7.85% / Max: 20.00%","DD: 11.74% / Max: 20.00% (HWM: $522.02)","BypassedInTester","ActiveSession",TRUE,TRUE,TRUE,TRUE,TRUE,TRUE,TRUE,TRUE,FALSE,FALSE,FALSE,TRUE,FALSE,FALSE,FALSE,FALSE,FALSE,FALSE,FALSE,"No valid H1 trend alignment (EMA50 vs EMA200 or Close vs EMA50)","",0,0,0,0.00000,0.00000,0.00000,0.00000,"",0.00,0.00
2026.09.04 09:15:00,2026.09.04 09:15:00,2026.09.04 09:15:00,"10****84",XAUUSD,108151,2026.09.04 09:00:00,NONE,4435.96648,4462.89376,22.93,4472.23597,6.04286,7.16429,0.00000,4468.89000,0.00000,0.00000,0.00000,0.00000,0.00,0.00,0.00,0.00,0.00,0.00,0.00,"Loss: $0.00 (Max $50.00) | Losses: 0/Max 2","Loss: 7.85% / Max: 20.00%","DD: 11.74% / Max: 20.00% (HWM: $522.02)","BypassedInTester","ActiveSession",TRUE,TRUE,TRUE,TRUE,TRUE,TRUE,TRUE,TRUE,FALSE,FALSE,FALSE,TRUE,FALSE,FALSE,FALSE,FALSE,FALSE,FALSE,FALSE,"No valid H1 trend alignment (EMA50 vs EMA200 or Close vs EMA50)","",0,0,0,0.00000,0.00000,0.00000,0.00000,"",0.00,0.00
2026.09.04 09:30:00,2026.09.04 09:30:00,2026.09.04 09:30:00,"10****84",XAUUSD,108151,2026.09.04 09:15:00,NONE,4435.96648,4462.89376,22.93,4471.90683,5.63500,6.95214,0.00000,4468.78000,0.00000,0.00000,0.00000,0.00000,0.00,0.00,0.00,0.00,0.00,0.00,0.00,"Loss: $0.00 (Max $50.00) | Losses: 0/Max 2","Loss: 7.85% / Max: 20.00%","DD: 11.74% / Max: 20.00% (HWM: $522.02)","BypassedInTester","ActiveSession",TRUE,TRUE,TRUE,TRUE,TRUE,TRUE,TRUE,TRUE,FALSE,FALSE,FALSE,TRUE,FALSE,FALSE,FALSE,FALSE,FALSE,FALSE,FALSE,"No valid H1 trend alignment (EMA50 vs EMA200 or Close vs EMA50)","",0,0,0,0.00000,0.00000,0.00000,0.00000,"",0.00,0.00
2026.09.04 09:45:00,2026.09.04 09:45:00,2026.09.04 09:45:00,"10****84",XAUUSD,108151,2026.09.04 09:30:00,NONE,4435.96648,4462.89376,22.93,4471.17380,5.50929,6.75821,0.00000,4464.21000,0.00000,0.00000,0.00000,0.00000,0.00,0.00,0.00,0.00,0.00,0.00,0.00,"Loss: $0.00 (Max $50.00) | Losses: 0/Max 2","Loss: 7.85% / Max: 20.00%","DD: 11.74% / Max: 20.00% (HWM: $522.02)","BypassedInTester","ActiveSession",TRUE,TRUE,TRUE,TRUE,TRUE,TRUE,TRUE,TRUE,FALSE,FALSE,FALSE,TRUE,FALSE,FALSE,FALSE,FALSE,FALSE,FALSE,FALSE,"No valid H1 trend alignment (EMA50 vs EMA200 or Close vs EMA50)","",0,0,0,0.00000,0.00000,0.00000,0.00000,"",0.00,0.00
2026.09.04 10:00:00,2026.09.04 10:00:00,2026.09.04 10:00:00,"10****84",XAUUSD,108151,2026.09.04 09:45:00,NONE,4437.02662,4462.89482,22.07,4470.39534,5.59143,6.56929,0.00000,4463.00000,0.00000,0.00000,0.00000,0.00000,0.00,0.00,0.00,0.00,0.00,0.00,0.00,"Loss: $0.00 (Max $50.00) | Losses: 0/Max 2","Loss: 7.85% / Max: 20.00%","DD: 11.74% / Max: 20.00% (HWM: $522.02)","BypassedInTester","ActiveSession",TRUE,TRUE,TRUE,TRUE,TRUE,TRUE,TRUE,TRUE,FALSE,FALSE,FALSE,TRUE,FALSE,FALSE,FALSE,FALSE,FALSE,FALSE,FALSE,"No valid H1 trend alignment (EMA50 vs EMA200 or Close vs EMA50)","",0,0,0,0.00000,0.00000,0.00000,0.00000,"",0.00,0.00
2026.09.04 10:15:00,2026.09.04 10:15:00,2026.09.04 10:15:00,"10****84",XAUUSD,108151,2026.09.04 10:00:00,NONE,4437.02662,4462.89482,22.07,4470.14722,5.84071,6.44893,0.00000,4467.79000,0.00000,0.00000,0.00000,0.00000,0.00,0.00,0.00,0.00,0.00,0.00,0.00,"Loss: $0.00 (Max $50.00) | Losses: 0/Max 2","Loss: 7.85% / Max: 20.00%","DD: 11.74% / Max: 20.00% (HWM: $522.02)","BypassedInTester","ActiveSession",TRUE,TRUE,TRUE,TRUE,TRUE,TRUE,TRUE,TRUE,FALSE,FALSE,FALSE,TRUE,FALSE,FALSE,FALSE,FALSE,FALSE,FALSE,FALSE,"No valid H1 trend alignment (EMA50 vs EMA200 or Close vs EMA50)","",0,0,0,0.00000,0.00000,0.00000,0.00000,"",0.00,0.00
2026.09.04 10:30:00,2026.09.04 10:30:00,2026.09.04 10:30:00,"10****84",XAUUSD,108151,2026.09.04 10:15:00,NONE,4437.02662,4462.89482,22.07,4470.38081,6.05429,6.44214,0.00000,4472.60000,0.00000,0.00000,0.00000,0.00000,0.00,0.00,0.00,0.00,0.00,0.00,0.00,"Loss: $0.00 (Max $50.00) | Losses: 0/Max 2","Loss: 7.85% / Max: 20.00%","DD: 11.74% / Max: 20.00% (HWM: $522.02)","BypassedInTester","ActiveSession",TRUE,TRUE,TRUE,TRUE,TRUE,TRUE,TRUE,TRUE,FALSE,FALSE,FALSE,TRUE,FALSE,FALSE,FALSE,FALSE,FALSE,FALSE,FALSE,"No valid H1 trend alignment (EMA50 vs EMA200 or Close vs EMA50)","",0,0,0,0.00000,0.00000,0.00000,0.00000,"",0.00,0.00
2026.09.04 10:45:00,2026.09.04 10:45:00,2026.09.04 10:45:00,"10****84",XAUUSD,108151,2026.09.04 10:30:00,NONE,4437.02662,4462.89482,22.07,4471.83597,6.68357,6.43357,0.00000,4485.66000,0.00000,0.00000,0.00000,0.00000,0.00,0.00,0.00,0.00,0.00,0.00,0.00,"Loss: $0.00 (Max $50.00) | Losses: 0/Max 2","Loss: 7.85% / Max: 20.00%","DD: 11.74% / Max: 20.00% (HWM: $522.02)","BypassedInTester","ActiveSession",TRUE,TRUE,TRUE,TRUE,TRUE,TRUE,TRUE,TRUE,FALSE,FALSE,FALSE,TRUE,FALSE,FALSE,FALSE,FALSE,FALSE,FALSE,FALSE,"No valid H1 trend alignment (EMA50 vs EMA200 or Close vs EMA50)","",0,0,0,0.00000,0.00000,0.00000,0.00000,"",0.00,0.00
2026.09.04 11:00:00,2026.09.04 11:00:00,2026.09.04 11:00:00,"10****84",XAUUSD,108151,2026.09.04 10:45:00,NONE,4438.83930,4463.09736,20.56,4472.92302,7.06857,6.43357,0.00000,4483.25000,0.00000,0.00000,0.00000,0.00000,0.00,0.00,0.00,0.00,0.00,0.00,0.00,"Loss: $0.00 (Max $50.00) | Losses: 0/Max 2","Loss: 7.85% / Max: 20.00%","DD: 11.74% / Max: 20.00% (HWM: $522.02)","BypassedInTester","ActiveSession",TRUE,TRUE,TRUE,TRUE,TRUE,TRUE,TRUE,TRUE,FALSE,FALSE,FALSE,TRUE,FALSE,FALSE,FALSE,FALSE,FALSE,FALSE,FALSE,"No valid H1 trend alignment (EMA50 vs EMA200 or Close vs EMA50)","",0,0,0,0.00000,0.00000,0.00000,0.00000,"",0.00,0.00
2026.09.04 11:15:00,2026.09.04 11:15:00,2026.09.04 11:15:00,"10****84",XAUUSD,108151,2026.09.04 11:00:00,NONE,4438.83930,4463.09736,20.56,4473.78178,7.35429,6.43357,0.00000,4481.94000,0.00000,0.00000,0.00000,0.00000,0.00,0.00,0.00,0.00,0.00,0.00,0.00,"Loss: $0.00 (Max $50.00) | Losses: 0/Max 2","Loss: 7.85% / Max: 20.00%","DD: 11.74% / Max: 20.00% (HWM: $522.02)","BypassedInTester","ActiveSession",TRUE,TRUE,TRUE,TRUE,TRUE,TRUE,TRUE,TRUE,FALSE,FALSE,FALSE,TRUE,FALSE,FALSE,FALSE,FALSE,FALSE,FALSE,FALSE,"No valid H1 trend alignment (EMA50 vs EMA200 or Close vs EMA50)","",0,0,0,0.00000,0.00000,0.00000,0.00000,"",0.00,0.00
2026.09.04 11:30:00,2026.09.04 11:30:00,2026.09.04 11:30:00,"10****84",XAUUSD,108151,2026.09.04 11:15:00,NONE,4438.83930,4463.09736,20.56,4474.47019,7.52286,6.43357,0.00000,4481.01000,0.00000,0.00000,0.00000,0.00000,0.00,0.00,0.00,0.00,0.00,0.00,0.00,"Loss: $0.00 (Max $50.00) | Losses: 0/Max 2","Loss: 7.85% / Max: 20.00%","DD: 11.74% / Max: 20.00% (HWM: $522.02)","BypassedInTester","ActiveSession",TRUE,TRUE,TRUE,TRUE,TRUE,TRUE,TRUE,TRUE,FALSE,FALSE,FALSE,TRUE,FALSE,FALSE,FALSE,FALSE,FALSE,FALSE,FALSE,"No valid H1 trend alignment (EMA50 vs EMA200 or Close vs EMA50)","",0,0,0,0.00000,0.00000,0.00000,0.00000,"",0.00,0.00
2026.09.04 11:45:00,2026.09.04 11:45:00,2026.09.04 11:45:00,"10****84",XAUUSD,108151,2026.09.04 11:30:00,NONE,4438.83930,4463.09736,20.56,4474.75302,7.38143,6.43357,0.00000,4477.44000,0.00000,0.00000,0.00000,0.00000,0.00,0.00,0.00,0.00,0.00,0.00,0.00,"Loss: $0.00 (Max $50.00) | Losses: 0/Max 2","Loss: 7.85% / Max: 20.00%","DD: 11.74% / Max: 20.00% (HWM: $522.02)","BypassedInTester","ActiveSession",TRUE,TRUE,TRUE,TRUE,TRUE,TRUE,TRUE,TRUE,FALSE,FALSE,FALSE,TRUE,FALSE,FALSE,FALSE,FALSE,FALSE,FALSE,FALSE,"No valid H1 trend alignment (EMA50 vs EMA200 or Close vs EMA50)","",0,0,0,0.00000,0.00000,0.00000,0.00000,"",0.00,0.00
2026.09.04 12:00:00,2026.09.04 12:00:00,2026.09.04 12:00:00,"10****84",XAUUSD,108151,2026.09.04 11:45:00,NONE,4440.36246,4463.24246,19.25,4475.03178,7.21357,6.43357,0.00000,4477.68000,0.00000,0.00000,0.00000,0.00000,0.00,0.00,0.00,0.00,0.00,0.00,0.00,"Loss: $0.00 (Max $50.00) | Losses: 0/Max 2","Loss: 7.85% / Max: 20.00%","DD: 11.74% / Max: 20.00% (HWM: $522.02)","BypassedInTester","ActiveSession",TRUE,TRUE,TRUE,TRUE,TRUE,TRUE,TRUE,TRUE,FALSE,FALSE,FALSE,TRUE,FALSE,FALSE,FALSE,FALSE,FALSE,FALSE,FALSE,"No valid H1 trend alignment (EMA50 vs EMA200 or Close vs EMA50)","",0,0,0,0.00000,0.00000,0.00000,0.00000,"",0.00,0.00
2026.09.04 12:15:00,2026.09.04 12:15:00,2026.09.04 12:15:00,"10****84",XAUUSD,108151,2026.09.04 12:00:00,NONE,4440.36246,4463.24246,19.25,4474.54971,7.17143,6.43357,0.00000,4469.97000,0.00000,0.00000,0.00000,0.00000,0.00,0.00,0.00,0.00,0.00,0.00,0.00,"Loss: $0.00 (Max $50.00) | Losses: 0/Max 2","Loss: 7.85% / Max: 20.00%","DD: 11.74% / Max: 20.00% (HWM: $522.02)","BypassedInTester","ActiveSession",TRUE,TRUE,TRUE,TRUE,TRUE,TRUE,TRUE,TRUE,FALSE,FALSE,FALSE,TRUE,FALSE,FALSE,FALSE,FALSE,FALSE,FALSE,FALSE,"No valid H1 trend alignment (EMA50 vs EMA200 or Close vs EMA50)","",0,0,0,0.00000,0.00000,0.00000,0.00000,"",0.00,0.00
2026.09.04 12:30:00,2026.09.04 12:30:00,2026.09.04 12:30:00,"10****84",XAUUSD,108151,2026.09.04 12:15:00,NONE,4440.36246,4463.24246,19.25,4473.79926,7.25857,6.43357,0.00000,4466.67000,0.00000,0.00000,0.00000,0.00000,0.00,0.00,0.00,0.00,0.00,0.00,0.00,"Loss: $0.00 (Max $50.00) | Losses: 0/Max 2","Loss: 7.85% / Max: 20.00%","DD: 11.74% / Max: 20.00% (HWM: $522.02)","BypassedInTester","ActiveSession",TRUE,TRUE,TRUE,TRUE,TRUE,TRUE,TRUE,TRUE,FALSE,FALSE,FALSE,TRUE,FALSE,FALSE,FALSE,FALSE,FALSE,FALSE,FALSE,"No valid H1 trend alignment (EMA50 vs EMA200 or Close vs EMA50)","",0,0,0,0.00000,0.00000,0.00000,0.00000,"",0.00,0.00
2026.09.04 12:45:00,2026.09.04 12:45:00,2026.09.04 12:45:00,"10****84",XAUUSD,108151,2026.09.04 12:30:00,NONE,4440.36246,4463.24246,19.25,4473.17171,7.19500,6.43357,0.00000,4467.21000,0.00000,0.00000,0.00000,0.00000,0.00,0.00,0.00,0.00,0.00,0.00,0.00,"Loss: $0.00 (Max $50.00) | Losses: 0/Max 2","Loss: 7.85% / Max: 20.00%","DD: 11.74% / Max: 20.00% (HWM: $522.02)","BypassedInTester","ActiveSession",TRUE,TRUE,TRUE,TRUE,TRUE,TRUE,TRUE,TRUE,FALSE,FALSE,FALSE,TRUE,FALSE,FALSE,FALSE,FALSE,FALSE,FALSE,FALSE,"No valid H1 trend alignment (EMA50 vs EMA200 or Close vs EMA50)","",0,0,0,0.00000,0.00000,0.00000,0.00000,"",0.00,0.00
2026.09.04 13:00:00,2026.09.04 13:00:00,2026.09.04 13:00:00,"10****84",XAUUSD,108151,2026.09.04 12:45:00,NONE,4441.35021,4463.26542,19.16,4472.44584,7.12143,6.43357,0.00000,4465.55000,0.00000,0.00000,0.00000,0.00000,0.00,0.00,0.00,0.00,0.00,0.00,0.00,"Loss: $0.00 (Max $50.00) | Losses: 0/Max 2","Loss: 7.85% / Max: 20.00%","DD: 11.74% / Max: 20.00% (HWM: $522.02)","BypassedInTester","ActiveSession",TRUE,TRUE,TRUE,TRUE,TRUE,TRUE,TRUE,TRUE,FALSE,FALSE,FALSE,TRUE,FALSE,FALSE,FALSE,FALSE,FALSE,FALSE,FALSE,"No valid H1 trend alignment (EMA50 vs EMA200 or Close vs EMA50)","",0,0,0,0.00000,0.00000,0.00000,0.00000,"",0.00,0.00
2026.09.04 13:15:00,2026.09.04 13:15:00,2026.09.04 13:15:00,"10****84",XAUUSD,108151,2026.09.04 13:00:00,NONE,4441.35021,4463.26542,19.16,4472.47576,7.20500,6.44214,0.00000,4472.76000,0.00000,0.00000,0.00000,0.00000,0.00,0.00,0.00,0.00,0.00,0.00,0.00,"Loss: $0.00 (Max $50.00) | Losses: 0/Max 2","Loss: 7.85% / Max: 20.00%","DD: 11.74% / Max: 20.00% (HWM: $522.02)","BypassedInTester","ActiveSession",TRUE,TRUE,TRUE,TRUE,TRUE,TRUE,TRUE,TRUE,FALSE,FALSE,FALSE,TRUE,FALSE,FALSE,FALSE,FALSE,FALSE,FALSE,FALSE,"No valid H1 trend alignment (EMA50 vs EMA200 or Close vs EMA50)","",0,0,0,0.00000,0.00000,0.00000,0.00000,"",0.00,0.00
2026.09.04 13:30:00,2026.09.04 13:30:00,2026.09.04 13:30:00,"10****84",XAUUSD,108151,2026.09.04 13:15:00,NONE,4441.35021,4463.26542,19.16,4472.34854,7.27929,6.44893,0.00000,4471.14000,0.00000,0.00000,0.00000,0.00000,0.00,0.00,0.00,0.00,0.00,0.00,0.00,"Loss: $0.00 (Max $50.00) | Losses: 0/Max 2","Loss: 7.85% / Max: 20.00%","DD: 11.74% / Max: 20.00% (HWM: $522.02)","BypassedInTester","ActiveSession",TRUE,TRUE,TRUE,TRUE,TRUE,TRUE,TRUE,TRUE,FALSE,FALSE,FALSE,TRUE,FALSE,FALSE,FALSE,FALSE,FALSE,FALSE,FALSE,"No valid H1 trend alignment (EMA50 vs EMA200 or Close vs EMA50)","",0,0,0,0.00000,0.00000,0.00000,0.00000,"",0.00,0.00
2026.09.04 13:45:00,2026.09.04 13:45:00,2026.09.04 13:45:00,"10****84",XAUUSD,108151,2026.09.04 13:30:00,NONE,4441.35021,4463.26542,19.16,4472.45439,6.95643,6.56714,0.00000,4473.46000,0.00000,0.00000,0.00000,0.00000,0.00,0.00,0.00,0.00,0.00,0.00,0.00,"Loss: $0.00 (Max $50.00) | Losses: 0/Max 2","Loss: 7.85% / Max: 20.00%","DD: 11.74% / Max: 20.00% (HWM: $522.02)","BypassedInTester","ActiveSession",TRUE,TRUE,TRUE,TRUE,TRUE,TRUE,TRUE,TRUE,FALSE,FALSE,FALSE,TRUE,FALSE,FALSE,FALSE,FALSE,FALSE,FALSE,FALSE,"No valid H1 trend alignment (EMA50 vs EMA200 or Close vs EMA50)","",0,0,0,0.00000,0.00000,0.00000,0.00000,"",0.00,0.00
2026.09.04 14:00:00,2026.09.04 14:00:00,2026.09.04 14:00:00,"10****84",XAUUSD,108151,2026.09.04 13:45:00,NONE,4442.58393,4463.36039,19.08,4472.48826,6.78786,6.68571,0.00000,4472.81000,0.00000,0.00000,0.00000,0.00000,0.00,0.00,0.00,0.00,0.00,0.00,0.00,"Loss: $0.00 (Max $50.00) | Losses: 0/Max 2","Loss: 7.85% / Max: 20.00%","DD: 11.74% / Max: 20.00% (HWM: $522.02)","BypassedInTester","ActiveSession",TRUE,TRUE,TRUE,TRUE,TRUE,TRUE,TRUE,TRUE,FALSE,FALSE,FALSE,TRUE,FALSE,FALSE,FALSE,FALSE,FALSE,FALSE,FALSE,"No valid H1 trend alignment (EMA50 vs EMA200 or Close vs EMA50)","",0,0,0,0.00000,0.00000,0.00000,0.00000,"",0.00,0.00
2026.09.04 14:15:00,2026.09.04 14:15:00,2026.09.04 14:15:00,"10****84",XAUUSD,108151,2026.09.04 14:00:00,NONE,4442.58393,4463.36039,19.08,4472.26843,6.08929,6.73786,0.00000,4470.18000,0.00000,0.00000,0.00000,0.00000,0.00,0.00,0.00,0.00,0.00,0.00,0.00,"Loss: $0.00 (Max $50.00) | Losses: 0/Max 2","Loss: 7.85% / Max: 20.00%","DD: 11.74% / Max: 20.00% (HWM: $522.02)","BypassedInTester","ActiveSession",TRUE,TRUE,TRUE,TRUE,TRUE,TRUE,TRUE,TRUE,FALSE,FALSE,FALSE,TRUE,FALSE,FALSE,FALSE,FALSE,FALSE,FALSE,FALSE,"No valid H1 trend alignment (EMA50 vs EMA200 or Close vs EMA50)","",0,0,0,0.00000,0.00000,0.00000,0.00000,"",0.00,0.00
2026.09.04 14:30:00,2026.09.04 14:30:00,2026.09.04 14:30:00,"10****84",XAUUSD,108151,2026.09.04 14:15:00,NONE,4442.58393,4463.36039,19.08,4471.63143,5.80500,6.73786,0.00000,4465.58000,0.00000,0.00000,0.00000,0.00000,0.00,0.00,0.00,0.00,0.00,0.00,0.00,"Loss: $0.00 (Max $50.00) | Losses: 0/Max 2","Loss: 7.85% / Max: 20.00%","DD: 11.74% / Max: 20.00% (HWM: $522.02)","BypassedInTester","ActiveSession",TRUE,TRUE,TRUE,TRUE,TRUE,TRUE,TRUE,TRUE,FALSE,FALSE,FALSE,TRUE,FALSE,FALSE,FALSE,FALSE,FALSE,FALSE,FALSE,"No valid H1 trend alignment (EMA50 vs EMA200 or Close vs EMA50)","",0,0,0,0.00000,0.00000,0.00000,0.00000,"",0.00,0.00
2026.09.04 14:45:00,2026.09.04 14:45:00,2026.09.04 14:45:00,"10****84",XAUUSD,108151,2026.09.04 14:30:00,NONE,4442.58393,4463.36039,19.08,4471.30273,5.65571,6.73786,0.00000,4468.18000,0.00000,0.00000,0.00000,0.00000,0.00,0.00,0.00,0.00,0.00,0.00,0.00,"Loss: $0.00 (Max $50.00) | Losses: 0/Max 2","Loss: 7.85% / Max: 20.00%","DD: 11.74% / Max: 20.00% (HWM: $522.02)","BypassedInTester","ActiveSession",TRUE,TRUE,TRUE,TRUE,TRUE,TRUE,TRUE,TRUE,FALSE,FALSE,FALSE,TRUE,FALSE,FALSE,FALSE,FALSE,FALSE,FALSE,FALSE,"No valid H1 trend alignment (EMA50 vs EMA200 or Close vs EMA50)","",0,0,0,0.00000,0.00000,0.00000,0.00000,"",0.00,0.00
2026.09.04 15:00:00,2026.09.04 15:00:00,2026.09.04 15:00:00,"10****84",XAUUSD,108151,2026.09.04 14:45:00,NONE,4443.53828,4463.39581,19.20,4470.88532,5.72214,6.73786,0.00000,4466.92000,0.00000,0.00000,0.00000,0.00000,0.00,0.00,0.00,0.00,0.00,0.00,0.00,"Loss: $0.00 (Max $50.00) | Losses: 0/Max 2","Loss: 7.85% / Max: 20.00%","DD: 11.74% / Max: 20.00% (HWM: $522.02)","BypassedInTester","ActiveSession",TRUE,TRUE,TRUE,TRUE,TRUE,TRUE,TRUE,TRUE,FALSE,FALSE,FALSE,TRUE,FALSE,FALSE,FALSE,FALSE,FALSE,FALSE,FALSE,"No valid H1 trend alignment (EMA50 vs EMA200 or Close vs EMA50)","",0,0,0,0.00000,0.00000,0.00000,0.00000,"",0.00,0.00
2026.09.04 15:15:00,2026.09.04 15:15:00,2026.09.04 15:15:00,"10****84",XAUUSD,108151,2026.09.04 15:00:00,NONE,4443.53828,4463.39581,19.20,4470.30291,5.76786,6.73786,0.00000,4464.77000,0.00000,0.00000,0.00000,0.00000,0.00,0.00,0.00,0.00,0.00,0.00,0.00,"Loss: $0.00 (Max $50.00) | Losses: 0/Max 2","Loss: 7.85% / Max: 20.00%","DD: 11.74% / Max: 20.00% (HWM: $522.02)","BypassedInTester","ActiveSession",TRUE,TRUE,TRUE,TRUE,TRUE,TRUE,TRUE,TRUE,FALSE,FALSE,FALSE,TRUE,FALSE,FALSE,FALSE,FALSE,FALSE,FALSE,FALSE,"No valid H1 trend alignment (EMA50 vs EMA200 or Close vs EMA50)","",0,0,0,0.00000,0.00000,0.00000,0.00000,"",0.00,0.00
2026.09.04 15:30:00,2026.09.04 15:30:00,2026.09.04 15:30:00,"10****84",XAUUSD,108151,2026.09.04 15:15:00,NONE,4443.53828,4463.39581,19.20,4470.37882,6.17143,6.73786,0.00000,4471.10000,0.00000,0.00000,0.00000,0.00000,0.00,0.00,0.00,0.00,0.00,0.00,0.00,"Loss: $0.00 (Max $50.00) | Losses: 0/Max 2","Loss: 7.85% / Max: 20.00%","DD: 11.74% / Max: 20.00% (HWM: $522.02)","BypassedInTester","ActiveSession",TRUE,TRUE,TRUE,TRUE,TRUE,TRUE,TRUE,TRUE,FALSE,FALSE,FALSE,TRUE,FALSE,FALSE,FALSE,FALSE,FALSE,FALSE,FALSE,"No valid H1 trend alignment (EMA50 vs EMA200 or Close vs EMA50)","",0,0,0,0.00000,0.00000,0.00000,0.00000,"",0.00,0.00
2026.09.04 15:45:00,2026.09.04 15:45:00,2026.09.04 15:45:00,"10****84",XAUUSD,108151,2026.09.04 15:30:00,NONE,4443.53828,4463.39581,19.20,4463.09703,12.31643,6.73786,0.00000,4393.92000,0.00000,0.00000,0.00000,0.00000,0.00,0.00,0.00,0.00,0.00,0.00,0.00,"Loss: $0.00 (Max $50.00) | Losses: 0/Max 2","Loss: 7.85% / Max: 20.00%","DD: 11.74% / Max: 20.00% (HWM: $522.02)","BypassedInTester","ActiveSession",TRUE,TRUE,TRUE,TRUE,TRUE,TRUE,TRUE,TRUE,FALSE,FALSE,FALSE,TRUE,FALSE,FALSE,FALSE,FALSE,FALSE,FALSE,FALSE,"No valid H1 trend alignment (EMA50 vs EMA200 or Close vs EMA50)","",0,0,0,0.00000,0.00000,0.00000,0.00000,"",0.00,0.00
2026.09.04 16:00:00,2026.09.04 16:00:00,2026.09.04 16:00:00,"10****84",XAUUSD,108151,2026.09.04 15:45:00,NONE,0.00000,0.00000,0.00,0.00000,0.00000,0.00000,0.00000,0.00000,0.00000,0.00000,0.00000,0.00000,0.00,0.00,0.00,0.00,0.00,0.00,0.00,"","","","","OutsideUTCWindow",TRUE,TRUE,FALSE,FALSE,FALSE,FALSE,FALSE,FALSE,FALSE,FALSE,FALSE,FALSE,FALSE,FALSE,FALSE,FALSE,FALSE,FALSE,FALSE,"Outside UTC session (08:00 - 16:00 UTC, Current: 16:00)","",0,0,0,0.00000,0.00000,0.00000,0.00000,"",0.00,0.00
2026.09.04 16:15:00,2026.09.04 16:15:00,2026.09.04 16:15:00,"10****84",XAUUSD,108151,2026.09.04 16:00:00,NONE,0.00000,0.00000,0.00,0.00000,0.00000,0.00000,0.00000,0.00000,0.00000,0.00000,0.00000,0.00000,0.00,0.00,0.00,0.00,0.00,0.00,0.00,"","","","","OutsideUTCWindow",TRUE,TRUE,FALSE,FALSE,FALSE,FALSE,FALSE,FALSE,FALSE,FALSE,FALSE,FALSE,FALSE,FALSE,FALSE,FALSE,FALSE,FALSE,FALSE,"Outside UTC session (08:00 - 16:00 UTC, Current: 16:15)","",0,0,0,0.00000,0.00000,0.00000,0.00000,"",0.00,0.00
2026.09.04 16:30:00,2026.09.04 16:30:00,2026.09.04 16:30:00,"10****84",XAUUSD,108151,2026.09.04 16:15:00,NONE,0.00000,0.00000,0.00,0.00000,0.00000,0.00000,0.00000,0.00000,0.00000,0.00000,0.00000,0.00000,0.00,0.00,0.00,0.00,0.00,0.00,0.00,"","","","","OutsideUTCWindow",TRUE,TRUE,FALSE,FALSE,FALSE,FALSE,FALSE,FALSE,FALSE,FALSE,FALSE,FALSE,FALSE,FALSE,FALSE,FALSE,FALSE,FALSE,FALSE,"Outside UTC session (08:00 - 16:00 UTC, Current: 16:30)","",0,0,0,0.00000,0.00000,0.00000,0.00000,"",0.00,0.00
2026.09.04 16:45:00,2026.09.04 16:45:00,2026.09.04 16:45:00,"10****84",XAUUSD,108151,2026.09.04 16:30:00,NONE,0.00000,0.00000,0.00,0.00000,0.00000,0.00000,0.00000,0.00000,0.00000,0.00000,0.00000,0.00000,0.00,0.00,0.00,0.00,0.00,0.00,0.00,"","","","","OutsideUTCWindow",TRUE,TRUE,FALSE,FALSE,FALSE,FALSE,FALSE,FALSE,FALSE,FALSE,FALSE,FALSE,FALSE,FALSE,FALSE,FALSE,FALSE,FALSE,FALSE,"Outside UTC session (08:00 - 16:00 UTC, Current: 16:45)","",0,0,0,0.00000,0.00000,0.00000,0.00000,"",0.00,0.00
2026.09.04 17:00:00,2026.09.04 17:00:00,2026.09.04 17:00:00,"10****84",XAUUSD,108151,2026.09.04 16:45:00,NONE,0.00000,0.00000,0.00,0.00000,0.00000,0.00000,0.00000,0.00000,0.00000,0.00000,0.00000,0.00000,0.00,0.00,0.00,0.00,0.00,0.00,0.00,"","","","","OutsideUTCWindow",TRUE,TRUE,FALSE,FALSE,FALSE,FALSE,FALSE,FALSE,FALSE,FALSE,FALSE,FALSE,FALSE,FALSE,FALSE,FALSE,FALSE,FALSE,FALSE,"Outside UTC session (08:00 - 16:00 UTC, Current: 17:00)","",0,0,0,0.00000,0.00000,0.00000,0.00000,"",0.00,0.00
2026.09.04 17:15:00,2026.09.04 17:15:00,2026.09.04 17:15:00,"10****84",XAUUSD,108151,2026.09.04 17:00:00,NONE,0.00000,0.00000,0.00,0.00000,0.00000,0.00000,0.00000,0.00000,0.00000,0.00000,0.00000,0.00000,0.00,0.00,0.00,0.00,0.00,0.00,0.00,"","","","","OutsideUTCWindow",TRUE,TRUE,FALSE,FALSE,FALSE,FALSE,FALSE,FALSE,FALSE,FALSE,FALSE,FALSE,FALSE,FALSE,FALSE,FALSE,FALSE,FALSE,FALSE,"Outside UTC session (08:00 - 16:00 UTC, Current: 17:15)","",0,0,0,0.00000,0.00000,0.00000,0.00000,"",0.00,0.00
2026.09.04 17:30:00,2026.09.04 17:30:00,2026.09.04 17:30:00,"10****84",XAUUSD,108151,2026.09.04 17:15:00,NONE,0.00000,0.00000,0.00,0.00000,0.00000,0.00000,0.00000,0.00000,0.00000,0.00000,0.00000,0.00000,0.00,0.00,0.00,0.00,0.00,0.00,0.00,"","","","","OutsideUTCWindow",TRUE,TRUE,FALSE,FALSE,FALSE,FALSE,FALSE,FALSE,FALSE,FALSE,FALSE,FALSE,FALSE,FALSE,FALSE,FALSE,FALSE,FALSE,FALSE,"Outside UTC session (08:00 - 16:00 UTC, Current: 17:30)","",0,0,0,0.00000,0.00000,0.00000,0.00000,"",0.00,0.00
2026.09.04 17:45:00,2026.09.04 17:45:00,2026.09.04 17:45:00,"10****84",XAUUSD,108151,2026.09.04 17:30:00,NONE,0.00000,0.00000,0.00,0.00000,0.00000,0.00000,0.00000,0.00000,0.00000,0.00000,0.00000,0.00000,0.00,0.00,0.00,0.00,0.00,0.00,0.00,"","","","","OutsideUTCWindow",TRUE,TRUE,FALSE,FALSE,FALSE,FALSE,FALSE,FALSE,FALSE,FALSE,FALSE,FALSE,FALSE,FALSE,FALSE,FALSE,FALSE,FALSE,FALSE,"Outside UTC session (08:00 - 16:00 UTC, Current: 17:45)","",0,0,0,0.00000,0.00000,0.00000,0.00000,"",0.00,0.00
2026.09.04 18:00:00,2026.09.04 18:00:00,2026.09.04 18:00:00,"10****84",XAUUSD,108151,2026.09.04 17:45:00,NONE,0.00000,0.00000,0.00,0.00000,0.00000,0.00000,0.00000,0.00000,0.00000,0.00000,0.00000,0.00000,0.00,0.00,0.00,0.00,0.00,0.00,0.00,"","","","","OutsideUTCWindow",TRUE,TRUE,FALSE,FALSE,FALSE,FALSE,FALSE,FALSE,FALSE,FALSE,FALSE,FALSE,FALSE,FALSE,FALSE,FALSE,FALSE,FALSE,FALSE,"Outside UTC session (08:00 - 16:00 UTC, Current: 18:00)","",0,0,0,0.00000,0.00000,0.00000,0.00000,"",0.00,0.00
2026.09.04 18:15:00,2026.09.04 18:15:00,2026.09.04 18:15:00,"10****84",XAUUSD,108151,2026.09.04 18:00:00,NONE,0.00000,0.00000,0.00,0.00000,0.00000,0.00000,0.00000,0.00000,0.00000,0.00000,0.00000,0.00000,0.00,0.00,0.00,0.00,0.00,0.00,0.00,"","","","","OutsideUTCWindow",TRUE,TRUE,FALSE,FALSE,FALSE,FALSE,FALSE,FALSE,FALSE,FALSE,FALSE,FALSE,FALSE,FALSE,FALSE,FALSE,FALSE,FALSE,FALSE,"Outside UTC session (08:00 - 16:00 UTC, Current: 18:15)","",0,0,0,0.00000,0.00000,0.00000,0.00000,"",0.00,0.00
2026.09.04 18:30:00,2026.09.04 18:30:00,2026.09.04 18:30:00,"10****84",XAUUSD,108151,2026.09.04 18:15:00,NONE,0.00000,0.00000,0.00,0.00000,0.00000,0.00000,0.00000,0.00000,0.00000,0.00000,0.00000,0.00000,0.00,0.00,0.00,0.00,0.00,0.00,0.00,"","","","","OutsideUTCWindow",TRUE,TRUE,FALSE,FALSE,FALSE,FALSE,FALSE,FALSE,FALSE,FALSE,FALSE,FALSE,FALSE,FALSE,FALSE,FALSE,FALSE,FALSE,FALSE,"Outside UTC session (08:00 - 16:00 UTC, Current: 18:30)","",0,0,0,0.00000,0.00000,0.00000,0.00000,"",0.00,0.00
2026.09.04 18:45:00,2026.09.04 18:45:00,2026.09.04 18:45:00,"10****84",XAUUSD,108151,2026.09.04 18:30:00,NONE,0.00000,0.00000,0.00,0.00000,0.00000,0.00000,0.00000,0.00000,0.00000,0.00000,0.00000,0.00000,0.00,0.00,0.00,0.00,0.00,0.00,0.00,"","","","","OutsideUTCWindow",TRUE,TRUE,FALSE,FALSE,FALSE,FALSE,FALSE,FALSE,FALSE,FALSE,FALSE,FALSE,FALSE,FALSE,FALSE,FALSE,FALSE,FALSE,FALSE,"Outside UTC session (08:00 - 16:00 UTC, Current: 18:45)","",0,0,0,0.00000,0.00000,0.00000,0.00000,"",0.00,0.00
2026.09.04 19:00:00,2026.09.04 19:00:00,2026.09.04 19:00:00,"10****84",XAUUSD,108151,2026.09.04 18:45:00,NONE,0.00000,0.00000,0.00,0.00000,0.00000,0.00000,0.00000,0.00000,0.00000,0.00000,0.00000,0.00000,0.00,0.00,0.00,0.00,0.00,0.00,0.00,"","","","","OutsideUTCWindow",TRUE,TRUE,FALSE,FALSE,FALSE,FALSE,FALSE,FALSE,FALSE,FALSE,FALSE,FALSE,FALSE,FALSE,FALSE,FALSE,FALSE,FALSE,FALSE,"Outside UTC session (08:00 - 16:00 UTC, Current: 19:00)","",0,0,0,0.00000,0.00000,0.00000,0.00000,"",0.00,0.00
2026.09.04 19:15:00,2026.09.04 19:15:00,2026.09.04 19:15:00,"10****84",XAUUSD,108151,2026.09.04 19:00:00,NONE,0.00000,0.00000,0.00,0.00000,0.00000,0.00000,0.00000,0.00000,0.00000,0.00000,0.00000,0.00000,0.00,0.00,0.00,0.00,0.00,0.00,0.00,"","","","","OutsideUTCWindow",TRUE,TRUE,FALSE,FALSE,FALSE,FALSE,FALSE,FALSE,FALSE,FALSE,FALSE,FALSE,FALSE,FALSE,FALSE,FALSE,FALSE,FALSE,FALSE,"Outside UTC session (08:00 - 16:00 UTC, Current: 19:15)","",0,0,0,0.00000,0.00000,0.00000,0.00000,"",0.00,0.00
2026.09.04 19:30:00,2026.09.04 19:30:00,2026.09.04 19:30:00,"10****84",XAUUSD,108151,2026.09.04 19:15:00,NONE,0.00000,0.00000,0.00,0.00000,0.00000,0.00000,0.00000,0.00000,0.00000,0.00000,0.00000,0.00000,0.00,0.00,0.00,0.00,0.00,0.00,0.00,"","","","","OutsideUTCWindow",TRUE,TRUE,FALSE,FALSE,FALSE,FALSE,FALSE,FALSE,FALSE,FALSE,FALSE,FALSE,FALSE,FALSE,FALSE,FALSE,FALSE,FALSE,FALSE,"Outside UTC session (08:00 - 16:00 UTC, Current: 19:30)","",0,0,0,0.00000,0.00000,0.00000,0.00000,"",0.00,0.00
2026.09.04 19:45:00,2026.09.04 19:45:00,2026.09.04 19:45:00,"10****84",XAUUSD,108151,2026.09.04 19:30:00,NONE,0.00000,0.00000,0.00,0.00000,0.00000,0.00000,0.00000,0.00000,0.00000,0.00000,0.00000,0.00000,0.00,0.00,0.00,0.00,0.00,0.00,0.00,"","","","","OutsideUTCWindow",TRUE,TRUE,FALSE,FALSE,FALSE,FALSE,FALSE,FALSE,FALSE,FALSE,FALSE,FALSE,FALSE,FALSE,FALSE,FALSE,FALSE,FALSE,FALSE,"Outside UTC session (08:00 - 16:00 UTC, Current: 19:45)","",0,0,0,0.00000,0.00000,0.00000,0.00000,"",0.00,0.00
2026.09.04 20:00:00,2026.09.04 20:00:00,2026.09.04 20:00:00,"10****84",XAUUSD,108151,2026.09.04 19:45:00,NONE,0.00000,0.00000,0.00,0.00000,0.00000,0.00000,0.00000,0.00000,0.00000,0.00000,0.00000,0.00000,0.00,0.00,0.00,0.00,0.00,0.00,0.00,"","","","","OutsideUTCWindow",TRUE,TRUE,FALSE,FALSE,FALSE,FALSE,FALSE,FALSE,FALSE,FALSE,FALSE,FALSE,FALSE,FALSE,FALSE,FALSE,FALSE,FALSE,FALSE,"Outside UTC session (08:00 - 16:00 UTC, Current: 20:00)","",0,0,0,0.00000,0.00000,0.00000,0.00000,"",0.00,0.00
2026.09.04 20:15:00,2026.09.04 20:15:00,2026.09.04 20:15:00,"10****84",XAUUSD,108151,2026.09.04 20:00:00,NONE,0.00000,0.00000,0.00,0.00000,0.00000,0.00000,0.00000,0.00000,0.00000,0.00000,0.00000,0.00000,0.00,0.00,0.00,0.00,0.00,0.00,0.00,"","","","","OutsideUTCWindow",TRUE,TRUE,FALSE,FALSE,FALSE,FALSE,FALSE,FALSE,FALSE,FALSE,FALSE,FALSE,FALSE,FALSE,FALSE,FALSE,FALSE,FALSE,FALSE,"Outside UTC session (08:00 - 16:00 UTC, Current: 20:15)","",0,0,0,0.00000,0.00000,0.00000,0.00000,"",0.00,0.00
2026.09.04 20:30:00,2026.09.04 20:30:00,2026.09.04 20:30:00,"10****84",XAUUSD,108151,2026.09.04 20:15:00,NONE,0.00000,0.00000,0.00,0.00000,0.00000,0.00000,0.00000,0.00000,0.00000,0.00000,0.00000,0.00000,0.00,0.00,0.00,0.00,0.00,0.00,0.00,"","","","","OutsideUTCWindow",TRUE,TRUE,FALSE,FALSE,FALSE,FALSE,FALSE,FALSE,FALSE,FALSE,FALSE,FALSE,FALSE,FALSE,FALSE,FALSE,FALSE,FALSE,FALSE,"Outside UTC session (08:00 - 16:00 UTC, Current: 20:30)","",0,0,0,0.00000,0.00000,0.00000,0.00000,"",0.00,0.00
2026.09.04 20:45:00,2026.09.04 20:45:00,2026.09.04 20:45:00,"10****84",XAUUSD,108151,2026.09.04 20:30:00,NONE,0.00000,0.00000,0.00,0.00000,0.00000,0.00000,0.00000,0.00000,0.00000,0.00000,0.00000,0.00000,0.00,0.00,0.00,0.00,0.00,0.00,0.00,"","","","","OutsideUTCWindow",TRUE,TRUE,FALSE,FALSE,FALSE,FALSE,FALSE,FALSE,FALSE,FALSE,FALSE,FALSE,FALSE,FALSE,FALSE,FALSE,FALSE,FALSE,FALSE,"Outside UTC session (08:00 - 16:00 UTC, Current: 20:45)","",0,0,0,0.00000,0.00000,0.00000,0.00000,"",0.00,0.00
2026.09.04 21:00:00,2026.09.04 21:00:00,2026.09.04 21:00:00,"10****84",XAUUSD,108151,2026.09.04 20:45:00,NONE,0.00000,0.00000,0.00,0.00000,0.00000,0.00000,0.00000,0.00000,0.00000,0.00000,0.00000,0.00000,0.00,0.00,0.00,0.00,0.00,0.00,0.00,"","","","","OutsideUTCWindow",TRUE,TRUE,FALSE,FALSE,FALSE,FALSE,FALSE,FALSE,FALSE,FALSE,FALSE,FALSE,FALSE,FALSE,FALSE,FALSE,FALSE,FALSE,FALSE,"Outside UTC session (08:00 - 16:00 UTC, Current: 21:00)","",0,0,0,0.00000,0.00000,0.00000,0.00000,"",0.00,0.00
2026.09.04 21:15:00,2026.09.04 21:15:00,2026.09.04 21:15:00,"10****84",XAUUSD,108151,2026.09.04 21:00:00,NONE,0.00000,0.00000,0.00,0.00000,0.00000,0.00000,0.00000,0.00000,0.00000,0.00000,0.00000,0.00000,0.00,0.00,0.00,0.00,0.00,0.00,0.00,"","","","","OutsideUTCWindow",TRUE,TRUE,FALSE,FALSE,FALSE,FALSE,FALSE,FALSE,FALSE,FALSE,FALSE,FALSE,FALSE,FALSE,FALSE,FALSE,FALSE,FALSE,FALSE,"Outside UTC session (08:00 - 16:00 UTC, Current: 21:15)","",0,0,0,0.00000,0.00000,0.00000,0.00000,"",0.00,0.00
2026.09.04 21:30:00,2026.09.04 21:30:00,2026.09.04 21:30:00,"10****84",XAUUSD,108151,2026.09.04 21:15:00,NONE,0.00000,0.00000,0.00,0.00000,0.00000,0.00000,0.00000,0.00000,0.00000,0.00000,0.00000,0.00000,0.00,0.00,0.00,0.00,0.00,0.00,0.00,"","","","","OutsideUTCWindow",TRUE,TRUE,FALSE,FALSE,FALSE,FALSE,FALSE,FALSE,FALSE,FALSE,FALSE,FALSE,FALSE,FALSE,FALSE,FALSE,FALSE,FALSE,FALSE,"Outside UTC session (08:00 - 16:00 UTC, Current: 21:30)","",0,0,0,0.00000,0.00000,0.00000,0.00000,"",0.00,0.00
2026.09.04 21:45:00,2026.09.04 21:45:00,2026.09.04 21:45:00,"10****84",XAUUSD,108151,2026.09.04 21:30:00,NONE,0.00000,0.00000,0.00,0.00000,0.00000,0.00000,0.00000,0.00000,0.00000,0.00000,0.00000,0.00000,0.00,0.00,0.00,0.00,0.00,0.00,0.00,"","","","","OutsideUTCWindow",TRUE,TRUE,FALSE,FALSE,FALSE,FALSE,FALSE,FALSE,FALSE,FALSE,FALSE,FALSE,FALSE,FALSE,FALSE,FALSE,FALSE,FALSE,FALSE,"Outside UTC session (08:00 - 16:00 UTC, Current: 21:45)","",0,0,0,0.00000,0.00000,0.00000,0.00000,"",0.00,0.00
2026.09.04 22:00:00,2026.09.04 22:00:00,2026.09.04 22:00:00,"10****84",XAUUSD,108151,2026.09.04 21:45:00,NONE,0.00000,0.00000,0.00,0.00000,0.00000,0.00000,0.00000,0.00000,0.00000,0.00000,0.00000,0.00000,0.00,0.00,0.00,0.00,0.00,0.00,0.00,"","","","","OutsideUTCWindow",TRUE,TRUE,FALSE,FALSE,FALSE,FALSE,FALSE,FALSE,FALSE,FALSE,FALSE,FALSE,FALSE,FALSE,FALSE,FALSE,FALSE,FALSE,FALSE,"Outside UTC session (08:00 - 16:00 UTC, Current: 22:00)","",0,0,0,0.00000,0.00000,0.00000,0.00000,"",0.00,0.00
2026.09.04 22:15:00,2026.09.04 22:15:00,2026.09.04 22:15:00,"10****84",XAUUSD,108151,2026.09.04 22:00:00,NONE,0.00000,0.00000,0.00,0.00000,0.00000,0.00000,0.00000,0.00000,0.00000,0.00000,0.00000,0.00000,0.00,0.00,0.00,0.00,0.00,0.00,0.00,"","","","","OutsideUTCWindow",TRUE,TRUE,FALSE,FALSE,FALSE,FALSE,FALSE,FALSE,FALSE,FALSE,FALSE,FALSE,FALSE,FALSE,FALSE,FALSE,FALSE,FALSE,FALSE,"Outside UTC session (08:00 - 16:00 UTC, Current: 22:15)","",0,0,0,0.00000,0.00000,0.00000,0.00000,"",0.00,0.00
2026.09.04 22:30:00,2026.09.04 22:30:00,2026.09.04 22:30:00,"10****84",XAUUSD,108151,2026.09.04 22:15:00,NONE,0.00000,0.00000,0.00,0.00000,0.00000,0.00000,0.00000,0.00000,0.00000,0.00000,0.00000,0.00000,0.00,0.00,0.00,0.00,0.00,0.00,0.00,"","","","","OutsideUTCWindow",TRUE,TRUE,FALSE,FALSE,FALSE,FALSE,FALSE,FALSE,FALSE,FALSE,FALSE,FALSE,FALSE,FALSE,FALSE,FALSE,FALSE,FALSE,FALSE,"Outside UTC session (08:00 - 16:00 UTC, Current: 22:30)","",0,0,0,0.00000,0.00000,0.00000,0.00000,"",0.00,0.00
2026.09.04 22:45:00,2026.09.04 22:45:00,2026.09.04 22:45:00,"10****84",XAUUSD,108151,2026.09.04 22:30:00,NONE,0.00000,0.00000,0.00,0.00000,0.00000,0.00000,0.00000,0.00000,0.00000,0.00000,0.00000,0.00000,0.00,0.00,0.00,0.00,0.00,0.00,0.00,"","","","","OutsideUTCWindow",TRUE,TRUE,FALSE,FALSE,FALSE,FALSE,FALSE,FALSE,FALSE,FALSE,FALSE,FALSE,FALSE,FALSE,FALSE,FALSE,FALSE,FALSE,FALSE,"Outside UTC session (08:00 - 16:00 UTC, Current: 22:45)","",0,0,0,0.00000,0.00000,0.00000,0.00000,"",0.00,0.00
2026.09.07 01:00:00,2026.09.07 01:00:00,2026.09.07 01:00:00,"10****84",XAUUSD,108151,2026.09.04 22:45:00,NONE,0.00000,0.00000,0.00,0.00000,0.00000,0.00000,0.00000,0.00000,0.00000,0.00000,0.00000,0.00000,0.00,0.00,0.00,0.00,0.00,0.00,0.00,"","","","","OutsideUTCWindow",TRUE,TRUE,FALSE,FALSE,FALSE,FALSE,FALSE,FALSE,FALSE,FALSE,FALSE,FALSE,FALSE,FALSE,FALSE,FALSE,FALSE,FALSE,FALSE,"Outside UTC session (08:00 - 16:00 UTC, Current: 01:00)","",0,0,0,0.00000,0.00000,0.00000,0.00000,"",0.00,0.00
2026.09.07 01:15:00,2026.09.07 01:15:00,2026.09.07 01:15:00,"10****84",XAUUSD,108151,2026.09.07 01:00:00,NONE,0.00000,0.00000,0.00,0.00000,0.00000,0.00000,0.00000,0.00000,0.00000,0.00000,0.00000,0.00000,0.00,0.00,0.00,0.00,0.00,0.00,0.00,"","","","","OutsideUTCWindow",TRUE,TRUE,FALSE,FALSE,FALSE,FALSE,FALSE,FALSE,FALSE,FALSE,FALSE,FALSE,FALSE,FALSE,FALSE,FALSE,FALSE,FALSE,FALSE,"Outside UTC session (08:00 - 16:00 UTC, Current: 01:15)","",0,0,0,0.00000,0.00000,0.00000,0.00000,"",0.00,0.00
2026.09.07 01:30:00,2026.09.07 01:30:00,2026.09.07 01:30:00,"10****84",XAUUSD,108151,2026.09.07 01:15:00,NONE,0.00000,0.00000,0.00,0.00000,0.00000,0.00000,0.00000,0.00000,0.00000,0.00000,0.00000,0.00000,0.00,0.00,0.00,0.00,0.00,0.00,0.00,"","","","","OutsideUTCWindow",TRUE,TRUE,FALSE,FALSE,FALSE,FALSE,FALSE,FALSE,FALSE,FALSE,FALSE,FALSE,FALSE,FALSE,FALSE,FALSE,FALSE,FALSE,FALSE,"Outside UTC session (08:00 - 16:00 UTC, Current: 01:30)","",0,0,0,0.00000,0.00000,0.00000,0.00000,"",0.00,0.00
2026.09.07 01:45:00,2026.09.07 01:45:00,2026.09.07 01:45:00,"10****84",XAUUSD,108151,2026.09.07 01:30:00,NONE,0.00000,0.00000,0.00,0.00000,0.00000,0.00000,0.00000,0.00000,0.00000,0.00000,0.00000,0.00000,0.00,0.00,0.00,0.00,0.00,0.00,0.00,"","","","","OutsideUTCWindow",TRUE,TRUE,FALSE,FALSE,FALSE,FALSE,FALSE,FALSE,FALSE,FALSE,FALSE,FALSE,FALSE,FALSE,FALSE,FALSE,FALSE,FALSE,FALSE,"Outside UTC session (08:00 - 16:00 UTC, Current: 01:45)","",0,0,0,0.00000,0.00000,0.00000,0.00000,"",0.00,0.00
2026.09.07 02:00:00,2026.09.07 02:00:00,2026.09.07 02:00:00,"10****84",XAUUSD,108151,2026.09.07 01:45:00,NONE,0.00000,0.00000,0.00,0.00000,0.00000,0.00000,0.00000,0.00000,0.00000,0.00000,0.00000,0.00000,0.00,0.00,0.00,0.00,0.00,0.00,0.00,"","","","","OutsideUTCWindow",TRUE,TRUE,FALSE,FALSE,FALSE,FALSE,FALSE,FALSE,FALSE,FALSE,FALSE,FALSE,FALSE,FALSE,FALSE,FALSE,FALSE,FALSE,FALSE,"Outside UTC session (08:00 - 16:00 UTC, Current: 02:00)","",0,0,0,0.00000,0.00000,0.00000,0.00000,"",0.00,0.00
2026.09.07 02:15:00,2026.09.07 02:15:00,2026.09.07 02:15:00,"10****84",XAUUSD,108151,2026.09.07 02:00:00,NONE,0.00000,0.00000,0.00,0.00000,0.00000,0.00000,0.00000,0.00000,0.00000,0.00000,0.00000,0.00000,0.00,0.00,0.00,0.00,0.00,0.00,0.00,"","","","","OutsideUTCWindow",TRUE,TRUE,FALSE,FALSE,FALSE,FALSE,FALSE,FALSE,FALSE,FALSE,FALSE,FALSE,FALSE,FALSE,FALSE,FALSE,FALSE,FALSE,FALSE,"Outside UTC session (08:00 - 16:00 UTC, Current: 02:15)","",0,0,0,0.00000,0.00000,0.00000,0.00000,"",0.00,0.00
2026.09.07 02:30:00,2026.09.07 02:30:00,2026.09.07 02:30:00,"10****84",XAUUSD,108151,2026.09.07 02:15:00,NONE,0.00000,0.00000,0.00,0.00000,0.00000,0.00000,0.00000,0.00000,0.00000,0.00000,0.00000,0.00000,0.00,0.00,0.00,0.00,0.00,0.00,0.00,"","","","","OutsideUTCWindow",TRUE,TRUE,FALSE,FALSE,FALSE,FALSE,FALSE,FALSE,FALSE,FALSE,FALSE,FALSE,FALSE,FALSE,FALSE,FALSE,FALSE,FALSE,FALSE,"Outside UTC session (08:00 - 16:00 UTC, Current: 02:30)","",0,0,0,0.00000,0.00000,0.00000,0.00000,"",0.00,0.00
2026.09.07 02:45:00,2026.09.07 02:45:00,2026.09.07 02:45:00,"10****84",XAUUSD,108151,2026.09.07 02:30:00,NONE,0.00000,0.00000,0.00,0.00000,0.00000,0.00000,0.00000,0.00000,0.00000,0.00000,0.00000,0.00000,0.00,0.00,0.00,0.00,0.00,0.00,0.00,"","","","","OutsideUTCWindow",TRUE,TRUE,FALSE,FALSE,FALSE,FALSE,FALSE,FALSE,FALSE,FALSE,FALSE,FALSE,FALSE,FALSE,FALSE,FALSE,FALSE,FALSE,FALSE,"Outside UTC session (08:00 - 16:00 UTC, Current: 02:45)","",0,0,0,0.00000,0.00000,0.00000,0.00000,"",0.00,0.00
2026.09.07 03:00:00,2026.09.07 03:00:00,2026.09.07 03:00:00,"10****84",XAUUSD,108151,2026.09.07 02:45:00,NONE,0.00000,0.00000,0.00,0.00000,0.00000,0.00000,0.00000,0.00000,0.00000,0.00000,0.00000,0.00000,0.00,0.00,0.00,0.00,0.00,0.00,0.00,"","","","","OutsideUTCWindow",TRUE,TRUE,FALSE,FALSE,FALSE,FALSE,FALSE,FALSE,FALSE,FALSE,FALSE,FALSE,FALSE,FALSE,FALSE,FALSE,FALSE,FALSE,FALSE,"Outside UTC session (08:00 - 16:00 UTC, Current: 03:00)","",0,0,0,0.00000,0.00000,0.00000,0.00000,"",0.00,0.00
2026.09.07 03:15:00,2026.09.07 03:15:00,2026.09.07 03:15:00,"10****84",XAUUSD,108151,2026.09.07 03:00:00,NONE,0.00000,0.00000,0.00,0.00000,0.00000,0.00000,0.00000,0.00000,0.00000,0.00000,0.00000,0.00000,0.00,0.00,0.00,0.00,0.00,0.00,0.00,"","","","","OutsideUTCWindow",TRUE,TRUE,FALSE,FALSE,FALSE,FALSE,FALSE,FALSE,FALSE,FALSE,FALSE,FALSE,FALSE,FALSE,FALSE,FALSE,FALSE,FALSE,FALSE,"Outside UTC session (08:00 - 16:00 UTC, Current: 03:15)","",0,0,0,0.00000,0.00000,0.00000,0.00000,"",0.00,0.00
2026.09.07 03:30:00,2026.09.07 03:30:00,2026.09.07 03:30:00,"10****84",XAUUSD,108151,2026.09.07 03:15:00,NONE,0.00000,0.00000,0.00,0.00000,0.00000,0.00000,0.00000,0.00000,0.00000,0.00000,0.00000,0.00000,0.00,0.00,0.00,0.00,0.00,0.00,0.00,"","","","","OutsideUTCWindow",TRUE,TRUE,FALSE,FALSE,FALSE,FALSE,FALSE,FALSE,FALSE,FALSE,FALSE,FALSE,FALSE,FALSE,FALSE,FALSE,FALSE,FALSE,FALSE,"Outside UTC session (08:00 - 16:00 UTC, Current: 03:30)","",0,0,0,0.00000,0.00000,0.00000,0.00000,"",0.00,0.00
2026.09.07 03:45:00,2026.09.07 03:45:00,2026.09.07 03:45:00,"10****84",XAUUSD,108151,2026.09.07 03:30:00,NONE,0.00000,0.00000,0.00,0.00000,0.00000,0.00000,0.00000,0.00000,0.00000,0.00000,0.00000,0.00000,0.00,0.00,0.00,0.00,0.00,0.00,0.00,"","","","","OutsideUTCWindow",TRUE,TRUE,FALSE,FALSE,FALSE,FALSE,FALSE,FALSE,FALSE,FALSE,FALSE,FALSE,FALSE,FALSE,FALSE,FALSE,FALSE,FALSE,FALSE,"Outside UTC session (08:00 - 16:00 UTC, Current: 03:45)","",0,0,0,0.00000,0.00000,0.00000,0.00000,"",0.00,0.00
2026.09.07 04:00:00,2026.09.07 04:00:00,2026.09.07 04:00:00,"10****84",XAUUSD,108151,2026.09.07 03:45:00,NONE,0.00000,0.00000,0.00,0.00000,0.00000,0.00000,0.00000,0.00000,0.00000,0.00000,0.00000,0.00000,0.00,0.00,0.00,0.00,0.00,0.00,0.00,"","","","","OutsideUTCWindow",TRUE,TRUE,FALSE,FALSE,FALSE,FALSE,FALSE,FALSE,FALSE,FALSE,FALSE,FALSE,FALSE,FALSE,FALSE,FALSE,FALSE,FALSE,FALSE,"Outside UTC session (08:00 - 16:00 UTC, Current: 04:00)","",0,0,0,0.00000,0.00000,0.00000,0.00000,"",0.00,0.00
2026.09.07 04:15:00,2026.09.07 04:15:00,2026.09.07 04:15:00,"10****84",XAUUSD,108151,2026.09.07 04:00:00,NONE,0.00000,0.00000,0.00,0.00000,0.00000,0.00000,0.00000,0.00000,0.00000,0.00000,0.00000,0.00000,0.00,0.00,0.00,0.00,0.00,0.00,0.00,"","","","","OutsideUTCWindow",TRUE,TRUE,FALSE,FALSE,FALSE,FALSE,FALSE,FALSE,FALSE,FALSE,FALSE,FALSE,FALSE,FALSE,FALSE,FALSE,FALSE,FALSE,FALSE,"Outside UTC session (08:00 - 16:00 UTC, Current: 04:15)","",0,0,0,0.00000,0.00000,0.00000,0.00000,"",0.00,0.00
2026.09.07 04:30:00,2026.09.07 04:30:00,2026.09.07 04:30:00,"10****84",XAUUSD,108151,2026.09.07 04:15:00,NONE,0.00000,0.00000,0.00,0.00000,0.00000,0.00000,0.00000,0.00000,0.00000,0.00000,0.00000,0.00000,0.00,0.00,0.00,0.00,0.00,0.00,0.00,"","","","","OutsideUTCWindow",TRUE,TRUE,FALSE,FALSE,FALSE,FALSE,FALSE,FALSE,FALSE,FALSE,FALSE,FALSE,FALSE,FALSE,FALSE,FALSE,FALSE,FALSE,FALSE,"Outside UTC session (08:00 - 16:00 UTC, Current: 04:30)","",0,0,0,0.00000,0.00000,0.00000,0.00000,"",0.00,0.00
2026.09.07 04:45:00,2026.09.07 04:45:00,2026.09.07 04:45:00,"10****84",XAUUSD,108151,2026.09.07 04:30:00,NONE,0.00000,0.00000,0.00,0.00000,0.00000,0.00000,0.00000,0.00000,0.00000,0.00000,0.00000,0.00000,0.00,0.00,0.00,0.00,0.00,0.00,0.00,"","","","","OutsideUTCWindow",TRUE,TRUE,FALSE,FALSE,FALSE,FALSE,FALSE,FALSE,FALSE,FALSE,FALSE,FALSE,FALSE,FALSE,FALSE,FALSE,FALSE,FALSE,FALSE,"Outside UTC session (08:00 - 16:00 UTC, Current: 04:45)","",0,0,0,0.00000,0.00000,0.00000,0.00000,"",0.00,0.00
2026.09.07 05:00:00,2026.09.07 05:00:00,2026.09.07 05:00:00,"10****84",XAUUSD,108151,2026.09.07 04:45:00,NONE,0.00000,0.00000,0.00,0.00000,0.00000,0.00000,0.00000,0.00000,0.00000,0.00000,0.00000,0.00000,0.00,0.00,0.00,0.00,0.00,0.00,0.00,"","","","","OutsideUTCWindow",TRUE,TRUE,FALSE,FALSE,FALSE,FALSE,FALSE,FALSE,FALSE,FALSE,FALSE,FALSE,FALSE,FALSE,FALSE,FALSE,FALSE,FALSE,FALSE,"Outside UTC session (08:00 - 16:00 UTC, Current: 05:00)","",0,0,0,0.00000,0.00000,0.00000,0.00000,"",0.00,0.00
2026.09.07 05:15:00,2026.09.07 05:15:00,2026.09.07 05:15:00,"10****84",XAUUSD,108151,2026.09.07 05:00:00,NONE,0.00000,0.00000,0.00,0.00000,0.00000,0.00000,0.00000,0.00000,0.00000,0.00000,0.00000,0.00000,0.00,0.00,0.00,0.00,0.00,0.00,0.00,"","","","","OutsideUTCWindow",TRUE,TRUE,FALSE,FALSE,FALSE,FALSE,FALSE,FALSE,FALSE,FALSE,FALSE,FALSE,FALSE,FALSE,FALSE,FALSE,FALSE,FALSE,FALSE,"Outside UTC session (08:00 - 16:00 UTC, Current: 05:15)","",0,0,0,0.00000,0.00000,0.00000,0.00000,"",0.00,0.00
2026.09.07 05:30:00,2026.09.07 05:30:00,2026.09.07 05:30:00,"10****84",XAUUSD,108151,2026.09.07 05:15:00,NONE,0.00000,0.00000,0.00,0.00000,0.00000,0.00000,0.00000,0.00000,0.00000,0.00000,0.00000,0.00000,0.00,0.00,0.00,0.00,0.00,0.00,0.00,"","","","","OutsideUTCWindow",TRUE,TRUE,FALSE,FALSE,FALSE,FALSE,FALSE,FALSE,FALSE,FALSE,FALSE,FALSE,FALSE,FALSE,FALSE,FALSE,FALSE,FALSE,FALSE,"Outside UTC session (08:00 - 16:00 UTC, Current: 05:30)","",0,0,0,0.00000,0.00000,0.00000,0.00000,"",0.00,0.00
2026.09.07 05:45:00,2026.09.07 05:45:00,2026.09.07 05:45:00,"10****84",XAUUSD,108151,2026.09.07 05:30:00,NONE,0.00000,0.00000,0.00,0.00000,0.00000,0.00000,0.00000,0.00000,0.00000,0.00000,0.00000,0.00000,0.00,0.00,0.00,0.00,0.00,0.00,0.00,"","","","","OutsideUTCWindow",TRUE,TRUE,FALSE,FALSE,FALSE,FALSE,FALSE,FALSE,FALSE,FALSE,FALSE,FALSE,FALSE,FALSE,FALSE,FALSE,FALSE,FALSE,FALSE,"Outside UTC session (08:00 - 16:00 UTC, Current: 05:45)","",0,0,0,0.00000,0.00000,0.00000,0.00000,"",0.00,0.00
2026.09.07 06:00:00,2026.09.07 06:00:00,2026.09.07 06:00:00,"10****84",XAUUSD,108151,2026.09.07 05:45:00,NONE,0.00000,0.00000,0.00,0.00000,0.00000,0.00000,0.00000,0.00000,0.00000,0.00000,0.00000,0.00000,0.00,0.00,0.00,0.00,0.00,0.00,0.00,"","","","","OutsideUTCWindow",TRUE,TRUE,FALSE,FALSE,FALSE,FALSE,FALSE,FALSE,FALSE,FALSE,FALSE,FALSE,FALSE,FALSE,FALSE,FALSE,FALSE,FALSE,FALSE,"Outside UTC session (08:00 - 16:00 UTC, Current: 06:00)","",0,0,0,0.00000,0.00000,0.00000,0.00000,"",0.00,0.00
2026.09.07 06:15:00,2026.09.07 06:15:00,2026.09.07 06:15:00,"10****84",XAUUSD,108151,2026.09.07 06:00:00,NONE,0.00000,0.00000,0.00,0.00000,0.00000,0.00000,0.00000,0.00000,0.00000,0.00000,0.00000,0.00000,0.00,0.00,0.00,0.00,0.00,0.00,0.00,"","","","","OutsideUTCWindow",TRUE,TRUE,FALSE,FALSE,FALSE,FALSE,FALSE,FALSE,FALSE,FALSE,FALSE,FALSE,FALSE,FALSE,FALSE,FALSE,FALSE,FALSE,FALSE,"Outside UTC session (08:00 - 16:00 UTC, Current: 06:15)","",0,0,0,0.00000,0.00000,0.00000,0.00000,"",0.00,0.00
2026.09.07 06:30:00,2026.09.07 06:30:00,2026.09.07 06:30:00,"10****84",XAUUSD,108151,2026.09.07 06:15:00,NONE,0.00000,0.00000,0.00,0.00000,0.00000,0.00000,0.00000,0.00000,0.00000,0.00000,0.00000,0.00000,0.00,0.00,0.00,0.00,0.00,0.00,0.00,"","","","","OutsideUTCWindow",TRUE,TRUE,FALSE,FALSE,FALSE,FALSE,FALSE,FALSE,FALSE,FALSE,FALSE,FALSE,FALSE,FALSE,FALSE,FALSE,FALSE,FALSE,FALSE,"Outside UTC session (08:00 - 16:00 UTC, Current: 06:30)","",0,0,0,0.00000,0.00000,0.00000,0.00000,"",0.00,0.00
2026.09.07 06:45:00,2026.09.07 06:45:00,2026.09.07 06:45:00,"10****84",XAUUSD,108151,2026.09.07 06:30:00,NONE,0.00000,0.00000,0.00,0.00000,0.00000,0.00000,0.00000,0.00000,0.00000,0.00000,0.00000,0.00000,0.00,0.00,0.00,0.00,0.00,0.00,0.00,"","","","","OutsideUTCWindow",TRUE,TRUE,FALSE,FALSE,FALSE,FALSE,FALSE,FALSE,FALSE,FALSE,FALSE,FALSE,FALSE,FALSE,FALSE,FALSE,FALSE,FALSE,FALSE,"Outside UTC session (08:00 - 16:00 UTC, Current: 06:45)","",0,0,0,0.00000,0.00000,0.00000,0.00000,"",0.00,0.00
2026.09.07 07:00:00,2026.09.07 07:00:00,2026.09.07 07:00:00,"10****84",XAUUSD,108151,2026.09.07 06:45:00,NONE,0.00000,0.00000,0.00,0.00000,0.00000,0.00000,0.00000,0.00000,0.00000,0.00000,0.00000,0.00000,0.00,0.00,0.00,0.00,0.00,0.00,0.00,"","","","","OutsideUTCWindow",TRUE,TRUE,FALSE,FALSE,FALSE,FALSE,FALSE,FALSE,FALSE,FALSE,FALSE,FALSE,FALSE,FALSE,FALSE,FALSE,FALSE,FALSE,FALSE,"Outside UTC session (08:00 - 16:00 UTC, Current: 07:00)","",0,0,0,0.00000,0.00000,0.00000,0.00000,"",0.00,0.00
2026.09.07 07:15:00,2026.09.07 07:15:00,2026.09.07 07:15:00,"10****84",XAUUSD,108151,2026.09.07 07:00:00,NONE,0.00000,0.00000,0.00,0.00000,0.00000,0.00000,0.00000,0.00000,0.00000,0.00000,0.00000,0.00000,0.00,0.00,0.00,0.00,0.00,0.00,0.00,"","","","","OutsideUTCWindow",TRUE,TRUE,FALSE,FALSE,FALSE,FALSE,FALSE,FALSE,FALSE,FALSE,FALSE,FALSE,FALSE,FALSE,FALSE,FALSE,FALSE,FALSE,FALSE,"Outside UTC session (08:00 - 16:00 UTC, Current: 07:15)","",0,0,0,0.00000,0.00000,0.00000,0.00000,"",0.00,0.00
2026.09.07 07:30:00,2026.09.07 07:30:00,2026.09.07 07:30:00,"10****84",XAUUSD,108151,2026.09.07 07:15:00,NONE,0.00000,0.00000,0.00,0.00000,0.00000,0.00000,0.00000,0.00000,0.00000,0.00000,0.00000,0.00000,0.00,0.00,0.00,0.00,0.00,0.00,0.00,"","","","","OutsideUTCWindow",TRUE,TRUE,FALSE,FALSE,FALSE,FALSE,FALSE,FALSE,FALSE,FALSE,FALSE,FALSE,FALSE,FALSE,FALSE,FALSE,FALSE,FALSE,FALSE,"Outside UTC session (08:00 - 16:00 UTC, Current: 07:30)","",0,0,0,0.00000,0.00000,0.00000,0.00000,"",0.00,0.00
2026.09.07 07:45:00,2026.09.07 07:45:00,2026.09.07 07:45:00,"10****84",XAUUSD,108151,2026.09.07 07:30:00,NONE,0.00000,0.00000,0.00,0.00000,0.00000,0.00000,0.00000,0.00000,0.00000,0.00000,0.00000,0.00000,0.00,0.00,0.00,0.00,0.00,0.00,0.00,"","","","","OutsideUTCWindow",TRUE,TRUE,FALSE,FALSE,FALSE,FALSE,FALSE,FALSE,FALSE,FALSE,FALSE,FALSE,FALSE,FALSE,FALSE,FALSE,FALSE,FALSE,FALSE,"Outside UTC session (08:00 - 16:00 UTC, Current: 07:45)","",0,0,0,0.00000,0.00000,0.00000,0.00000,"",0.00,0.00
2026.09.07 08:00:00,2026.09.07 08:00:00,2026.09.07 08:00:00,"10****84",XAUUSD,108151,2026.09.07 07:45:00,SELL,4431.51231,4457.01206,37.68,4408.53308,7.21071,9.30857,0.00000,4397.86000,0.00000,0.00000,0.00000,0.00000,0.00,0.00,0.00,0.00,0.00,0.00,0.00,"Loss: $0.00 (Max $50.00) | Losses: 0/Max 2","Loss: 0.00% / Max: 20.00%","DD: 11.74% / Max: 20.00% (HWM: $522.02)","BypassedInTester","ActiveSession",TRUE,TRUE,TRUE,TRUE,TRUE,TRUE,TRUE,TRUE,TRUE,FALSE,FALSE,TRUE,FALSE,FALSE,FALSE,FALSE,FALSE,FALSE,FALSE,"No M15 candle in shifts 2-4 touched above EMA20","",0,0,0,0.00000,0.00000,0.00000,0.00000,"",0.00,0.00
2026.09.07 08:15:00,2026.09.07 08:15:00,2026.09.07 08:15:00,"10****84",XAUUSD,108151,2026.09.07 08:00:00,SELL,4431.51231,4457.01206,37.68,4407.94993,6.94571,9.25893,0.00000,4402.41000,0.00000,0.00000,0.00000,0.00000,0.00,0.00,0.00,0.00,0.00,0.00,0.00,"Loss: $0.00 (Max $50.00) | Losses: 0/Max 2","Loss: 0.00% / Max: 20.00%","DD: 11.74% / Max: 20.00% (HWM: $522.02)","BypassedInTester","ActiveSession",TRUE,TRUE,TRUE,TRUE,TRUE,TRUE,TRUE,TRUE,TRUE,FALSE,FALSE,TRUE,FALSE,FALSE,FALSE,FALSE,FALSE,FALSE,FALSE,"No M15 candle in shifts 2-4 touched above EMA20","",0,0,0,0.00000,0.00000,0.00000,0.00000,"",0.00,0.00
2026.09.07 08:30:00,2026.09.07 08:30:00,2026.09.07 08:30:00,"10****84",XAUUSD,108151,2026.09.07 08:15:00,SELL,4431.51231,4457.01206,37.68,4408.23565,7.07214,9.11000,0.00000,4410.95000,0.00000,0.00000,0.00000,0.00000,0.00,0.00,0.00,0.00,0.00,0.00,0.00,"Loss: $0.00 (Max $50.00) | Losses: 0/Max 2","Loss: 0.00% / Max: 20.00%","DD: 11.74% / Max: 20.00% (HWM: $522.02)","BypassedInTester","ActiveSession",TRUE,TRUE,TRUE,TRUE,TRUE,TRUE,TRUE,TRUE,TRUE,FALSE,FALSE,TRUE,FALSE,FALSE,FALSE,FALSE,FALSE,FALSE,FALSE,"No M15 candle in shifts 2-4 touched above EMA20","",0,0,0,0.00000,0.00000,0.00000,0.00000,"",0.00,0.00
2026.09.07 08:45:00,2026.09.07 08:45:00,2026.09.07 08:45:00,"10****84",XAUUSD,108151,2026.09.07 08:30:00,SELL,4431.51231,4457.01206,37.68,4407.85226,7.35286,8.92000,0.00000,4404.21000,0.00000,0.00000,0.00000,0.00000,0.00,0.00,0.00,0.00,0.00,0.00,0.00,"Loss: $0.00 (Max $50.00) | Losses: 0/Max 2","Loss: 0.00% / Max: 20.00%","DD: 11.74% / Max: 20.00% (HWM: $522.02)","BypassedInTester","ActiveSession",TRUE,TRUE,TRUE,TRUE,TRUE,TRUE,TRUE,TRUE,TRUE,TRUE,FALSE,TRUE,FALSE,FALSE,FALSE,FALSE,FALSE,FALSE,FALSE,"Close[1] (4404.21000) did not close below Low[2] (4401.81000)","",0,0,0,0.00000,0.00000,0.00000,0.00000,"",0.00,0.00
2026.09.07 09:00:00,2026.09.07 09:00:00,2026.09.07 09:00:00,"10****84",XAUUSD,108151,2026.09.07 08:45:00,SELL,4430.03811,4456.38427,38.11,4406.52537,7.89000,8.74679,0.00000,4393.92000,4393.97000,4413.87000,0.00000,19.90000,0.00,0.00,0.00,0.00,0.00,0.00,0.00,"Loss: $0.00 (Max $50.00) | Losses: 0/Max 2","Loss: 0.00% / Max: 20.00%","DD: 11.74% / Max: 20.00% (HWM: $522.02)","BypassedInTester","ActiveSession",TRUE,TRUE,TRUE,TRUE,TRUE,TRUE,TRUE,TRUE,TRUE,TRUE,TRUE,TRUE,FALSE,TRUE,FALSE,FALSE,FALSE,FALSE,FALSE,"Stop distance exceeds 2.5 * ATR (19.90000 > 19.72500)","",0,0,0,0.00000,0.00000,0.00000,0.00000,"",0.00,0.00
2026.09.07 09:15:00,2026.09.07 09:15:00,2026.09.07 09:15:00,"10****84",XAUUSD,108151,2026.09.07 09:00:00,SELL,4430.03811,4456.38427,38.11,4405.14010,7.73643,8.60250,0.00000,4391.98000,4392.04000,4413.86000,0.00000,21.82000,0.00,0.00,0.00,0.00,0.00,0.00,0.00,"Loss: $0.00 (Max $50.00) | Losses: 0/Max 2","Loss: 0.00% / Max: 20.00%","DD: 11.74% / Max: 20.00% (HWM: $522.02)","BypassedInTester","ActiveSession",TRUE,TRUE,TRUE,TRUE,TRUE,TRUE,TRUE,TRUE,TRUE,TRUE,TRUE,TRUE,FALSE,TRUE,FALSE,FALSE,FALSE,FALSE,FALSE,"Stop distance exceeds 2.5 * ATR (21.82000 > 19.34107)","",0,0,0,0.00000,0.00000,0.00000,0.00000,"",0.00,0.00
2026.09.07 09:30:00,2026.09.07 09:30:00,2026.09.07 09:30:00,"10****84",XAUUSD,108151,2026.09.07 09:15:00,SELL,4430.03811,4456.38427,38.11,4404.11342,7.48500,8.52321,0.00000,4394.36000,0.00000,0.00000,0.00000,0.00000,0.00,0.00,0.00,0.00,0.00,0.00,0.00,"Loss: $0.00 (Max $50.00) | Losses: 0/Max 2","Loss: 0.00% / Max: 20.00%","DD: 11.74% / Max: 20.00% (HWM: $522.02)","BypassedInTester","ActiveSession",TRUE,TRUE,TRUE,TRUE,TRUE,TRUE,TRUE,TRUE,TRUE,TRUE,FALSE,TRUE,FALSE,FALSE,FALSE,FALSE,FALSE,FALSE,FALSE,"Close[1] (4394.36000) did not close below Low[2] (4385.07000)","",0,0,0,0.00000,0.00000,0.00000,0.00000,"",0.00,0.00
2026.09.07 09:45:00,2026.09.07 09:45:00,2026.09.07 09:45:00,"10****84",XAUUSD,108151,2026.09.07 09:30:00,SELL,4430.03811,4456.38427,38.11,4403.35786,7.56214,8.31500,0.00000,4396.18000,0.00000,0.00000,0.00000,0.00000,0.00,0.00,0.00,0.00,0.00,0.00,0.00,"Loss: $0.00 (Max $50.00) | Losses: 0/Max 2","Loss: 0.00% / Max: 20.00%","DD: 11.74% / Max: 20.00% (HWM: $522.02)","BypassedInTester","ActiveSession",TRUE,TRUE,TRUE,TRUE,TRUE,TRUE,TRUE,TRUE,TRUE,FALSE,FALSE,TRUE,FALSE,FALSE,FALSE,FALSE,FALSE,FALSE,FALSE,"No M15 candle in shifts 2-4 touched above EMA20","",0,0,0,0.00000,0.00000,0.00000,0.00000,"",0.00,0.00
2026.09.07 10:00:00,2026.09.07 10:00:00,2026.09.07 10:00:00,"10****84",XAUUSD,108151,2026.09.07 09:45:00,SELL,4428.57269,4455.75030,39.97,4402.33997,7.72857,8.05786,0.00000,4392.67000,0.00000,0.00000,0.00000,0.00000,0.00,0.00,0.00,0.00,0.00,0.00,0.00,"Loss: $0.00 (Max $50.00) | Losses: 0/Max 2","Loss: 0.00% / Max: 20.00%","DD: 11.74% / Max: 20.00% (HWM: $522.02)","BypassedInTester","ActiveSession",TRUE,TRUE,TRUE,TRUE,TRUE,TRUE,TRUE,TRUE,TRUE,FALSE,FALSE,TRUE,FALSE,FALSE,FALSE,FALSE,FALSE,FALSE,FALSE,"No M15 candle in shifts 2-4 touched above EMA20","",0,0,0,0.00000,0.00000,0.00000,0.00000,"",0.00,0.00
2026.09.07 10:15:00,2026.09.07 10:15:00,2026.09.07 10:15:00,"10****84",XAUUSD,108151,2026.09.07 10:00:00,SELL,4428.57269,4455.75030,39.97,4402.25426,7.92286,7.97893,0.00000,4401.44000,0.00000,0.00000,0.00000,0.00000,0.00,0.00,0.00,0.00,0.00,0.00,0.00,"Loss: $0.00 (Max $50.00) | Losses: 0/Max 2","Loss: 0.00% / Max: 20.00%","DD: 11.74% / Max: 20.00% (HWM: $522.02)","BypassedInTester","ActiveSession",TRUE,TRUE,TRUE,TRUE,TRUE,TRUE,TRUE,TRUE,TRUE,FALSE,FALSE,TRUE,FALSE,FALSE,FALSE,FALSE,FALSE,FALSE,FALSE,"No M15 candle in shifts 2-4 touched above EMA20","",0,0,0,0.00000,0.00000,0.00000,0.00000,"",0.00,0.00
2026.09.07 10:30:00,2026.09.07 10:30:00,2026.09.07 10:30:00,"10****84",XAUUSD,108151,2026.09.07 10:15:00,SELL,4428.57269,4455.75030,39.97,4401.57004,8.20643,7.95607,0.00000,4395.07000,0.00000,0.00000,0.00000,0.00000,0.00,0.00,0.00,0.00,0.00,0.00,0.00,"Loss: $0.00 (Max $50.00) | Losses: 0/Max 2","Loss: 0.00% / Max: 20.00%","DD: 11.74% / Max: 20.00% (HWM: $522.02)","BypassedInTester","ActiveSession",TRUE,TRUE,TRUE,TRUE,TRUE,TRUE,TRUE,TRUE,TRUE,FALSE,FALSE,TRUE,FALSE,FALSE,FALSE,FALSE,FALSE,FALSE,FALSE,"No M15 candle in shifts 2-4 touched above EMA20","",0,0,0,0.00000,0.00000,0.00000,0.00000,"",0.00,0.00
2026.09.07 10:45:00,2026.09.07 10:45:00,2026.09.07 10:45:00,"10****84",XAUUSD,108151,2026.09.07 10:30:00,SELL,4428.57269,4455.75030,39.97,4401.02909,8.26929,7.95607,0.00000,4395.89000,0.00000,0.00000,0.00000,0.00000,0.00,0.00,0.00,0.00,0.00,0.00,0.00,"Loss: $0.00 (Max $50.00) | Losses: 0/Max 2","Loss: 0.00% / Max: 20.00%","DD: 11.74% / Max: 20.00% (HWM: $522.02)","BypassedInTester","ActiveSession",TRUE,TRUE,TRUE,TRUE,TRUE,TRUE,TRUE,TRUE,TRUE,TRUE,FALSE,TRUE,FALSE,FALSE,FALSE,FALSE,FALSE,FALSE,FALSE,"Close[1] (4395.89000) did not close below Low[2] (4394.50000)","",0,0,0,0.00000,0.00000,0.00000,0.00000,"",0.00,0.00
2026.09.07 11:00:00,2026.09.07 11:00:00,2026.09.07 11:00:00,"10****84",XAUUSD,108151,2026.09.07 10:45:00,SELL,4427.69807,4455.25796,38.45,4401.52822,8.63571,7.95607,0.00000,4406.27000,0.00000,0.00000,0.00000,0.00000,0.00,0.00,0.00,0.00,0.00,0.00,0.00,"Loss: $0.00 (Max $50.00) | Losses: 0/Max 2","Loss: 0.00% / Max: 20.00%","DD: 11.74% / Max: 20.00% (HWM: $522.02)","BypassedInTester","ActiveSession",TRUE,TRUE,TRUE,TRUE,TRUE,TRUE,TRUE,TRUE,TRUE,TRUE,FALSE,TRUE,FALSE,FALSE,FALSE,FALSE,FALSE,FALSE,FALSE,"Close[1] (4406.27000) did not close below Low[2] (4392.24000)","",0,0,0,0.00000,0.00000,0.00000,0.00000,"",0.00,0.00
2026.09.07 11:15:00,2026.09.07 11:15:00,2026.09.07 11:15:00,"10****84",XAUUSD,108151,2026.09.07 11:00:00,SELL,4427.69807,4455.25796,38.45,4403.00649,8.94000,7.95607,0.00000,4417.05000,0.00000,0.00000,0.00000,0.00000,0.00,0.00,0.00,0.00,0.00,0.00,0.00,"Loss: $0.00 (Max $50.00) | Losses: 0/Max 2","Loss: 0.00% / Max: 20.00%","DD: 11.74% / Max: 20.00% (HWM: $522.02)","BypassedInTester","ActiveSession",TRUE,TRUE,TRUE,TRUE,TRUE,TRUE,TRUE,TRUE,TRUE,TRUE,FALSE,TRUE,FALSE,FALSE,FALSE,FALSE,FALSE,FALSE,FALSE,"Close[1] (4417.05000) did not close below Low[2] (4394.90000)","",0,0,0,0.00000,0.00000,0.00000,0.00000,"",0.00,0.00
2026.09.07 11:30:00,2026.09.07 11:30:00,2026.09.07 11:30:00,"10****84",XAUUSD,108151,2026.09.07 11:15:00,SELL,4427.69807,4455.25796,38.45,4404.60111,9.21000,7.95607,0.00000,4419.75000,0.00000,0.00000,0.00000,0.00000,0.00,0.00,0.00,0.00,0.00,0.00,0.00,"Loss: $0.00 (Max $50.00) | Losses: 0/Max 2","Loss: 0.00% / Max: 20.00%","DD: 11.74% / Max: 20.00% (HWM: $522.02)","BypassedInTester","ActiveSession",TRUE,TRUE,TRUE,TRUE,TRUE,TRUE,TRUE,TRUE,TRUE,TRUE,FALSE,TRUE,FALSE,FALSE,FALSE,FALSE,FALSE,FALSE,FALSE,"Close[1] (4419.75000) did not close below Low[2] (4405.12000)","",0,0,0,0.00000,0.00000,0.00000,0.00000,"",0.00,0.00
2026.09.07 11:45:00,2026.09.07 11:45:00,2026.09.07 11:45:00,"10****84",XAUUSD,108151,2026.09.07 11:30:00,SELL,4427.69807,4455.25796,38.45,4405.55624,9.48214,7.95607,0.00000,4414.63000,0.00000,0.00000,0.00000,0.00000,0.00,0.00,0.00,0.00,0.00,0.00,0.00,"Loss: $0.00 (Max $50.00) | Losses: 0/Max 2","Loss: 0.00% / Max: 20.00%","DD: 11.74% / Max: 20.00% (HWM: $522.02)","BypassedInTester","ActiveSession",TRUE,TRUE,TRUE,TRUE,TRUE,TRUE,TRUE,TRUE,TRUE,TRUE,FALSE,TRUE,FALSE,FALSE,FALSE,FALSE,FALSE,FALSE,FALSE,"Close[1] (4414.63000) did not close below EMA20[1] (4405.55624)","",0,0,0,0.00000,0.00000,0.00000,0.00000,"",0.00,0.00
2026.09.07 12:00:00,2026.09.07 12:00:00,2026.09.07 12:00:00,"10****84",XAUUSD,108151,2026.09.07 11:45:00,SELL,4427.03893,4454.81649,34.08,4406.06422,9.18143,7.95607,0.00000,4410.89000,0.00000,0.00000,0.00000,0.00000,0.00,0.00,0.00,0.00,0.00,0.00,0.00,"Loss: $0.00 (Max $50.00) | Losses: 0/Max 2","Loss: 0.00% / Max: 20.00%","DD: 11.74% / Max: 20.00% (HWM: $522.02)","BypassedInTester","ActiveSession",TRUE,TRUE,TRUE,TRUE,TRUE,TRUE,TRUE,TRUE,TRUE,TRUE,FALSE,TRUE,FALSE,FALSE,FALSE,FALSE,FALSE,FALSE,FALSE,"Close[1] (4410.89000) did not close below EMA20[1] (4406.06422)","",0,0,0,0.00000,0.00000,0.00000,0.00000,"",0.00,0.00
2026.09.07 12:15:00,2026.09.07 12:15:00,2026.09.07 12:15:00,"10****84",XAUUSD,108151,2026.09.07 12:00:00,SELL,4427.03893,4454.81649,34.08,4406.54000,8.55714,7.95607,0.00000,4411.06000,0.00000,0.00000,0.00000,0.00000,0.00,0.00,0.00,0.00,0.00,0.00,0.00,"Loss: $0.00 (Max $50.00) | Losses: 0/Max 2","Loss: 0.00% / Max: 20.00%","DD: 11.74% / Max: 20.00% (HWM: $522.02)","BypassedInTester","ActiveSession",TRUE,TRUE,TRUE,TRUE,TRUE,TRUE,TRUE,TRUE,TRUE,TRUE,FALSE,TRUE,FALSE,FALSE,FALSE,FALSE,FALSE,FALSE,FALSE,"Close[1] (4411.06000) did not close below Low[2] (4409.58000)","",0,0,0,0.00000,0.00000,0.00000,0.00000,"",0.00,0.00
2026.09.07 12:30:00,2026.09.07 12:30:00,2026.09.07 12:30:00,"10****84",XAUUSD,108151,2026.09.07 12:15:00,SELL,4427.03893,4454.81649,34.08,4406.44000,8.05714,7.95607,0.08000,4405.49000,4405.64000,4424.62000,4329.72000,18.98000,0.25,50.00,0.03,0.02,0.01,0.01,88.11,"Loss: $0.00 (Max $50.00) | Losses: 0/Max 2","Loss: 0.00% / Max: 20.00%","DD: 11.74% / Max: 20.00% (HWM: $522.02)","BypassedInTester","ActiveSession",TRUE,TRUE,TRUE,TRUE,TRUE,TRUE,TRUE,TRUE,TRUE,TRUE,TRUE,TRUE,TRUE,TRUE,TRUE,TRUE,TRUE,TRUE,TRUE,"","Executed successfully. Deal: 4, Price: 4405.64000, Vol: 0.02",10009,4,4,4405.64000,0.08000,0.00000,0.00000,"",0.00,0.00
2026.09.07 12:45:00,2026.09.07 12:45:00,2026.09.07 12:45:00,"10****84",XAUUSD,108151,2026.09.07 12:30:00,NONE,0.00000,0.00000,0.00,0.00000,0.00000,0.00000,0.00000,0.00000,0.00000,0.00000,0.00000,0.00000,0.00,0.00,0.00,0.00,0.00,0.00,0.00,"","","","","ActiveSession",TRUE,TRUE,TRUE,FALSE,FALSE,FALSE,FALSE,FALSE,FALSE,FALSE,FALSE,FALSE,FALSE,FALSE,FALSE,FALSE,FALSE,FALSE,FALSE,"EA already has an active open position","",0,0,0,0.00000,0.00000,0.00000,0.00000,"",0.00,0.00
2026.09.07 13:00:00,2026.09.07 13:00:00,2026.09.07 13:00:00,"10****84",XAUUSD,108151,2026.09.07 12:45:00,NONE,0.00000,0.00000,0.00,0.00000,0.00000,0.00000,0.00000,0.00000,0.00000,0.00000,0.00000,0.00000,0.00,0.00,0.00,0.00,0.00,0.00,0.00,"","","","","ActiveSession",TRUE,TRUE,TRUE,FALSE,FALSE,FALSE,FALSE,FALSE,FALSE,FALSE,FALSE,FALSE,FALSE,FALSE,FALSE,FALSE,FALSE,FALSE,FALSE,"EA already has an active open position","",0,0,0,0.00000,0.00000,0.00000,0.00000,"",0.00,0.00
2026.09.07 13:15:00,2026.09.07 13:15:00,2026.09.07 13:15:00,"10****84",XAUUSD,108151,2026.09.07 13:00:00,NONE,0.00000,0.00000,0.00,0.00000,0.00000,0.00000,0.00000,0.00000,0.00000,0.00000,0.00000,0.00000,0.00,0.00,0.00,0.00,0.00,0.00,0.00,"","","","","ActiveSession",TRUE,TRUE,TRUE,FALSE,FALSE,FALSE,FALSE,FALSE,FALSE,FALSE,FALSE,FALSE,FALSE,FALSE,FALSE,FALSE,FALSE,FALSE,FALSE,"EA already has an active open position","",0,0,0,0.00000,0.00000,0.00000,0.00000,"",0.00,0.00
2026.09.07 13:30:00,2026.09.07 13:30:00,2026.09.07 13:30:00,"10****84",XAUUSD,108151,2026.09.07 13:15:00,NONE,0.00000,0.00000,0.00,0.00000,0.00000,0.00000,0.00000,0.00000,0.00000,0.00000,0.00000,0.00000,0.00,0.00,0.00,0.00,0.00,0.00,0.00,"","","","","ActiveSession",TRUE,TRUE,TRUE,FALSE,FALSE,FALSE,FALSE,FALSE,FALSE,FALSE,FALSE,FALSE,FALSE,FALSE,FALSE,FALSE,FALSE,FALSE,FALSE,"EA already has an active open position","",0,0,0,0.00000,0.00000,0.00000,0.00000,"",0.00,0.00
2026.09.07 13:45:00,2026.09.07 13:45:00,2026.09.07 13:45:00,"10****84",XAUUSD,108151,2026.09.07 13:30:00,NONE,0.00000,0.00000,0.00,0.00000,0.00000,0.00000,0.00000,0.00000,0.00000,0.00000,0.00000,0.00000,0.00,0.00,0.00,0.00,0.00,0.00,0.00,"","","","","ActiveSession",TRUE,TRUE,TRUE,FALSE,FALSE,FALSE,FALSE,FALSE,FALSE,FALSE,FALSE,FALSE,FALSE,FALSE,FALSE,FALSE,FALSE,FALSE,FALSE,"EA already has an active open position","",0,0,0,0.00000,0.00000,0.00000,0.00000,"",0.00,0.00
2026.09.07 14:00:00,2026.09.07 14:00:00,2026.09.07 14:00:00,"10****84",XAUUSD,108151,2026.09.07 13:45:00,NONE,0.00000,0.00000,0.00,0.00000,0.00000,0.00000,0.00000,0.00000,0.00000,0.00000,0.00000,0.00000,0.00,0.00,0.00,0.00,0.00,0.00,0.00,"","","","","ActiveSession",TRUE,TRUE,TRUE,FALSE,FALSE,FALSE,FALSE,FALSE,FALSE,FALSE,FALSE,FALSE,FALSE,FALSE,FALSE,FALSE,FALSE,FALSE,FALSE,"EA already has an active open position","",0,0,0,0.00000,0.00000,0.00000,0.00000,"",0.00,0.00
2026.09.07 14:15:00,2026.09.07 14:15:00,2026.09.07 14:15:00,"10****84",XAUUSD,108151,2026.09.07 14:00:00,NONE,0.00000,0.00000,0.00,0.00000,0.00000,0.00000,0.00000,0.00000,0.00000,0.00000,0.00000,0.00000,0.00,0.00,0.00,0.00,0.00,0.00,0.00,"","","","","ActiveSession",TRUE,TRUE,TRUE,FALSE,FALSE,FALSE,FALSE,FALSE,FALSE,FALSE,FALSE,FALSE,FALSE,FALSE,FALSE,FALSE,FALSE,FALSE,FALSE,"EA already has an active open position","",0,0,0,0.00000,0.00000,0.00000,0.00000,"",0.00,0.00
2026.09.07 14:30:00,2026.09.07 14:30:00,2026.09.07 14:30:00,"10****84",XAUUSD,108151,2026.09.07 14:15:00,NONE,0.00000,0.00000,0.00,0.00000,0.00000,0.00000,0.00000,0.00000,0.00000,0.00000,0.00000,0.00000,0.00,0.00,0.00,0.00,0.00,0.00,0.00,"","","","","ActiveSession",TRUE,TRUE,TRUE,FALSE,FALSE,FALSE,FALSE,FALSE,FALSE,FALSE,FALSE,FALSE,FALSE,FALSE,FALSE,FALSE,FALSE,FALSE,FALSE,"EA already has an active open position","",0,0,0,0.00000,0.00000,0.00000,0.00000,"",0.00,0.00
2026.09.07 14:45:00,2026.09.07 14:45:00,2026.09.07 14:45:00,"10****84",XAUUSD,108151,2026.09.07 14:30:00,NONE,0.00000,0.00000,0.00,0.00000,0.00000,0.00000,0.00000,0.00000,0.00000,0.00000,0.00000,0.00000,0.00,0.00,0.00,0.00,0.00,0.00,0.00,"","","","","ActiveSession",TRUE,TRUE,TRUE,FALSE,FALSE,FALSE,FALSE,FALSE,FALSE,FALSE,FALSE,FALSE,FALSE,FALSE,FALSE,FALSE,FALSE,FALSE,FALSE,"EA already has an active open position","",0,0,0,0.00000,0.00000,0.00000,0.00000,"",0.00,0.00
2026.09.07 15:00:00,2026.09.07 15:00:00,2026.09.07 15:00:00,"10****84",XAUUSD,108151,2026.09.07 14:45:00,NONE,0.00000,0.00000,0.00,0.00000,0.00000,0.00000,0.00000,0.00000,0.00000,0.00000,0.00000,0.00000,0.00,0.00,0.00,0.00,0.00,0.00,0.00,"","","","","ActiveSession",TRUE,TRUE,TRUE,TRUE,FALSE,FALSE,FALSE,FALSE,FALSE,FALSE,FALSE,FALSE,FALSE,FALSE,FALSE,FALSE,FALSE,FALSE,FALSE,"Cooldown active: last trade closed at 2026.09.07 14:48, need 1 completed bar","",0,0,0,0.00000,0.00000,0.00000,0.00000,"",0.00,0.00
2026.09.07 15:15:00,2026.09.07 15:15:00,2026.09.07 15:15:00,"10****84",XAUUSD,108151,2026.09.07 15:00:00,NONE,0.00000,0.00000,0.00,0.00000,0.00000,0.00000,0.00000,0.00000,0.00000,0.00000,0.00000,0.00000,0.00,0.00,0.00,0.00,0.00,0.00,0.00,"","","","","ActiveSession",TRUE,TRUE,TRUE,TRUE,FALSE,FALSE,FALSE,FALSE,FALSE,FALSE,FALSE,FALSE,FALSE,FALSE,FALSE,FALSE,FALSE,FALSE,FALSE,"Cooldown active: last trade closed at 2026.09.07 14:48, need 1 completed bar","",0,0,0,0.00000,0.00000,0.00000,0.00000,"",0.00,0.00
2026.09.07 15:30:00,2026.09.07 15:30:00,2026.09.07 15:30:00,"10****84",XAUUSD,108151,2026.09.07 15:15:00,SELL,4423.28252,4453.01991,29.48,4397.47651,6.72429,7.90643,0.00000,4395.29000,0.00000,0.00000,0.00000,0.00000,0.00,0.00,0.00,0.00,0.00,0.00,0.00,"Loss: $0.00 (Max $50.00) | Losses: 0/Max 2","Loss: 0.00% / Max: 20.00%","DD: 6.50% / Max: 20.00% (HWM: $522.02)","BypassedInTester","ActiveSession",TRUE,TRUE,TRUE,TRUE,TRUE,TRUE,TRUE,TRUE,TRUE,FALSE,FALSE,TRUE,FALSE,FALSE,FALSE,FALSE,FALSE,FALSE,FALSE,"No M15 candle in shifts 2-4 touched above EMA20","",0,0,0,0.00000,0.00000,0.00000,0.00000,"",0.00,0.00
2026.09.07 15:45:00,2026.09.07 15:45:00,2026.09.07 15:45:00,"10****84",XAUUSD,108151,2026.09.07 15:30:00,SELL,4423.28252,4453.01991,29.48,4397.42731,6.86500,7.90643,0.00000,4396.96000,0.00000,0.00000,0.00000,0.00000,0.00,0.00,0.00,0.00,0.00,0.00,0.00,"Loss: $0.00 (Max $50.00) | Losses: 0/Max 2","Loss: 0.00% / Max: 20.00%","DD: 6.50% / Max: 20.00% (HWM: $522.02)","BypassedInTester","ActiveSession",TRUE,TRUE,TRUE,TRUE,TRUE,TRUE,TRUE,TRUE,TRUE,FALSE,FALSE,TRUE,FALSE,FALSE,FALSE,FALSE,FALSE,FALSE,FALSE,"No M15 candle in shifts 2-4 touched above EMA20","",0,0,0,0.00000,0.00000,0.00000,0.00000,"",0.00,0.00
2026.09.07 16:00:00,2026.09.07 16:00:00,2026.09.07 16:00:00,"10****84",XAUUSD,108151,2026.09.07 15:45:00,NONE,0.00000,0.00000,0.00,0.00000,0.00000,0.00000,0.00000,0.00000,0.00000,0.00000,0.00000,0.00000,0.00,0.00,0.00,0.00,0.00,0.00,0.00,"","","","","OutsideUTCWindow",TRUE,TRUE,FALSE,FALSE,FALSE,FALSE,FALSE,FALSE,FALSE,FALSE,FALSE,FALSE,FALSE,FALSE,FALSE,FALSE,FALSE,FALSE,FALSE,"Outside UTC session (08:00 - 16:00 UTC, Current: 16:00)","",0,0,0,0.00000,0.00000,0.00000,0.00000,"",0.00,0.00
2026.09.07 16:15:00,2026.09.07 16:15:00,2026.09.07 16:15:00,"10****84",XAUUSD,108151,2026.09.07 16:00:00,NONE,0.00000,0.00000,0.00,0.00000,0.00000,0.00000,0.00000,0.00000,0.00000,0.00000,0.00000,0.00000,0.00,0.00,0.00,0.00,0.00,0.00,0.00,"","","","","OutsideUTCWindow",TRUE,TRUE,FALSE,FALSE,FALSE,FALSE,FALSE,FALSE,FALSE,FALSE,FALSE,FALSE,FALSE,FALSE,FALSE,FALSE,FALSE,FALSE,FALSE,"Outside UTC session (08:00 - 16:00 UTC, Current: 16:15)","",0,0,0,0.00000,0.00000,0.00000,0.00000,"",0.00,0.00
2026.09.07 16:30:00,2026.09.07 16:30:00,2026.09.07 16:30:00,"10****84",XAUUSD,108151,2026.09.07 16:15:00,NONE,0.00000,0.00000,0.00,0.00000,0.00000,0.00000,0.00000,0.00000,0.00000,0.00000,0.00000,0.00000,0.00,0.00,0.00,0.00,0.00,0.00,0.00,"","","","","OutsideUTCWindow",TRUE,TRUE,FALSE,FALSE,FALSE,FALSE,FALSE,FALSE,FALSE,FALSE,FALSE,FALSE,FALSE,FALSE,FALSE,FALSE,FALSE,FALSE,FALSE,"Outside UTC session (08:00 - 16:00 UTC, Current: 16:30)","",0,0,0,0.00000,0.00000,0.00000,0.00000,"",0.00,0.00
2026.09.07 16:45:00,2026.09.07 16:45:00,2026.09.07 16:45:00,"10****84",XAUUSD,108151,2026.09.07 16:30:00,NONE,0.00000,0.00000,0.00,0.00000,0.00000,0.00000,0.00000,0.00000,0.00000,0.00000,0.00000,0.00000,0.00,0.00,0.00,0.00,0.00,0.00,0.00,"","","","","OutsideUTCWindow",TRUE,TRUE,FALSE,FALSE,FALSE,FALSE,FALSE,FALSE,FALSE,FALSE,FALSE,FALSE,FALSE,FALSE,FALSE,FALSE,FALSE,FALSE,FALSE,"Outside UTC session (08:00 - 16:00 UTC, Current: 16:45)","",0,0,0,0.00000,0.00000,0.00000,0.00000,"",0.00,0.00
2026.09.07 17:00:00,2026.09.07 17:00:00,2026.09.07 17:00:00,"10****84",XAUUSD,108151,2026.09.07 16:45:00,NONE,0.00000,0.00000,0.00,0.00000,0.00000,0.00000,0.00000,0.00000,0.00000,0.00000,0.00000,0.00000,0.00,0.00,0.00,0.00,0.00,0.00,0.00,"","","","","OutsideUTCWindow",TRUE,TRUE,FALSE,FALSE,FALSE,FALSE,FALSE,FALSE,FALSE,FALSE,FALSE,FALSE,FALSE,FALSE,FALSE,FALSE,FALSE,FALSE,FALSE,"Outside UTC session (08:00 - 16:00 UTC, Current: 17:00)","",0,0,0,0.00000,0.00000,0.00000,0.00000,"",0.00,0.00
2026.09.07 17:15:00,2026.09.07 17:15:00,2026.09.07 17:15:00,"10****84",XAUUSD,108151,2026.09.07 17:00:00,NONE,0.00000,0.00000,0.00,0.00000,0.00000,0.00000,0.00000,0.00000,0.00000,0.00000,0.00000,0.00000,0.00,0.00,0.00,0.00,0.00,0.00,0.00,"","","","","OutsideUTCWindow",TRUE,TRUE,FALSE,FALSE,FALSE,FALSE,FALSE,FALSE,FALSE,FALSE,FALSE,FALSE,FALSE,FALSE,FALSE,FALSE,FALSE,FALSE,FALSE,"Outside UTC session (08:00 - 16:00 UTC, Current: 17:15)","",0,0,0,0.00000,0.00000,0.00000,0.00000,"",0.00,0.00
2026.09.07 17:30:00,2026.09.07 17:30:00,2026.09.07 17:30:00,"10****84",XAUUSD,108151,2026.09.07 17:15:00,NONE,0.00000,0.00000,0.00,0.00000,0.00000,0.00000,0.00000,0.00000,0.00000,0.00000,0.00000,0.00000,0.00,0.00,0.00,0.00,0.00,0.00,0.00,"","","","","OutsideUTCWindow",TRUE,TRUE,FALSE,FALSE,FALSE,FALSE,FALSE,FALSE,FALSE,FALSE,FALSE,FALSE,FALSE,FALSE,FALSE,FALSE,FALSE,FALSE,FALSE,"Outside UTC session (08:00 - 16:00 UTC, Current: 17:30)","",0,0,0,0.00000,0.00000,0.00000,0.00000,"",0.00,0.00
2026.09.07 17:45:00,2026.09.07 17:45:00,2026.09.07 17:45:00,"10****84",XAUUSD,108151,2026.09.07 17:30:00,NONE,0.00000,0.00000,0.00,0.00000,0.00000,0.00000,0.00000,0.00000,0.00000,0.00000,0.00000,0.00000,0.00,0.00,0.00,0.00,0.00,0.00,0.00,"","","","","OutsideUTCWindow",TRUE,TRUE,FALSE,FALSE,FALSE,FALSE,FALSE,FALSE,FALSE,FALSE,FALSE,FALSE,FALSE,FALSE,FALSE,FALSE,FALSE,FALSE,FALSE,"Outside UTC session (08:00 - 16:00 UTC, Current: 17:45)","",0,0,0,0.00000,0.00000,0.00000,0.00000,"",0.00,0.00
2026.09.07 18:00:00,2026.09.07 18:00:00,2026.09.07 18:00:00,"10****84",XAUUSD,108151,2026.09.07 17:45:00,NONE,0.00000,0.00000,0.00,0.00000,0.00000,0.00000,0.00000,0.00000,0.00000,0.00000,0.00000,0.00000,0.00,0.00,0.00,0.00,0.00,0.00,0.00,"","","","","OutsideUTCWindow",TRUE,TRUE,FALSE,FALSE,FALSE,FALSE,FALSE,FALSE,FALSE,FALSE,FALSE,FALSE,FALSE,FALSE,FALSE,FALSE,FALSE,FALSE,FALSE,"Outside UTC session (08:00 - 16:00 UTC, Current: 18:00)","",0,0,0,0.00000,0.00000,0.00000,0.00000,"",0.00,0.00
2026.09.07 18:15:00,2026.09.07 18:15:00,2026.09.07 18:15:00,"10****84",XAUUSD,108151,2026.09.07 18:00:00,NONE,0.00000,0.00000,0.00,0.00000,0.00000,0.00000,0.00000,0.00000,0.00000,0.00000,0.00000,0.00000,0.00,0.00,0.00,0.00,0.00,0.00,0.00,"","","","","OutsideUTCWindow",TRUE,TRUE,FALSE,FALSE,FALSE,FALSE,FALSE,FALSE,FALSE,FALSE,FALSE,FALSE,FALSE,FALSE,FALSE,FALSE,FALSE,FALSE,FALSE,"Outside UTC session (08:00 - 16:00 UTC, Current: 18:15)","",0,0,0,0.00000,0.00000,0.00000,0.00000,"",0.00,0.00
2026.09.07 18:30:00,2026.09.07 18:30:00,2026.09.07 18:30:00,"10****84",XAUUSD,108151,2026.09.07 18:15:00,NONE,0.00000,0.00000,0.00,0.00000,0.00000,0.00000,0.00000,0.00000,0.00000,0.00000,0.00000,0.00000,0.00,0.00,0.00,0.00,0.00,0.00,0.00,"","","","","OutsideUTCWindow",TRUE,TRUE,FALSE,FALSE,FALSE,FALSE,FALSE,FALSE,FALSE,FALSE,FALSE,FALSE,FALSE,FALSE,FALSE,FALSE,FALSE,FALSE,FALSE,"Outside UTC session (08:00 - 16:00 UTC, Current: 18:30)","",0,0,0,0.00000,0.00000,0.00000,0.00000,"",0.00,0.00
2026.09.07 18:45:00,2026.09.07 18:45:00,2026.09.07 18:45:00,"10****84",XAUUSD,108151,2026.09.07 18:30:00,NONE,0.00000,0.00000,0.00,0.00000,0.00000,0.00000,0.00000,0.00000,0.00000,0.00000,0.00000,0.00000,0.00,0.00,0.00,0.00,0.00,0.00,0.00,"","","","","OutsideUTCWindow",TRUE,TRUE,FALSE,FALSE,FALSE,FALSE,FALSE,FALSE,FALSE,FALSE,FALSE,FALSE,FALSE,FALSE,FALSE,FALSE,FALSE,FALSE,FALSE,"Outside UTC session (08:00 - 16:00 UTC, Current: 18:45)","",0,0,0,0.00000,0.00000,0.00000,0.00000,"",0.00,0.00
2026.09.07 19:00:00,2026.09.07 19:00:00,2026.09.07 19:00:00,"10****84",XAUUSD,108151,2026.09.07 18:45:00,NONE,0.00000,0.00000,0.00,0.00000,0.00000,0.00000,0.00000,0.00000,0.00000,0.00000,0.00000,0.00000,0.00,0.00,0.00,0.00,0.00,0.00,0.00,"","","","","OutsideUTCWindow",TRUE,TRUE,FALSE,FALSE,FALSE,FALSE,FALSE,FALSE,FALSE,FALSE,FALSE,FALSE,FALSE,FALSE,FALSE,FALSE,FALSE,FALSE,FALSE,"Outside UTC session (08:00 - 16:00 UTC, Current: 19:00)","",0,0,0,0.00000,0.00000,0.00000,0.00000,"",0.00,0.00
2026.09.07 19:15:00,2026.09.07 19:15:00,2026.09.07 19:15:00,"10****84",XAUUSD,108151,2026.09.07 19:00:00,NONE,0.00000,0.00000,0.00,0.00000,0.00000,0.00000,0.00000,0.00000,0.00000,0.00000,0.00000,0.00000,0.00,0.00,0.00,0.00,0.00,0.00,0.00,"","","","","OutsideUTCWindow",TRUE,TRUE,FALSE,FALSE,FALSE,FALSE,FALSE,FALSE,FALSE,FALSE,FALSE,FALSE,FALSE,FALSE,FALSE,FALSE,FALSE,FALSE,FALSE,"Outside UTC session (08:00 - 16:00 UTC, Current: 19:15)","",0,0,0,0.00000,0.00000,0.00000,0.00000,"",0.00,0.00
2026.09.07 19:30:00,2026.09.07 19:30:00,2026.09.07 19:30:00,"10****84",XAUUSD,108151,2026.09.07 19:15:00,NONE,0.00000,0.00000,0.00,0.00000,0.00000,0.00000,0.00000,0.00000,0.00000,0.00000,0.00000,0.00000,0.00,0.00,0.00,0.00,0.00,0.00,0.00,"","","","","OutsideUTCWindow",TRUE,TRUE,FALSE,FALSE,FALSE,FALSE,FALSE,FALSE,FALSE,FALSE,FALSE,FALSE,FALSE,FALSE,FALSE,FALSE,FALSE,FALSE,FALSE,"Outside UTC session (08:00 - 16:00 UTC, Current: 19:30)","",0,0,0,0.00000,0.00000,0.00000,0.00000,"",0.00,0.00
2026.09.07 19:45:00,2026.09.07 19:45:00,2026.09.07 19:45:00,"10****84",XAUUSD,108151,2026.09.07 19:30:00,NONE,0.00000,0.00000,0.00,0.00000,0.00000,0.00000,0.00000,0.00000,0.00000,0.00000,0.00000,0.00000,0.00,0.00,0.00,0.00,0.00,0.00,0.00,"","","","","OutsideUTCWindow",TRUE,TRUE,FALSE,FALSE,FALSE,FALSE,FALSE,FALSE,FALSE,FALSE,FALSE,FALSE,FALSE,FALSE,FALSE,FALSE,FALSE,FALSE,FALSE,"Outside UTC session (08:00 - 16:00 UTC, Current: 19:45)","",0,0,0,0.00000,0.00000,0.00000,0.00000,"",0.00,0.00
2026.09.07 20:00:00,2026.09.07 20:00:00,2026.09.07 20:00:00,"10****84",XAUUSD,108151,2026.09.07 19:45:00,NONE,0.00000,0.00000,0.00,0.00000,0.00000,0.00000,0.00000,0.00000,0.00000,0.00000,0.00000,0.00000,0.00,0.00,0.00,0.00,0.00,0.00,0.00,"","","","","OutsideUTCWindow",TRUE,TRUE,FALSE,FALSE,FALSE,FALSE,FALSE,FALSE,FALSE,FALSE,FALSE,FALSE,FALSE,FALSE,FALSE,FALSE,FALSE,FALSE,FALSE,"Outside UTC session (08:00 - 16:00 UTC, Current: 20:00)","",0,0,0,0.00000,0.00000,0.00000,0.00000,"",0.00,0.00
2026.09.07 20:15:00,2026.09.07 20:15:00,2026.09.07 20:15:00,"10****84",XAUUSD,108151,2026.09.07 20:00:00,NONE,0.00000,0.00000,0.00,0.00000,0.00000,0.00000,0.00000,0.00000,0.00000,0.00000,0.00000,0.00000,0.00,0.00,0.00,0.00,0.00,0.00,0.00,"","","","","OutsideUTCWindow",TRUE,TRUE,FALSE,FALSE,FALSE,FALSE,FALSE,FALSE,FALSE,FALSE,FALSE,FALSE,FALSE,FALSE,FALSE,FALSE,FALSE,FALSE,FALSE,"Outside UTC session (08:00 - 16:00 UTC, Current: 20:15)","",0,0,0,0.00000,0.00000,0.00000,0.00000,"",0.00,0.00
2026.09.07 20:30:00,2026.09.07 20:30:00,2026.09.07 20:30:00,"10****84",XAUUSD,108151,2026.09.07 20:15:00,NONE,0.00000,0.00000,0.00,0.00000,0.00000,0.00000,0.00000,0.00000,0.00000,0.00000,0.00000,0.00000,0.00,0.00,0.00,0.00,0.00,0.00,0.00,"","","","","OutsideUTCWindow",TRUE,TRUE,FALSE,FALSE,FALSE,FALSE,FALSE,FALSE,FALSE,FALSE,FALSE,FALSE,FALSE,FALSE,FALSE,FALSE,FALSE,FALSE,FALSE,"Outside UTC session (08:00 - 16:00 UTC, Current: 20:30)","",0,0,0,0.00000,0.00000,0.00000,0.00000,"",0.00,0.00
2026.09.07 20:45:00,2026.09.07 20:45:00,2026.09.07 20:45:00,"10****84",XAUUSD,108151,2026.09.07 20:30:00,NONE,0.00000,0.00000,0.00,0.00000,0.00000,0.00000,0.00000,0.00000,0.00000,0.00000,0.00000,0.00000,0.00,0.00,0.00,0.00,0.00,0.00,0.00,"","","","","OutsideUTCWindow",TRUE,TRUE,FALSE,FALSE,FALSE,FALSE,FALSE,FALSE,FALSE,FALSE,FALSE,FALSE,FALSE,FALSE,FALSE,FALSE,FALSE,FALSE,FALSE,"Outside UTC session (08:00 - 16:00 UTC, Current: 20:45)","",0,0,0,0.00000,0.00000,0.00000,0.00000,"",0.00,0.00
2026.09.07 21:00:00,2026.09.07 21:00:00,2026.09.07 21:00:00,"10****84",XAUUSD,108151,2026.09.07 20:45:00,NONE,0.00000,0.00000,0.00,0.00000,0.00000,0.00000,0.00000,0.00000,0.00000,0.00000,0.00000,0.00000,0.00,0.00,0.00,0.00,0.00,0.00,0.00,"","","","","OutsideUTCWindow",TRUE,TRUE,FALSE,FALSE,FALSE,FALSE,FALSE,FALSE,FALSE,FALSE,FALSE,FALSE,FALSE,FALSE,FALSE,FALSE,FALSE,FALSE,FALSE,"Outside UTC session (08:00 - 16:00 UTC, Current: 21:00)","",0,0,0,0.00000,0.00000,0.00000,0.00000,"",0.00,0.00
2026.09.07 21:15:00,2026.09.07 21:15:00,2026.09.07 21:15:00,"10****84",XAUUSD,108151,2026.09.07 21:00:00,NONE,0.00000,0.00000,0.00,0.00000,0.00000,0.00000,0.00000,0.00000,0.00000,0.00000,0.00000,0.00000,0.00,0.00,0.00,0.00,0.00,0.00,0.00,"","","","","OutsideUTCWindow",TRUE,TRUE,FALSE,FALSE,FALSE,FALSE,FALSE,FALSE,FALSE,FALSE,FALSE,FALSE,FALSE,FALSE,FALSE,FALSE,FALSE,FALSE,FALSE,"Outside UTC session (08:00 - 16:00 UTC, Current: 21:15)","",0,0,0,0.00000,0.00000,0.00000,0.00000,"",0.00,0.00
2026.09.08 01:00:00,2026.09.08 01:00:00,2026.09.08 01:00:00,"10****84",XAUUSD,108151,2026.09.07 21:15:00,NONE,0.00000,0.00000,0.00,0.00000,0.00000,0.00000,0.00000,0.00000,0.00000,0.00000,0.00000,0.00000,0.00,0.00,0.00,0.00,0.00,0.00,0.00,"","","","","OutsideUTCWindow",TRUE,TRUE,FALSE,FALSE,FALSE,FALSE,FALSE,FALSE,FALSE,FALSE,FALSE,FALSE,FALSE,FALSE,FALSE,FALSE,FALSE,FALSE,FALSE,"Outside UTC session (08:00 - 16:00 UTC, Current: 01:00)","",0,0,0,0.00000,0.00000,0.00000,0.00000,"",0.00,0.00
2026.09.08 01:15:00,2026.09.08 01:15:00,2026.09.08 01:15:00,"10****84",XAUUSD,108151,2026.09.08 01:00:00,NONE,0.00000,0.00000,0.00,0.00000,0.00000,0.00000,0.00000,0.00000,0.00000,0.00000,0.00000,0.00000,0.00,0.00,0.00,0.00,0.00,0.00,0.00,"","","","","OutsideUTCWindow",TRUE,TRUE,FALSE,FALSE,FALSE,FALSE,FALSE,FALSE,FALSE,FALSE,FALSE,FALSE,FALSE,FALSE,FALSE,FALSE,FALSE,FALSE,FALSE,"Outside UTC session (08:00 - 16:00 UTC, Current: 01:15)","",0,0,0,0.00000,0.00000,0.00000,0.00000,"",0.00,0.00
2026.09.08 01:30:00,2026.09.08 01:30:00,2026.09.08 01:30:00,"10****84",XAUUSD,108151,2026.09.08 01:15:00,NONE,0.00000,0.00000,0.00,0.00000,0.00000,0.00000,0.00000,0.00000,0.00000,0.00000,0.00000,0.00000,0.00,0.00,0.00,0.00,0.00,0.00,0.00,"","","","","OutsideUTCWindow",TRUE,TRUE,FALSE,FALSE,FALSE,FALSE,FALSE,FALSE,FALSE,FALSE,FALSE,FALSE,FALSE,FALSE,FALSE,FALSE,FALSE,FALSE,FALSE,"Outside UTC session (08:00 - 16:00 UTC, Current: 01:30)","",0,0,0,0.00000,0.00000,0.00000,0.00000,"",0.00,0.00
2026.09.08 01:45:00,2026.09.08 01:45:00,2026.09.08 01:45:00,"10****84",XAUUSD,108151,2026.09.08 01:30:00,NONE,0.00000,0.00000,0.00,0.00000,0.00000,0.00000,0.00000,0.00000,0.00000,0.00000,0.00000,0.00000,0.00,0.00,0.00,0.00,0.00,0.00,0.00,"","","","","OutsideUTCWindow",TRUE,TRUE,FALSE,FALSE,FALSE,FALSE,FALSE,FALSE,FALSE,FALSE,FALSE,FALSE,FALSE,FALSE,FALSE,FALSE,FALSE,FALSE,FALSE,"Outside UTC session (08:00 - 16:00 UTC, Current: 01:45)","",0,0,0,0.00000,0.00000,0.00000,0.00000,"",0.00,0.00
2026.09.08 02:00:00,2026.09.08 02:00:00,2026.09.08 02:00:00,"10****84",XAUUSD,108151,2026.09.08 01:45:00,NONE,0.00000,0.00000,0.00,0.00000,0.00000,0.00000,0.00000,0.00000,0.00000,0.00000,0.00000,0.00000,0.00,0.00,0.00,0.00,0.00,0.00,0.00,"","","","","OutsideUTCWindow",TRUE,TRUE,FALSE,FALSE,FALSE,FALSE,FALSE,FALSE,FALSE,FALSE,FALSE,FALSE,FALSE,FALSE,FALSE,FALSE,FALSE,FALSE,FALSE,"Outside UTC session (08:00 - 16:00 UTC, Current: 02:00)","",0,0,0,0.00000,0.00000,0.00000,0.00000,"",0.00,0.00
2026.09.08 02:15:00,2026.09.08 02:15:00,2026.09.08 02:15:00,"10****84",XAUUSD,108151,2026.09.08 02:00:00,NONE,0.00000,0.00000,0.00,0.00000,0.00000,0.00000,0.00000,0.00000,0.00000,0.00000,0.00000,0.00000,0.00,0.00,0.00,0.00,0.00,0.00,0.00,"","","","","OutsideUTCWindow",TRUE,TRUE,FALSE,FALSE,FALSE,FALSE,FALSE,FALSE,FALSE,FALSE,FALSE,FALSE,FALSE,FALSE,FALSE,FALSE,FALSE,FALSE,FALSE,"Outside UTC session (08:00 - 16:00 UTC, Current: 02:15)","",0,0,0,0.00000,0.00000,0.00000,0.00000,"",0.00,0.00
2026.09.08 02:30:00,2026.09.08 02:30:00,2026.09.08 02:30:00,"10****84",XAUUSD,108151,2026.09.08 02:15:00,NONE,0.00000,0.00000,0.00,0.00000,0.00000,0.00000,0.00000,0.00000,0.00000,0.00000,0.00000,0.00000,0.00,0.00,0.00,0.00,0.00,0.00,0.00,"","","","","OutsideUTCWindow",TRUE,TRUE,FALSE,FALSE,FALSE,FALSE,FALSE,FALSE,FALSE,FALSE,FALSE,FALSE,FALSE,FALSE,FALSE,FALSE,FALSE,FALSE,FALSE,"Outside UTC session (08:00 - 16:00 UTC, Current: 02:30)","",0,0,0,0.00000,0.00000,0.00000,0.00000,"",0.00,0.00
2026.09.08 02:45:00,2026.09.08 02:45:00,2026.09.08 02:45:00,"10****84",XAUUSD,108151,2026.09.08 02:30:00,NONE,0.00000,0.00000,0.00,0.00000,0.00000,0.00000,0.00000,0.00000,0.00000,0.00000,0.00000,0.00000,0.00,0.00,0.00,0.00,0.00,0.00,0.00,"","","","","OutsideUTCWindow",TRUE,TRUE,FALSE,FALSE,FALSE,FALSE,FALSE,FALSE,FALSE,FALSE,FALSE,FALSE,FALSE,FALSE,FALSE,FALSE,FALSE,FALSE,FALSE,"Outside UTC session (08:00 - 16:00 UTC, Current: 02:45)","",0,0,0,0.00000,0.00000,0.00000,0.00000,"",0.00,0.00
2026.09.08 03:00:00,2026.09.08 03:00:00,2026.09.08 03:00:00,"10****84",XAUUSD,108151,2026.09.08 02:45:00,NONE,0.00000,0.00000,0.00,0.00000,0.00000,0.00000,0.00000,0.00000,0.00000,0.00000,0.00000,0.00000,0.00,0.00,0.00,0.00,0.00,0.00,0.00,"","","","","OutsideUTCWindow",TRUE,TRUE,FALSE,FALSE,FALSE,FALSE,FALSE,FALSE,FALSE,FALSE,FALSE,FALSE,FALSE,FALSE,FALSE,FALSE,FALSE,FALSE,FALSE,"Outside UTC session (08:00 - 16:00 UTC, Current: 03:00)","",0,0,0,0.00000,0.00000,0.00000,0.00000,"",0.00,0.00
2026.09.08 03:15:00,2026.09.08 03:15:00,2026.09.08 03:15:00,"10****84",XAUUSD,108151,2026.09.08 03:00:00,NONE,0.00000,0.00000,0.00,0.00000,0.00000,0.00000,0.00000,0.00000,0.00000,0.00000,0.00000,0.00000,0.00,0.00,0.00,0.00,0.00,0.00,0.00,"","","","","OutsideUTCWindow",TRUE,TRUE,FALSE,FALSE,FALSE,FALSE,FALSE,FALSE,FALSE,FALSE,FALSE,FALSE,FALSE,FALSE,FALSE,FALSE,FALSE,FALSE,FALSE,"Outside UTC session (08:00 - 16:00 UTC, Current: 03:15)","",0,0,0,0.00000,0.00000,0.00000,0.00000,"",0.00,0.00
2026.09.08 03:30:00,2026.09.08 03:30:00,2026.09.08 03:30:00,"10****84",XAUUSD,108151,2026.09.08 03:15:00,NONE,0.00000,0.00000,0.00,0.00000,0.00000,0.00000,0.00000,0.00000,0.00000,0.00000,0.00000,0.00000,0.00,0.00,0.00,0.00,0.00,0.00,0.00,"","","","","OutsideUTCWindow",TRUE,TRUE,FALSE,FALSE,FALSE,FALSE,FALSE,FALSE,FALSE,FALSE,FALSE,FALSE,FALSE,FALSE,FALSE,FALSE,FALSE,FALSE,FALSE,"Outside UTC session (08:00 - 16:00 UTC, Current: 03:30)","",0,0,0,0.00000,0.00000,0.00000,0.00000,"",0.00,0.00
2026.09.08 03:45:00,2026.09.08 03:45:00,2026.09.08 03:45:00,"10****84",XAUUSD,108151,2026.09.08 03:30:00,NONE,0.00000,0.00000,0.00,0.00000,0.00000,0.00000,0.00000,0.00000,0.00000,0.00000,0.00000,0.00000,0.00,0.00,0.00,0.00,0.00,0.00,0.00,"","","","","OutsideUTCWindow",TRUE,TRUE,FALSE,FALSE,FALSE,FALSE,FALSE,FALSE,FALSE,FALSE,FALSE,FALSE,FALSE,FALSE,FALSE,FALSE,FALSE,FALSE,FALSE,"Outside UTC session (08:00 - 16:00 UTC, Current: 03:45)","",0,0,0,0.00000,0.00000,0.00000,0.00000,"",0.00,0.00
2026.09.08 04:00:00,2026.09.08 04:00:00,2026.09.08 04:00:00,"10****84",XAUUSD,108151,2026.09.08 03:45:00,NONE,0.00000,0.00000,0.00,0.00000,0.00000,0.00000,0.00000,0.00000,0.00000,0.00000,0.00000,0.00000,0.00,0.00,0.00,0.00,0.00,0.00,0.00,"","","","","OutsideUTCWindow",TRUE,TRUE,FALSE,FALSE,FALSE,FALSE,FALSE,FALSE,FALSE,FALSE,FALSE,FALSE,FALSE,FALSE,FALSE,FALSE,FALSE,FALSE,FALSE,"Outside UTC session (08:00 - 16:00 UTC, Current: 04:00)","",0,0,0,0.00000,0.00000,0.00000,0.00000,"",0.00,0.00
2026.09.08 04:15:00,2026.09.08 04:15:00,2026.09.08 04:15:00,"10****84",XAUUSD,108151,2026.09.08 04:00:00,NONE,0.00000,0.00000,0.00,0.00000,0.00000,0.00000,0.00000,0.00000,0.00000,0.00000,0.00000,0.00000,0.00,0.00,0.00,0.00,0.00,0.00,0.00,"","","","","OutsideUTCWindow",TRUE,TRUE,FALSE,FALSE,FALSE,FALSE,FALSE,FALSE,FALSE,FALSE,FALSE,FALSE,FALSE,FALSE,FALSE,FALSE,FALSE,FALSE,FALSE,"Outside UTC session (08:00 - 16:00 UTC, Current: 04:15)","",0,0,0,0.00000,0.00000,0.00000,0.00000,"",0.00,0.00
2026.09.08 04:30:00,2026.09.08 04:30:00,2026.09.08 04:30:00,"10****84",XAUUSD,108151,2026.09.08 04:15:00,NONE,0.00000,0.00000,0.00,0.00000,0.00000,0.00000,0.00000,0.00000,0.00000,0.00000,0.00000,0.00000,0.00,0.00,0.00,0.00,0.00,0.00,0.00,"","","","","OutsideUTCWindow",TRUE,TRUE,FALSE,FALSE,FALSE,FALSE,FALSE,FALSE,FALSE,FALSE,FALSE,FALSE,FALSE,FALSE,FALSE,FALSE,FALSE,FALSE,FALSE,"Outside UTC session (08:00 - 16:00 UTC, Current: 04:30)","",0,0,0,0.00000,0.00000,0.00000,0.00000,"",0.00,0.00
2026.09.08 04:45:00,2026.09.08 04:45:00,2026.09.08 04:45:00,"10****84",XAUUSD,108151,2026.09.08 04:30:00,NONE,0.00000,0.00000,0.00,0.00000,0.00000,0.00000,0.00000,0.00000,0.00000,0.00000,0.00000,0.00000,0.00,0.00,0.00,0.00,0.00,0.00,0.00,"","","","","OutsideUTCWindow",TRUE,TRUE,FALSE,FALSE,FALSE,FALSE,FALSE,FALSE,FALSE,FALSE,FALSE,FALSE,FALSE,FALSE,FALSE,FALSE,FALSE,FALSE,FALSE,"Outside UTC session (08:00 - 16:00 UTC, Current: 04:45)","",0,0,0,0.00000,0.00000,0.00000,0.00000,"",0.00,0.00
2026.09.08 05:00:00,2026.09.08 05:00:00,2026.09.08 05:00:00,"10****84",XAUUSD,108151,2026.09.08 04:45:00,NONE,0.00000,0.00000,0.00,0.00000,0.00000,0.00000,0.00000,0.00000,0.00000,0.00000,0.00000,0.00000,0.00,0.00,0.00,0.00,0.00,0.00,0.00,"","","","","OutsideUTCWindow",TRUE,TRUE,FALSE,FALSE,FALSE,FALSE,FALSE,FALSE,FALSE,FALSE,FALSE,FALSE,FALSE,FALSE,FALSE,FALSE,FALSE,FALSE,FALSE,"Outside UTC session (08:00 - 16:00 UTC, Current: 05:00)","",0,0,0,0.00000,0.00000,0.00000,0.00000,"",0.00,0.00
2026.09.08 05:15:00,2026.09.08 05:15:00,2026.09.08 05:15:00,"10****84",XAUUSD,108151,2026.09.08 05:00:00,NONE,0.00000,0.00000,0.00,0.00000,0.00000,0.00000,0.00000,0.00000,0.00000,0.00000,0.00000,0.00000,0.00,0.00,0.00,0.00,0.00,0.00,0.00,"","","","","OutsideUTCWindow",TRUE,TRUE,FALSE,FALSE,FALSE,FALSE,FALSE,FALSE,FALSE,FALSE,FALSE,FALSE,FALSE,FALSE,FALSE,FALSE,FALSE,FALSE,FALSE,"Outside UTC session (08:00 - 16:00 UTC, Current: 05:15)","",0,0,0,0.00000,0.00000,0.00000,0.00000,"",0.00,0.00
2026.09.08 05:30:00,2026.09.08 05:30:00,2026.09.08 05:30:00,"10****84",XAUUSD,108151,2026.09.08 05:15:00,NONE,0.00000,0.00000,0.00,0.00000,0.00000,0.00000,0.00000,0.00000,0.00000,0.00000,0.00000,0.00000,0.00,0.00,0.00,0.00,0.00,0.00,0.00,"","","","","OutsideUTCWindow",TRUE,TRUE,FALSE,FALSE,FALSE,FALSE,FALSE,FALSE,FALSE,FALSE,FALSE,FALSE,FALSE,FALSE,FALSE,FALSE,FALSE,FALSE,FALSE,"Outside UTC session (08:00 - 16:00 UTC, Current: 05:30)","",0,0,0,0.00000,0.00000,0.00000,0.00000,"",0.00,0.00
2026.09.08 05:45:00,2026.09.08 05:45:00,2026.09.08 05:45:00,"10****84",XAUUSD,108151,2026.09.08 05:30:00,NONE,0.00000,0.00000,0.00,0.00000,0.00000,0.00000,0.00000,0.00000,0.00000,0.00000,0.00000,0.00000,0.00,0.00,0.00,0.00,0.00,0.00,0.00,"","","","","OutsideUTCWindow",TRUE,TRUE,FALSE,FALSE,FALSE,FALSE,FALSE,FALSE,FALSE,FALSE,FALSE,FALSE,FALSE,FALSE,FALSE,FALSE,FALSE,FALSE,FALSE,"Outside UTC session (08:00 - 16:00 UTC, Current: 05:45)","",0,0,0,0.00000,0.00000,0.00000,0.00000,"",0.00,0.00
2026.09.08 06:00:00,2026.09.08 06:00:00,2026.09.08 06:00:00,"10****84",XAUUSD,108151,2026.09.08 05:45:00,NONE,0.00000,0.00000,0.00,0.00000,0.00000,0.00000,0.00000,0.00000,0.00000,0.00000,0.00000,0.00000,0.00,0.00,0.00,0.00,0.00,0.00,0.00,"","","","","OutsideUTCWindow",TRUE,TRUE,FALSE,FALSE,FALSE,FALSE,FALSE,FALSE,FALSE,FALSE,FALSE,FALSE,FALSE,FALSE,FALSE,FALSE,FALSE,FALSE,FALSE,"Outside UTC session (08:00 - 16:00 UTC, Current: 06:00)","",0,0,0,0.00000,0.00000,0.00000,0.00000,"",0.00,0.00
2026.09.08 06:15:00,2026.09.08 06:15:00,2026.09.08 06:15:00,"10****84",XAUUSD,108151,2026.09.08 06:00:00,NONE,0.00000,0.00000,0.00,0.00000,0.00000,0.00000,0.00000,0.00000,0.00000,0.00000,0.00000,0.00000,0.00,0.00,0.00,0.00,0.00,0.00,0.00,"","","","","OutsideUTCWindow",TRUE,TRUE,FALSE,FALSE,FALSE,FALSE,FALSE,FALSE,FALSE,FALSE,FALSE,FALSE,FALSE,FALSE,FALSE,FALSE,FALSE,FALSE,FALSE,"Outside UTC session (08:00 - 16:00 UTC, Current: 06:15)","",0,0,0,0.00000,0.00000,0.00000,0.00000,"",0.00,0.00
2026.09.08 06:30:00,2026.09.08 06:30:00,2026.09.08 06:30:00,"10****84",XAUUSD,108151,2026.09.08 06:15:00,NONE,0.00000,0.00000,0.00,0.00000,0.00000,0.00000,0.00000,0.00000,0.00000,0.00000,0.00000,0.00000,0.00,0.00,0.00,0.00,0.00,0.00,0.00,"","","","","OutsideUTCWindow",TRUE,TRUE,FALSE,FALSE,FALSE,FALSE,FALSE,FALSE,FALSE,FALSE,FALSE,FALSE,FALSE,FALSE,FALSE,FALSE,FALSE,FALSE,FALSE,"Outside UTC session (08:00 - 16:00 UTC, Current: 06:30)","",0,0,0,0.00000,0.00000,0.00000,0.00000,"",0.00,0.00
2026.09.08 06:45:00,2026.09.08 06:45:00,2026.09.08 06:45:00,"10****84",XAUUSD,108151,2026.09.08 06:30:00,NONE,0.00000,0.00000,0.00,0.00000,0.00000,0.00000,0.00000,0.00000,0.00000,0.00000,0.00000,0.00000,0.00,0.00,0.00,0.00,0.00,0.00,0.00,"","","","","OutsideUTCWindow",TRUE,TRUE,FALSE,FALSE,FALSE,FALSE,FALSE,FALSE,FALSE,FALSE,FALSE,FALSE,FALSE,FALSE,FALSE,FALSE,FALSE,FALSE,FALSE,"Outside UTC session (08:00 - 16:00 UTC, Current: 06:45)","",0,0,0,0.00000,0.00000,0.00000,0.00000,"",0.00,0.00
2026.09.08 07:00:00,2026.09.08 07:00:00,2026.09.08 07:00:00,"10****84",XAUUSD,108151,2026.09.08 06:45:00,NONE,0.00000,0.00000,0.00,0.00000,0.00000,0.00000,0.00000,0.00000,0.00000,0.00000,0.00000,0.00000,0.00,0.00,0.00,0.00,0.00,0.00,0.00,"","","","","OutsideUTCWindow",TRUE,TRUE,FALSE,FALSE,FALSE,FALSE,FALSE,FALSE,FALSE,FALSE,FALSE,FALSE,FALSE,FALSE,FALSE,FALSE,FALSE,FALSE,FALSE,"Outside UTC session (08:00 - 16:00 UTC, Current: 07:00)","",0,0,0,0.00000,0.00000,0.00000,0.00000,"",0.00,0.00
2026.09.08 07:15:00,2026.09.08 07:15:00,2026.09.08 07:15:00,"10****84",XAUUSD,108151,2026.09.08 07:00:00,NONE,0.00000,0.00000,0.00,0.00000,0.00000,0.00000,0.00000,0.00000,0.00000,0.00000,0.00000,0.00000,0.00,0.00,0.00,0.00,0.00,0.00,0.00,"","","","","OutsideUTCWindow",TRUE,TRUE,FALSE,FALSE,FALSE,FALSE,FALSE,FALSE,FALSE,FALSE,FALSE,FALSE,FALSE,FALSE,FALSE,FALSE,FALSE,FALSE,FALSE,"Outside UTC session (08:00 - 16:00 UTC, Current: 07:15)","",0,0,0,0.00000,0.00000,0.00000,0.00000,"",0.00,0.00
2026.09.08 07:30:00,2026.09.08 07:30:00,2026.09.08 07:30:00,"10****84",XAUUSD,108151,2026.09.08 07:15:00,NONE,0.00000,0.00000,0.00,0.00000,0.00000,0.00000,0.00000,0.00000,0.00000,0.00000,0.00000,0.00000,0.00,0.00,0.00,0.00,0.00,0.00,0.00,"","","","","OutsideUTCWindow",TRUE,TRUE,FALSE,FALSE,FALSE,FALSE,FALSE,FALSE,FALSE,FALSE,FALSE,FALSE,FALSE,FALSE,FALSE,FALSE,FALSE,FALSE,FALSE,"Outside UTC session (08:00 - 16:00 UTC, Current: 07:30)","",0,0,0,0.00000,0.00000,0.00000,0.00000,"",0.00,0.00
2026.09.08 07:45:00,2026.09.08 07:45:00,2026.09.08 07:45:00,"10****84",XAUUSD,108151,2026.09.08 07:30:00,NONE,0.00000,0.00000,0.00,0.00000,0.00000,0.00000,0.00000,0.00000,0.00000,0.00000,0.00000,0.00000,0.00,0.00,0.00,0.00,0.00,0.00,0.00,"","","","","OutsideUTCWindow",TRUE,TRUE,FALSE,FALSE,FALSE,FALSE,FALSE,FALSE,FALSE,FALSE,FALSE,FALSE,FALSE,FALSE,FALSE,FALSE,FALSE,FALSE,FALSE,"Outside UTC session (08:00 - 16:00 UTC, Current: 07:45)","",0,0,0,0.00000,0.00000,0.00000,0.00000,"",0.00,0.00
2026.09.08 08:00:00,2026.09.08 08:00:00,2026.09.08 08:00:00,"10****84",XAUUSD,108151,2026.09.08 07:45:00,NONE,4421.66306,4448.46749,15.69,4429.45393,7.18714,6.69857,0.00000,4435.96000,0.00000,0.00000,0.00000,0.00000,0.00,0.00,0.00,0.00,0.00,0.00,0.00,"Loss: $0.00 (Max $50.00) | Losses: 0/Max 2","Loss: 0.00% / Max: 20.00%","DD: 6.50% / Max: 20.00% (HWM: $522.02)","BypassedInTester","ActiveSession",TRUE,TRUE,TRUE,TRUE,TRUE,TRUE,TRUE,TRUE,FALSE,FALSE,FALSE,TRUE,FALSE,FALSE,FALSE,FALSE,FALSE,FALSE,FALSE,"No valid H1 trend alignment (EMA50 vs EMA200 or Close vs EMA50)","",0,0,0,0.00000,0.00000,0.00000,0.00000,"",0.00,0.00
2026.09.08 08:15:00,2026.09.08 08:15:00,2026.09.08 08:15:00,"10****84",XAUUSD,108151,2026.09.08 08:00:00,NONE,4421.66306,4448.46749,15.69,4429.24403,7.49714,6.73107,0.00000,4427.25000,0.00000,0.00000,0.00000,0.00000,0.00,0.00,0.00,0.00,0.00,0.00,0.00,"Loss: $0.00 (Max $50.00) | Losses: 0/Max 2","Loss: 0.00% / Max: 20.00%","DD: 6.50% / Max: 20.00% (HWM: $522.02)","BypassedInTester","ActiveSession",TRUE,TRUE,TRUE,TRUE,TRUE,TRUE,TRUE,TRUE,FALSE,FALSE,FALSE,TRUE,FALSE,FALSE,FALSE,FALSE,FALSE,FALSE,FALSE,"No valid H1 trend alignment (EMA50 vs EMA200 or Close vs EMA50)","",0,0,0,0.00000,0.00000,0.00000,0.00000,"",0.00,0.00
2026.09.08 08:30:00,2026.09.08 08:30:00,2026.09.08 08:30:00,"10****84",XAUUSD,108151,2026.09.08 08:15:00,NONE,4421.66306,4448.46749,15.69,4428.40746,7.77500,6.73107,0.00000,4420.46000,0.00000,0.00000,0.00000,0.00000,0.00,0.00,0.00,0.00,0.00,0.00,0.00,"Loss: $0.00 (Max $50.00) | Losses: 0/Max 2","Loss: 0.00% / Max: 20.00%","DD: 6.50% / Max: 20.00% (HWM: $522.02)","BypassedInTester","ActiveSession",TRUE,TRUE,TRUE,TRUE,TRUE,TRUE,TRUE,TRUE,FALSE,FALSE,FALSE,TRUE,FALSE,FALSE,FALSE,FALSE,FALSE,FALSE,FALSE,"No valid H1 trend alignment (EMA50 vs EMA200 or Close vs EMA50)","",0,0,0,0.00000,0.00000,0.00000,0.00000,"",0.00,0.00
2026.09.08 08:45:00,2026.09.08 08:45:00,2026.09.08 08:45:00,"10****84",XAUUSD,108151,2026.09.08 08:30:00,NONE,4421.66306,4448.46749,15.69,4428.15437,7.50929,6.74179,0.00000,4425.75000,0.00000,0.00000,0.00000,0.00000,0.00,0.00,0.00,0.00,0.00,0.00,0.00,"Loss: $0.00 (Max $50.00) | Losses: 0/Max 2","Loss: 0.00% / Max: 20.00%","DD: 6.50% / Max: 20.00% (HWM: $522.02)","BypassedInTester","ActiveSession",TRUE,TRUE,TRUE,TRUE,TRUE,TRUE,TRUE,TRUE,FALSE,FALSE,FALSE,TRUE,FALSE,FALSE,FALSE,FALSE,FALSE,FALSE,FALSE,"No valid H1 trend alignment (EMA50 vs EMA200 or Close vs EMA50)","",0,0,0,0.00000,0.00000,0.00000,0.00000,"",0.00,0.00
2026.09.08 09:00:00,2026.09.08 09:00:00,2026.09.08 09:00:00,"10****84",XAUUSD,108151,2026.09.08 08:45:00,NONE,4421.56215,4448.17518,14.90,4427.29109,7.95286,6.74179,0.00000,4419.09000,0.00000,0.00000,0.00000,0.00000,0.00,0.00,0.00,0.00,0.00,0.00,0.00,"Loss: $0.00 (Max $50.00) | Losses: 0/Max 2","Loss: 0.00% / Max: 20.00%","DD: 6.50% / Max: 20.00% (HWM: $522.02)","BypassedInTester","ActiveSession",TRUE,TRUE,TRUE,TRUE,TRUE,TRUE,TRUE,TRUE,FALSE,FALSE,FALSE,TRUE,FALSE,FALSE,FALSE,FALSE,FALSE,FALSE,FALSE,"Short trend exists but H1 ADX (14.90) < MinADX (20.00)","",0,0,0,0.00000,0.00000,0.00000,0.00000,"",0.00,0.00
2026.09.08 09:15:00,2026.09.08 09:15:00,2026.09.08 09:15:00,"10****84",XAUUSD,108151,2026.09.08 09:00:00,NONE,4421.56215,4448.17518,14.90,4425.79194,8.38071,6.78857,0.00000,4411.55000,0.00000,0.00000,0.00000,0.00000,0.00,0.00,0.00,0.00,0.00,0.00,0.00,"Loss: $0.00 (Max $50.00) | Losses: 0/Max 2","Loss: 0.00% / Max: 20.00%","DD: 6.50% / Max: 20.00% (HWM: $522.02)","BypassedInTester","ActiveSession",TRUE,TRUE,TRUE,TRUE,TRUE,TRUE,TRUE,TRUE,FALSE,FALSE,FALSE,TRUE,FALSE,FALSE,FALSE,FALSE,FALSE,FALSE,FALSE,"Short trend exists but H1 ADX (14.90) < MinADX (20.00)","",0,0,0,0.00000,0.00000,0.00000,0.00000,"",0.00,0.00
2026.09.08 09:30:00,2026.09.08 09:30:00,2026.09.08 09:30:00,"10****84",XAUUSD,108151,2026.09.08 09:15:00,NONE,4421.56215,4448.17518,14.90,4423.34604,8.78071,7.00143,0.00000,4400.11000,0.00000,0.00000,0.00000,0.00000,0.00,0.00,0.00,0.00,0.00,0.00,0.00,"Loss: $0.00 (Max $50.00) | Losses: 0/Max 2","Loss: 0.00% / Max: 20.00%","DD: 6.50% / Max: 20.00% (HWM: $522.02)","BypassedInTester","ActiveSession",TRUE,TRUE,TRUE,TRUE,TRUE,TRUE,TRUE,TRUE,FALSE,FALSE,FALSE,TRUE,FALSE,FALSE,FALSE,FALSE,FALSE,FALSE,FALSE,"Short trend exists but H1 ADX (14.90) < MinADX (20.00)","",0,0,0,0.00000,0.00000,0.00000,0.00000,"",0.00,0.00
2026.09.08 09:45:00,2026.09.08 09:45:00,2026.09.08 09:45:00,"10****84",XAUUSD,108151,2026.09.08 09:30:00,NONE,4421.56215,4448.17518,14.90,4421.81023,8.86786,7.23000,0.00000,4407.22000,0.00000,0.00000,0.00000,0.00000,0.00,0.00,0.00,0.00,0.00,0.00,0.00,"Loss: $0.00 (Max $50.00) | Losses: 0/Max 2","Loss: 0.00% / Max: 20.00%","DD: 6.50% / Max: 20.00% (HWM: $522.02)","BypassedInTester","ActiveSession",TRUE,TRUE,TRUE,TRUE,TRUE,TRUE,TRUE,TRUE,FALSE,FALSE,FALSE,TRUE,FALSE,FALSE,FALSE,FALSE,FALSE,FALSE,FALSE,"Short trend exists but H1 ADX (14.90) < MinADX (20.00)","",0,0,0,0.00000,0.00000,0.00000,0.00000,"",0.00,0.00
2026.09.08 10:00:00,2026.09.08 10:00:00,2026.09.08 10:00:00,"10****84",XAUUSD,108151,2026.09.08 09:45:00,NONE,4420.85932,4447.73204,17.29,4420.07973,8.48500,7.35929,0.00000,4403.64000,0.00000,0.00000,0.00000,0.00000,0.00,0.00,0.00,0.00,0.00,0.00,0.00,"Loss: $0.00 (Max $50.00) | Losses: 0/Max 2","Loss: 0.00% / Max: 20.00%","DD: 6.50% / Max: 20.00% (HWM: $522.02)","BypassedInTester","ActiveSession",TRUE,TRUE,TRUE,TRUE,TRUE,TRUE,TRUE,TRUE,FALSE,FALSE,FALSE,TRUE,FALSE,FALSE,FALSE,FALSE,FALSE,FALSE,FALSE,"Short trend exists but H1 ADX (17.29) < MinADX (20.00)","",0,0,0,0.00000,0.00000,0.00000,0.00000,"",0.00,0.00
2026.09.08 10:15:00,2026.09.08 10:15:00,2026.09.08 10:15:00,"10****84",XAUUSD,108151,2026.09.08 10:00:00,NONE,4420.85932,4447.73204,17.29,4418.45023,8.67286,7.47143,0.00000,4402.97000,0.00000,0.00000,0.00000,0.00000,0.00,0.00,0.00,0.00,0.00,0.00,0.00,"Loss: $0.00 (Max $50.00) | Losses: 0/Max 2","Loss: 0.00% / Max: 20.00%","DD: 6.50% / Max: 20.00% (HWM: $522.02)","BypassedInTester","ActiveSession",TRUE,TRUE,TRUE,TRUE,TRUE,TRUE,TRUE,TRUE,FALSE,FALSE,FALSE,TRUE,FALSE,FALSE,FALSE,FALSE,FALSE,FALSE,FALSE,"Short trend exists but H1 ADX (17.29) < MinADX (20.00)","",0,0,0,0.00000,0.00000,0.00000,0.00000,"",0.00,0.00
2026.09.08 10:30:00,2026.09.08 10:30:00,2026.09.08 10:30:00,"10****84",XAUUSD,108151,2026.09.08 10:15:00,NONE,4420.85932,4447.73204,17.29,4416.83878,8.50286,7.50321,0.00000,4401.53000,0.00000,0.00000,0.00000,0.00000,0.00,0.00,0.00,0.00,0.00,0.00,0.00,"Loss: $0.00 (Max $50.00) | Losses: 0/Max 2","Loss: 0.00% / Max: 20.00%","DD: 6.50% / Max: 20.00% (HWM: $522.02)","BypassedInTester","ActiveSession",TRUE,TRUE,TRUE,TRUE,TRUE,TRUE,TRUE,TRUE,FALSE,FALSE,FALSE,TRUE,FALSE,FALSE,FALSE,FALSE,FALSE,FALSE,FALSE,"Short trend exists but H1 ADX (17.29) < MinADX (20.00)","",0,0,0,0.00000,0.00000,0.00000,0.00000,"",0.00,0.00
2026.09.08 10:45:00,2026.09.08 10:45:00,2026.09.08 10:45:00,"10****84",XAUUSD,108151,2026.09.08 10:30:00,NONE,4420.85932,4447.73204,17.29,4414.81509,9.14500,7.64214,0.00000,4395.59000,0.00000,0.00000,0.00000,0.00000,0.00,0.00,0.00,0.00,0.00,0.00,0.00,"Loss: $0.00 (Max $50.00) | Losses: 0/Max 2","Loss: 0.00% / Max: 20.00%","DD: 6.50% / Max: 20.00% (HWM: $522.02)","BypassedInTester","ActiveSession",TRUE,TRUE,TRUE,TRUE,TRUE,TRUE,TRUE,TRUE,FALSE,FALSE,FALSE,TRUE,FALSE,FALSE,FALSE,FALSE,FALSE,FALSE,FALSE,"Short trend exists but H1 ADX (17.29) < MinADX (20.00)","",0,0,0,0.00000,0.00000,0.00000,0.00000,"",0.00,0.00
2026.09.08 11:00:00,2026.09.08 11:00:00,2026.09.08 11:00:00,"10****84",XAUUSD,108151,2026.09.08 10:45:00,SELL,4419.73817,4447.18018,20.48,4412.66794,9.01071,7.86393,0.00000,4392.27000,0.00000,0.00000,0.00000,0.00000,0.00,0.00,0.00,0.00,0.00,0.00,0.00,"Loss: $0.00 (Max $50.00) | Losses: 0/Max 2","Loss: 0.00% / Max: 20.00%","DD: 6.50% / Max: 20.00% (HWM: $522.02)","BypassedInTester","ActiveSession",TRUE,TRUE,TRUE,TRUE,TRUE,TRUE,TRUE,TRUE,TRUE,FALSE,FALSE,TRUE,FALSE,FALSE,FALSE,FALSE,FALSE,FALSE,FALSE,"No M15 candle in shifts 2-4 touched above EMA20","",0,0,0,0.00000,0.00000,0.00000,0.00000,"",0.00,0.00
2026.09.08 11:15:00,2026.09.08 11:15:00,2026.09.08 11:15:00,"10****84",XAUUSD,108151,2026.09.08 11:00:00,SELL,4419.73817,4447.18018,20.48,4410.54052,9.26714,8.02929,0.00000,4390.33000,0.00000,0.00000,0.00000,0.00000,0.00,0.00,0.00,0.00,0.00,0.00,0.00,"Loss: $0.00 (Max $50.00) | Losses: 0/Max 2","Loss: 0.00% / Max: 20.00%","DD: 6.50% / Max: 20.00% (HWM: $522.02)","BypassedInTester","ActiveSession",TRUE,TRUE,TRUE,TRUE,TRUE,TRUE,TRUE,TRUE,TRUE,FALSE,FALSE,TRUE,FALSE,FALSE,FALSE,FALSE,FALSE,FALSE,FALSE,"No M15 candle in shifts 2-4 touched above EMA20","",0,0,0,0.00000,0.00000,0.00000,0.00000,"",0.00,0.00
2026.09.08 11:30:00,2026.09.08 11:30:00,2026.09.08 11:30:00,"10****84",XAUUSD,108151,2026.09.08 11:15:00,SELL,4419.73817,4447.18018,20.48,4409.02618,9.35571,8.13071,0.00000,4394.64000,0.00000,0.00000,0.00000,0.00000,0.00,0.00,0.00,0.00,0.00,0.00,0.00,"Loss: $0.00 (Max $50.00) | Losses: 0/Max 2","Loss: 0.00% / Max: 20.00%","DD: 6.50% / Max: 20.00% (HWM: $522.02)","BypassedInTester","ActiveSession",TRUE,TRUE,TRUE,TRUE,TRUE,TRUE,TRUE,TRUE,TRUE,FALSE,FALSE,TRUE,FALSE,FALSE,FALSE,FALSE,FALSE,FALSE,FALSE,"No M15 candle in shifts 2-4 touched above EMA20","",0,0,0,0.00000,0.00000,0.00000,0.00000,"",0.00,0.00
2026.09.08 11:45:00,2026.09.08 11:45:00,2026.09.08 11:45:00,"10****84",XAUUSD,108151,2026.09.08 11:30:00,SELL,4419.73817,4447.18018,20.48,4407.46750,9.07357,8.23000,0.00000,4392.66000,0.00000,0.00000,0.00000,0.00000,0.00,0.00,0.00,0.00,0.00,0.00,0.00,"Loss: $0.00 (Max $50.00) | Losses: 0/Max 2","Loss: 0.00% / Max: 20.00%","DD: 6.50% / Max: 20.00% (HWM: $522.02)","BypassedInTester","ActiveSession",TRUE,TRUE,TRUE,TRUE,TRUE,TRUE,TRUE,TRUE,TRUE,FALSE,FALSE,TRUE,FALSE,FALSE,FALSE,FALSE,FALSE,FALSE,FALSE,"No M15 candle in shifts 2-4 touched above EMA20","",0,0,0,0.00000,0.00000,0.00000,0.00000,"",0.00,0.00
2026.09.08 12:00:00,2026.09.08 12:00:00,2026.09.08 12:00:00,"10****84",XAUUSD,108151,2026.09.08 11:45:00,SELL,4418.73393,4446.65232,23.75,4406.19726,8.79143,8.34250,0.00000,4394.13000,0.00000,0.00000,0.00000,0.00000,0.00,0.00,0.00,0.00,0.00,0.00,0.00,"Loss: $0.00 (Max $50.00) | Losses: 0/Max 2","Loss: 0.00% / Max: 20.00%","DD: 6.50% / Max: 20.00% (HWM: $522.02)","BypassedInTester","ActiveSession",TRUE,TRUE,TRUE,TRUE,TRUE,TRUE,TRUE,TRUE,TRUE,FALSE,FALSE,TRUE,FALSE,FALSE,FALSE,FALSE,FALSE,FALSE,FALSE,"No M15 candle in shifts 2-4 touched above EMA20","",0,0,0,0.00000,0.00000,0.00000,0.00000,"",0.00,0.00
2026.09.08 12:15:00,2026.09.08 12:15:00,2026.09.08 12:15:00,"10****84",XAUUSD,108151,2026.09.08 12:00:00,SELL,4418.73393,4446.65232,23.75,4405.35562,8.63500,8.38607,0.00000,4397.36000,0.00000,0.00000,0.00000,0.00000,0.00,0.00,0.00,0.00,0.00,0.00,0.00,"Loss: $0.00 (Max $50.00) | Losses: 0/Max 2","Loss: 0.00% / Max: 20.00%","DD: 6.50% / Max: 20.00% (HWM: $522.02)","BypassedInTester","ActiveSession",TRUE,TRUE,TRUE,TRUE,TRUE,TRUE,TRUE,TRUE,TRUE,FALSE,FALSE,TRUE,FALSE,FALSE,FALSE,FALSE,FALSE,FALSE,FALSE,"No M15 candle in shifts 2-4 touched above EMA20","",0,0,0,0.00000,0.00000,0.00000,0.00000,"",0.00,0.00
2026.09.08 12:30:00,2026.09.08 12:30:00,2026.09.08 12:30:00,"10****84",XAUUSD,108151,2026.09.08 12:15:00,SELL,4418.73393,4446.65232,23.75,4404.17794,8.30286,8.40036,0.00000,4392.99000,0.00000,0.00000,0.00000,0.00000,0.00,0.00,0.00,0.00,0.00,0.00,0.00,"Loss: $0.00 (Max $50.00) | Losses: 0/Max 2","Loss: 0.00% / Max: 20.00%","DD: 6.50% / Max: 20.00% (HWM: $522.02)","BypassedInTester","ActiveSession",TRUE,TRUE,TRUE,TRUE,TRUE,TRUE,TRUE,TRUE,TRUE,FALSE,FALSE,TRUE,FALSE,FALSE,FALSE,FALSE,FALSE,FALSE,FALSE,"No M15 candle in shifts 2-4 touched above EMA20","",0,0,0,0.00000,0.00000,0.00000,0.00000,"",0.00,0.00
2026.09.08 12:45:00,2026.09.08 12:45:00,2026.09.08 12:45:00,"10****84",XAUUSD,108151,2026.09.08 12:30:00,SELL,4418.73393,4446.65232,23.75,4403.91528,8.38857,8.40036,0.00000,4401.42000,0.00000,0.00000,0.00000,0.00000,0.00,0.00,0.00,0.00,0.00,0.00,0.00,"Loss: $0.00 (Max $50.00) | Losses: 0/Max 2","Loss: 0.00% / Max: 20.00%","DD: 6.50% / Max: 20.00% (HWM: $522.02)","BypassedInTester","ActiveSession",TRUE,TRUE,TRUE,TRUE,TRUE,TRUE,TRUE,TRUE,TRUE,FALSE,FALSE,TRUE,FALSE,FALSE,FALSE,FALSE,FALSE,FALSE,FALSE,"No M15 candle in shifts 2-4 touched above EMA20","",0,0,0,0.00000,0.00000,0.00000,0.00000,"",0.00,0.00
2026.09.08 13:00:00,2026.09.08 13:00:00,2026.09.08 13:00:00,"10****84",XAUUSD,108151,2026.09.08 12:45:00,SELL,4418.11299,4446.21697,23.68,4403.81858,7.82143,8.40036,0.00000,4402.90000,0.00000,0.00000,0.00000,0.00000,0.00,0.00,0.00,0.00,0.00,0.00,0.00,"Loss: $0.00 (Max $50.00) | Losses: 0/Max 2","Loss: 0.00% / Max: 20.00%","DD: 6.50% / Max: 20.00% (HWM: $522.02)","BypassedInTester","ActiveSession",TRUE,TRUE,TRUE,TRUE,TRUE,TRUE,TRUE,TRUE,TRUE,FALSE,FALSE,TRUE,FALSE,FALSE,FALSE,FALSE,FALSE,FALSE,FALSE,"No M15 candle in shifts 2-4 touched above EMA20","",0,0,0,0.00000,0.00000,0.00000,0.00000,"",0.00,0.00
2026.09.08 13:15:00,2026.09.08 13:15:00,2026.09.08 13:15:00,"10****84",XAUUSD,108151,2026.09.08 13:00:00,SELL,4418.11299,4446.21697,23.68,4403.09777,7.73071,8.40036,0.14000,4396.25000,4396.27000,4406.35000,4355.95000,10.08000,0.25,50.00,0.05,0.04,0.01,0.01,175.85,"Loss: $0.00 (Max $50.00) | Losses: 0/Max 2","Loss: 0.00% / Max: 20.00%","DD: 6.50% / Max: 20.00% (HWM: $522.02)","BypassedInTester","ActiveSession",TRUE,TRUE,TRUE,TRUE,TRUE,TRUE,TRUE,TRUE,TRUE,TRUE,TRUE,TRUE,TRUE,TRUE,TRUE,TRUE,TRUE,FALSE,FALSE,"Required margin $175.85 exceeds 20% of equity ($97.62)","",0,0,0,0.00000,0.00000,0.00000,0.00000,"",0.00,0.00
2026.09.08 13:30:00,2026.09.08 13:30:00,2026.09.08 13:30:00,"10****84",XAUUSD,108151,2026.09.08 13:15:00,SELL,4418.11299,4446.21697,23.68,4402.74369,8.07000,8.40036,0.00000,4399.38000,0.00000,0.00000,0.00000,0.00000,0.00,0.00,0.00,0.00,0.00,0.00,0.00,"Loss: $0.00 (Max $50.00) | Losses: 0/Max 2","Loss: 0.00% / Max: 20.00%","DD: 6.50% / Max: 20.00% (HWM: $522.02)","BypassedInTester","ActiveSession",TRUE,TRUE,TRUE,TRUE,TRUE,TRUE,TRUE,TRUE,TRUE,TRUE,FALSE,TRUE,FALSE,FALSE,FALSE,FALSE,FALSE,FALSE,FALSE,"Close[1] (4399.38000) did not close below Low[2] (4393.64000)","",0,0,0,0.00000,0.00000,0.00000,0.00000,"",0.00,0.00
2026.09.08 13:45:00,2026.09.08 13:45:00,2026.09.08 13:45:00,"10****84",XAUUSD,108151,2026.09.08 13:30:00,SELL,4418.11299,4446.21697,23.68,4402.20429,7.95571,8.40036,0.00000,4397.08000,0.00000,0.00000,0.00000,0.00000,0.00,0.00,0.00,0.00,0.00,0.00,0.00,"Loss: $0.00 (Max $50.00) | Losses: 0/Max 2","Loss: 0.00% / Max: 20.00%","DD: 6.50% / Max: 20.00% (HWM: $522.02)","BypassedInTester","ActiveSession",TRUE,TRUE,TRUE,TRUE,TRUE,TRUE,TRUE,TRUE,TRUE,TRUE,FALSE,TRUE,FALSE,FALSE,FALSE,FALSE,FALSE,FALSE,FALSE,"Close[1] (4397.08000) did not close below Low[2] (4395.98000)","",0,0,0,0.00000,0.00000,0.00000,0.00000,"",0.00,0.00
2026.09.08 14:00:00,2026.09.08 14:00:00,2026.09.08 14:00:00,"10****84",XAUUSD,108151,2026.09.08 13:45:00,SELL,4417.21601,4445.70974,23.04,4401.54103,8.03929,8.40036,0.00000,4395.24000,0.00000,0.00000,0.00000,0.00000,0.00,0.00,0.00,0.00,0.00,0.00,0.00,"Loss: $0.00 (Max $50.00) | Losses: 0/Max 2","Loss: 0.00% / Max: 20.00%","DD: 6.50% / Max: 20.00% (HWM: $522.02)","BypassedInTester","ActiveSession",TRUE,TRUE,TRUE,TRUE,TRUE,TRUE,TRUE,TRUE,TRUE,TRUE,FALSE,TRUE,FALSE,FALSE,FALSE,FALSE,FALSE,FALSE,FALSE,"Close[1] (4395.24000) did not close below Low[2] (4393.86000)","",0,0,0,0.00000,0.00000,0.00000,0.00000,"",0.00,0.00
2026.09.08 14:15:00,2026.09.08 14:15:00,2026.09.08 14:15:00,"10****84",XAUUSD,108151,2026.09.08 14:00:00,SELL,4417.21601,4445.70974,23.04,4400.92283,7.61714,8.40036,0.16000,4395.05000,4395.01000,4407.68000,4344.33000,12.67000,0.25,50.00,0.04,0.03,0.01,0.01,131.85,"Loss: $0.00 (Max $50.00) | Losses: 0/Max 2","Loss: 0.00% / Max: 20.00%","DD: 6.50% / Max: 20.00% (HWM: $522.02)","BypassedInTester","ActiveSession",TRUE,TRUE,TRUE,TRUE,TRUE,TRUE,TRUE,TRUE,TRUE,TRUE,TRUE,TRUE,TRUE,TRUE,TRUE,TRUE,TRUE,FALSE,FALSE,"Required margin $131.85 exceeds 20% of equity ($97.62)","",0,0,0,0.00000,0.00000,0.00000,0.00000,"",0.00,0.00
2026.09.08 14:30:00,2026.09.08 14:30:00,2026.09.08 14:30:00,"10****84",XAUUSD,108151,2026.09.08 14:15:00,SELL,4417.21601,4445.70974,23.04,4401.02066,7.67143,8.40036,0.00000,4401.95000,0.00000,0.00000,0.00000,0.00000,0.00,0.00,0.00,0.00,0.00,0.00,0.00,"Loss: $0.00 (Max $50.00) | Losses: 0/Max 2","Loss: 0.00% / Max: 20.00%","DD: 6.50% / Max: 20.00% (HWM: $522.02)","BypassedInTester","ActiveSession",TRUE,TRUE,TRUE,TRUE,TRUE,TRUE,TRUE,TRUE,TRUE,FALSE,FALSE,TRUE,FALSE,FALSE,FALSE,FALSE,FALSE,FALSE,FALSE,"No M15 candle in shifts 2-4 touched above EMA20","",0,0,0,0.00000,0.00000,0.00000,0.00000,"",0.00,0.00
2026.09.08 14:45:00,2026.09.08 14:45:00,2026.09.08 14:45:00,"10****84",XAUUSD,108151,2026.09.08 14:30:00,SELL,4417.21601,4445.70974,23.04,4401.25679,7.62786,8.40036,0.00000,4403.50000,0.00000,0.00000,0.00000,0.00000,0.00,0.00,0.00,0.00,0.00,0.00,0.00,"Loss: $0.00 (Max $50.00) | Losses: 0/Max 2","Loss: 0.00% / Max: 20.00%","DD: 6.50% / Max: 20.00% (HWM: $522.02)","BypassedInTester","ActiveSession",TRUE,TRUE,TRUE,TRUE,TRUE,TRUE,TRUE,TRUE,TRUE,TRUE,FALSE,TRUE,FALSE,FALSE,FALSE,FALSE,FALSE,FALSE,FALSE,"Close[1] (4403.50000) did not close below Low[2] (4394.87000)","",0,0,0,0.00000,0.00000,0.00000,0.00000,"",0.00,0.00
2026.09.08 15:00:00,2026.09.08 15:00:00,2026.09.08 15:00:00,"10****84",XAUUSD,108151,2026.09.08 14:45:00,SELL,4416.78990,4445.31810,23.12,4401.74186,7.76714,8.40036,0.00000,4406.35000,0.00000,0.00000,0.00000,0.00000,0.00,0.00,0.00,0.00,0.00,0.00,0.00,"Loss: $0.00 (Max $50.00) | Losses: 0/Max 2","Loss: 0.00% / Max: 20.00%","DD: 6.50% / Max: 20.00% (HWM: $522.02)","BypassedInTester","ActiveSession",TRUE,TRUE,TRUE,TRUE,TRUE,TRUE,TRUE,TRUE,TRUE,TRUE,FALSE,TRUE,FALSE,FALSE,FALSE,FALSE,FALSE,FALSE,FALSE,"Close[1] (4406.35000) did not close below Low[2] (4400.48000)","",0,0,0,0.00000,0.00000,0.00000,0.00000,"",0.00,0.00
2026.09.08 15:15:00,2026.09.08 15:15:00,2026.09.08 15:15:00,"10****84",XAUUSD,108151,2026.09.08 15:00:00,SELL,4416.78990,4445.31810,23.12,4400.79311,8.45500,8.40036,0.08000,4391.78000,4391.72000,4408.75000,4323.60000,17.03000,0.25,50.00,0.03,0.02,0.01,0.01,87.83,"Loss: $0.00 (Max $50.00) | Losses: 0/Max 2","Loss: 0.00% / Max: 20.00%","DD: 6.50% / Max: 20.00% (HWM: $522.02)","BypassedInTester","ActiveSession",TRUE,TRUE,TRUE,TRUE,TRUE,TRUE,TRUE,TRUE,TRUE,TRUE,TRUE,TRUE,TRUE,TRUE,TRUE,TRUE,TRUE,TRUE,TRUE,"","Executed successfully. Deal: 6, Price: 4391.72000, Vol: 0.02",10009,6,6,4391.72000,0.08000,0.00000,0.00000,"",0.00,0.00
2026.09.08 15:30:00,2026.09.08 15:30:00,2026.09.08 15:30:00,"10****84",XAUUSD,108151,2026.09.08 15:15:00,NONE,0.00000,0.00000,0.00,0.00000,0.00000,0.00000,0.00000,0.00000,0.00000,0.00000,0.00000,0.00000,0.00,0.00,0.00,0.00,0.00,0.00,0.00,"","","","","ActiveSession",TRUE,TRUE,TRUE,FALSE,FALSE,FALSE,FALSE,FALSE,FALSE,FALSE,FALSE,FALSE,FALSE,FALSE,FALSE,FALSE,FALSE,FALSE,FALSE,"EA already has an active open position","",0,0,0,0.00000,0.00000,0.00000,0.00000,"",0.00,0.00
2026.09.08 15:45:00,2026.09.08 15:45:00,2026.09.08 15:45:00,"10****84",XAUUSD,108151,2026.09.08 15:30:00,NONE,0.00000,0.00000,0.00,0.00000,0.00000,0.00000,0.00000,0.00000,0.00000,0.00000,0.00000,0.00000,0.00,0.00,0.00,0.00,0.00,0.00,0.00,"","","","","ActiveSession",TRUE,TRUE,TRUE,FALSE,FALSE,FALSE,FALSE,FALSE,FALSE,FALSE,FALSE,FALSE,FALSE,FALSE,FALSE,FALSE,FALSE,FALSE,FALSE,"EA already has an active open position","",0,0,0,0.00000,0.00000,0.00000,0.00000,"",0.00,0.00
2026.09.08 16:00:00,2026.09.08 16:00:00,2026.09.08 16:00:00,"10****84",XAUUSD,108151,2026.09.08 15:45:00,NONE,0.00000,0.00000,0.00,0.00000,0.00000,0.00000,0.00000,0.00000,0.00000,0.00000,0.00000,0.00000,0.00,0.00,0.00,0.00,0.00,0.00,0.00,"","","","","OutsideUTCWindow",TRUE,TRUE,FALSE,FALSE,FALSE,FALSE,FALSE,FALSE,FALSE,FALSE,FALSE,FALSE,FALSE,FALSE,FALSE,FALSE,FALSE,FALSE,FALSE,"Outside UTC session (08:00 - 16:00 UTC, Current: 16:00)","",0,0,0,0.00000,0.00000,0.00000,0.00000,"",0.00,0.00
2026.09.08 16:15:00,2026.09.08 16:15:00,2026.09.08 16:15:00,"10****84",XAUUSD,108151,2026.09.08 16:00:00,NONE,0.00000,0.00000,0.00,0.00000,0.00000,0.00000,0.00000,0.00000,0.00000,0.00000,0.00000,0.00000,0.00,0.00,0.00,0.00,0.00,0.00,0.00,"","","","","OutsideUTCWindow",TRUE,TRUE,FALSE,FALSE,FALSE,FALSE,FALSE,FALSE,FALSE,FALSE,FALSE,FALSE,FALSE,FALSE,FALSE,FALSE,FALSE,FALSE,FALSE,"Outside UTC session (08:00 - 16:00 UTC, Current: 16:15)","",0,0,0,0.00000,0.00000,0.00000,0.00000,"",0.00,0.00
2026.09.08 16:30:00,2026.09.08 16:30:00,2026.09.08 16:30:00,"10****84",XAUUSD,108151,2026.09.08 16:15:00,NONE,0.00000,0.00000,0.00,0.00000,0.00000,0.00000,0.00000,0.00000,0.00000,0.00000,0.00000,0.00000,0.00,0.00,0.00,0.00,0.00,0.00,0.00,"","","","","OutsideUTCWindow",TRUE,TRUE,FALSE,FALSE,FALSE,FALSE,FALSE,FALSE,FALSE,FALSE,FALSE,FALSE,FALSE,FALSE,FALSE,FALSE,FALSE,FALSE,FALSE,"Outside UTC session (08:00 - 16:00 UTC, Current: 16:30)","",0,0,0,0.00000,0.00000,0.00000,0.00000,"",0.00,0.00
2026.09.08 16:45:00,2026.09.08 16:45:00,2026.09.08 16:45:00,"10****84",XAUUSD,108151,2026.09.08 16:30:00,NONE,0.00000,0.00000,0.00,0.00000,0.00000,0.00000,0.00000,0.00000,0.00000,0.00000,0.00000,0.00000,0.00,0.00,0.00,0.00,0.00,0.00,0.00,"","","","","OutsideUTCWindow",TRUE,TRUE,FALSE,FALSE,FALSE,FALSE,FALSE,FALSE,FALSE,FALSE,FALSE,FALSE,FALSE,FALSE,FALSE,FALSE,FALSE,FALSE,FALSE,"Outside UTC session (08:00 - 16:00 UTC, Current: 16:45)","",0,0,0,0.00000,0.00000,0.00000,0.00000,"",0.00,0.00
2026.09.08 17:00:00,2026.09.08 17:00:00,2026.09.08 17:00:00,"10****84",XAUUSD,108151,2026.09.08 16:45:00,NONE,0.00000,0.00000,0.00,0.00000,0.00000,0.00000,0.00000,0.00000,0.00000,0.00000,0.00000,0.00000,0.00,0.00,0.00,0.00,0.00,0.00,0.00,"","","","","OutsideUTCWindow",TRUE,TRUE,FALSE,FALSE,FALSE,FALSE,FALSE,FALSE,FALSE,FALSE,FALSE,FALSE,FALSE,FALSE,FALSE,FALSE,FALSE,FALSE,FALSE,"Outside UTC session (08:00 - 16:00 UTC, Current: 17:00)","",0,0,0,0.00000,0.00000,0.00000,0.00000,"",0.00,0.00
2026.09.08 17:15:00,2026.09.08 17:15:00,2026.09.08 17:15:00,"10****84",XAUUSD,108151,2026.09.08 17:00:00,NONE,0.00000,0.00000,0.00,0.00000,0.00000,0.00000,0.00000,0.00000,0.00000,0.00000,0.00000,0.00000,0.00,0.00,0.00,0.00,0.00,0.00,0.00,"","","","","OutsideUTCWindow",TRUE,TRUE,FALSE,FALSE,FALSE,FALSE,FALSE,FALSE,FALSE,FALSE,FALSE,FALSE,FALSE,FALSE,FALSE,FALSE,FALSE,FALSE,FALSE,"Outside UTC session (08:00 - 16:00 UTC, Current: 17:15)","",0,0,0,0.00000,0.00000,0.00000,0.00000,"",0.00,0.00
2026.09.08 17:30:00,2026.09.08 17:30:00,2026.09.08 17:30:00,"10****84",XAUUSD,108151,2026.09.08 17:15:00,NONE,0.00000,0.00000,0.00,0.00000,0.00000,0.00000,0.00000,0.00000,0.00000,0.00000,0.00000,0.00000,0.00,0.00,0.00,0.00,0.00,0.00,0.00,"","","","","OutsideUTCWindow",TRUE,TRUE,FALSE,FALSE,FALSE,FALSE,FALSE,FALSE,FALSE,FALSE,FALSE,FALSE,FALSE,FALSE,FALSE,FALSE,FALSE,FALSE,FALSE,"Outside UTC session (08:00 - 16:00 UTC, Current: 17:30)","",0,0,0,0.00000,0.00000,0.00000,0.00000,"",0.00,0.00
2026.09.08 17:45:00,2026.09.08 17:45:00,2026.09.08 17:45:00,"10****84",XAUUSD,108151,2026.09.08 17:30:00,NONE,0.00000,0.00000,0.00,0.00000,0.00000,0.00000,0.00000,0.00000,0.00000,0.00000,0.00000,0.00000,0.00,0.00,0.00,0.00,0.00,0.00,0.00,"","","","","OutsideUTCWindow",TRUE,TRUE,FALSE,FALSE,FALSE,FALSE,FALSE,FALSE,FALSE,FALSE,FALSE,FALSE,FALSE,FALSE,FALSE,FALSE,FALSE,FALSE,FALSE,"Outside UTC session (08:00 - 16:00 UTC, Current: 17:45)","",0,0,0,0.00000,0.00000,0.00000,0.00000,"",0.00,0.00
2026.09.08 18:00:00,2026.09.08 18:00:00,2026.09.08 18:00:00,"10****84",XAUUSD,108151,2026.09.08 17:45:00,NONE,0.00000,0.00000,0.00,0.00000,0.00000,0.00000,0.00000,0.00000,0.00000,0.00000,0.00000,0.00000,0.00,0.00,0.00,0.00,0.00,0.00,0.00,"","","","","OutsideUTCWindow",TRUE,TRUE,FALSE,FALSE,FALSE,FALSE,FALSE,FALSE,FALSE,FALSE,FALSE,FALSE,FALSE,FALSE,FALSE,FALSE,FALSE,FALSE,FALSE,"Outside UTC session (08:00 - 16:00 UTC, Current: 18:00)","",0,0,0,0.00000,0.00000,0.00000,0.00000,"",0.00,0.00
2026.09.08 18:15:00,2026.09.08 18:15:00,2026.09.08 18:15:00,"10****84",XAUUSD,108151,2026.09.08 18:00:00,NONE,0.00000,0.00000,0.00,0.00000,0.00000,0.00000,0.00000,0.00000,0.00000,0.00000,0.00000,0.00000,0.00,0.00,0.00,0.00,0.00,0.00,0.00,"","","","","OutsideUTCWindow",TRUE,TRUE,FALSE,FALSE,FALSE,FALSE,FALSE,FALSE,FALSE,FALSE,FALSE,FALSE,FALSE,FALSE,FALSE,FALSE,FALSE,FALSE,FALSE,"Outside UTC session (08:00 - 16:00 UTC, Current: 18:15)","",0,0,0,0.00000,0.00000,0.00000,0.00000,"",0.00,0.00
2026.09.08 18:30:00,2026.09.08 18:30:00,2026.09.08 18:30:00,"10****84",XAUUSD,108151,2026.09.08 18:15:00,NONE,0.00000,0.00000,0.00,0.00000,0.00000,0.00000,0.00000,0.00000,0.00000,0.00000,0.00000,0.00000,0.00,0.00,0.00,0.00,0.00,0.00,0.00,"","","","","OutsideUTCWindow",TRUE,TRUE,FALSE,FALSE,FALSE,FALSE,FALSE,FALSE,FALSE,FALSE,FALSE,FALSE,FALSE,FALSE,FALSE,FALSE,FALSE,FALSE,FALSE,"Outside UTC session (08:00 - 16:00 UTC, Current: 18:30)","",0,0,0,0.00000,0.00000,0.00000,0.00000,"",0.00,0.00
2026.09.08 18:45:00,2026.09.08 18:45:00,2026.09.08 18:45:00,"10****84",XAUUSD,108151,2026.09.08 18:30:00,NONE,0.00000,0.00000,0.00,0.00000,0.00000,0.00000,0.00000,0.00000,0.00000,0.00000,0.00000,0.00000,0.00,0.00,0.00,0.00,0.00,0.00,0.00,"","","","","OutsideUTCWindow",TRUE,TRUE,FALSE,FALSE,FALSE,FALSE,FALSE,FALSE,FALSE,FALSE,FALSE,FALSE,FALSE,FALSE,FALSE,FALSE,FALSE,FALSE,FALSE,"Outside UTC session (08:00 - 16:00 UTC, Current: 18:45)","",0,0,0,0.00000,0.00000,0.00000,0.00000,"",0.00,0.00
2026.09.08 19:00:00,2026.09.08 19:00:00,2026.09.08 19:00:00,"10****84",XAUUSD,108151,2026.09.08 18:45:00,NONE,0.00000,0.00000,0.00,0.00000,0.00000,0.00000,0.00000,0.00000,0.00000,0.00000,0.00000,0.00000,0.00,0.00,0.00,0.00,0.00,0.00,0.00,"","","","","OutsideUTCWindow",TRUE,TRUE,FALSE,FALSE,FALSE,FALSE,FALSE,FALSE,FALSE,FALSE,FALSE,FALSE,FALSE,FALSE,FALSE,FALSE,FALSE,FALSE,FALSE,"Outside UTC session (08:00 - 16:00 UTC, Current: 19:00)","",0,0,0,0.00000,0.00000,0.00000,0.00000,"",0.00,0.00
2026.09.08 19:15:00,2026.09.08 19:15:00,2026.09.08 19:15:00,"10****84",XAUUSD,108151,2026.09.08 19:00:00,NONE,0.00000,0.00000,0.00,0.00000,0.00000,0.00000,0.00000,0.00000,0.00000,0.00000,0.00000,0.00000,0.00,0.00,0.00,0.00,0.00,0.00,0.00,"","","","","OutsideUTCWindow",TRUE,TRUE,FALSE,FALSE,FALSE,FALSE,FALSE,FALSE,FALSE,FALSE,FALSE,FALSE,FALSE,FALSE,FALSE,FALSE,FALSE,FALSE,FALSE,"Outside UTC session (08:00 - 16:00 UTC, Current: 19:15)","",0,0,0,0.00000,0.00000,0.00000,0.00000,"",0.00,0.00
2026.09.08 19:30:00,2026.09.08 19:30:00,2026.09.08 19:30:00,"10****84",XAUUSD,108151,2026.09.08 19:15:00,NONE,0.00000,0.00000,0.00,0.00000,0.00000,0.00000,0.00000,0.00000,0.00000,0.00000,0.00000,0.00000,0.00,0.00,0.00,0.00,0.00,0.00,0.00,"","","","","OutsideUTCWindow",TRUE,TRUE,FALSE,FALSE,FALSE,FALSE,FALSE,FALSE,FALSE,FALSE,FALSE,FALSE,FALSE,FALSE,FALSE,FALSE,FALSE,FALSE,FALSE,"Outside UTC session (08:00 - 16:00 UTC, Current: 19:30)","",0,0,0,0.00000,0.00000,0.00000,0.00000,"",0.00,0.00
2026.09.08 19:45:00,2026.09.08 19:45:00,2026.09.08 19:45:00,"10****84",XAUUSD,108151,2026.09.08 19:30:00,NONE,0.00000,0.00000,0.00,0.00000,0.00000,0.00000,0.00000,0.00000,0.00000,0.00000,0.00000,0.00000,0.00,0.00,0.00,0.00,0.00,0.00,0.00,"","","","","OutsideUTCWindow",TRUE,TRUE,FALSE,FALSE,FALSE,FALSE,FALSE,FALSE,FALSE,FALSE,FALSE,FALSE,FALSE,FALSE,FALSE,FALSE,FALSE,FALSE,FALSE,"Outside UTC session (08:00 - 16:00 UTC, Current: 19:45)","",0,0,0,0.00000,0.00000,0.00000,0.00000,"",0.00,0.00
2026.09.08 20:00:00,2026.09.08 20:00:00,2026.09.08 20:00:00,"10****84",XAUUSD,108151,2026.09.08 19:45:00,NONE,0.00000,0.00000,0.00,0.00000,0.00000,0.00000,0.00000,0.00000,0.00000,0.00000,0.00000,0.00000,0.00,0.00,0.00,0.00,0.00,0.00,0.00,"","","","","OutsideUTCWindow",TRUE,TRUE,FALSE,FALSE,FALSE,FALSE,FALSE,FALSE,FALSE,FALSE,FALSE,FALSE,FALSE,FALSE,FALSE,FALSE,FALSE,FALSE,FALSE,"Outside UTC session (08:00 - 16:00 UTC, Current: 20:00)","",0,0,0,0.00000,0.00000,0.00000,0.00000,"",0.00,0.00
2026.09.08 20:15:00,2026.09.08 20:15:00,2026.09.08 20:15:00,"10****84",XAUUSD,108151,2026.09.08 20:00:00,NONE,0.00000,0.00000,0.00,0.00000,0.00000,0.00000,0.00000,0.00000,0.00000,0.00000,0.00000,0.00000,0.00,0.00,0.00,0.00,0.00,0.00,0.00,"","","","","OutsideUTCWindow",TRUE,TRUE,FALSE,FALSE,FALSE,FALSE,FALSE,FALSE,FALSE,FALSE,FALSE,FALSE,FALSE,FALSE,FALSE,FALSE,FALSE,FALSE,FALSE,"Outside UTC session (08:00 - 16:00 UTC, Current: 20:15)","",0,0,0,0.00000,0.00000,0.00000,0.00000,"",0.00,0.00
2026.09.08 20:30:00,2026.09.08 20:30:00,2026.09.08 20:30:00,"10****84",XAUUSD,108151,2026.09.08 20:15:00,NONE,0.00000,0.00000,0.00,0.00000,0.00000,0.00000,0.00000,0.00000,0.00000,0.00000,0.00000,0.00000,0.00,0.00,0.00,0.00,0.00,0.00,0.00,"","","","","OutsideUTCWindow",TRUE,TRUE,FALSE,FALSE,FALSE,FALSE,FALSE,FALSE,FALSE,FALSE,FALSE,FALSE,FALSE,FALSE,FALSE,FALSE,FALSE,FALSE,FALSE,"Outside UTC session (08:00 - 16:00 UTC, Current: 20:30)","",0,0,0,0.00000,0.00000,0.00000,0.00000,"",0.00,0.00
2026.09.08 20:45:00,2026.09.08 20:45:00,2026.09.08 20:45:00,"10****84",XAUUSD,108151,2026.09.08 20:30:00,NONE,0.00000,0.00000,0.00,0.00000,0.00000,0.00000,0.00000,0.00000,0.00000,0.00000,0.00000,0.00000,0.00,0.00,0.00,0.00,0.00,0.00,0.00,"","","","","OutsideUTCWindow",TRUE,TRUE,FALSE,FALSE,FALSE,FALSE,FALSE,FALSE,FALSE,FALSE,FALSE,FALSE,FALSE,FALSE,FALSE,FALSE,FALSE,FALSE,FALSE,"Outside UTC session (08:00 - 16:00 UTC, Current: 20:45)","",0,0,0,0.00000,0.00000,0.00000,0.00000,"",0.00,0.00
2026.09.08 21:00:00,2026.09.08 21:00:00,2026.09.08 21:00:00,"10****84",XAUUSD,108151,2026.09.08 20:45:00,NONE,0.00000,0.00000,0.00,0.00000,0.00000,0.00000,0.00000,0.00000,0.00000,0.00000,0.00000,0.00000,0.00,0.00,0.00,0.00,0.00,0.00,0.00,"","","","","OutsideUTCWindow",TRUE,TRUE,FALSE,FALSE,FALSE,FALSE,FALSE,FALSE,FALSE,FALSE,FALSE,FALSE,FALSE,FALSE,FALSE,FALSE,FALSE,FALSE,FALSE,"Outside UTC session (08:00 - 16:00 UTC, Current: 21:00)","",0,0,0,0.00000,0.00000,0.00000,0.00000,"",0.00,0.00
2026.09.08 21:15:00,2026.09.08 21:15:00,2026.09.08 21:15:00,"10****84",XAUUSD,108151,2026.09.08 21:00:00,NONE,0.00000,0.00000,0.00,0.00000,0.00000,0.00000,0.00000,0.00000,0.00000,0.00000,0.00000,0.00000,0.00,0.00,0.00,0.00,0.00,0.00,0.00,"","","","","OutsideUTCWindow",TRUE,TRUE,FALSE,FALSE,FALSE,FALSE,FALSE,FALSE,FALSE,FALSE,FALSE,FALSE,FALSE,FALSE,FALSE,FALSE,FALSE,FALSE,FALSE,"Outside UTC session (08:00 - 16:00 UTC, Current: 21:15)","",0,0,0,0.00000,0.00000,0.00000,0.00000,"",0.00,0.00
2026.09.08 21:30:00,2026.09.08 21:30:00,2026.09.08 21:30:00,"10****84",XAUUSD,108151,2026.09.08 21:15:00,NONE,0.00000,0.00000,0.00,0.00000,0.00000,0.00000,0.00000,0.00000,0.00000,0.00000,0.00000,0.00000,0.00,0.00,0.00,0.00,0.00,0.00,0.00,"","","","","OutsideUTCWindow",TRUE,TRUE,FALSE,FALSE,FALSE,FALSE,FALSE,FALSE,FALSE,FALSE,FALSE,FALSE,FALSE,FALSE,FALSE,FALSE,FALSE,FALSE,FALSE,"Outside UTC session (08:00 - 16:00 UTC, Current: 21:30)","",0,0,0,0.00000,0.00000,0.00000,0.00000,"",0.00,0.00
2026.09.08 21:45:00,2026.09.08 21:45:00,2026.09.08 21:45:00,"10****84",XAUUSD,108151,2026.09.08 21:30:00,NONE,0.00000,0.00000,0.00,0.00000,0.00000,0.00000,0.00000,0.00000,0.00000,0.00000,0.00000,0.00000,0.00,0.00,0.00,0.00,0.00,0.00,0.00,"","","","","OutsideUTCWindow",TRUE,TRUE,FALSE,FALSE,FALSE,FALSE,FALSE,FALSE,FALSE,FALSE,FALSE,FALSE,FALSE,FALSE,FALSE,FALSE,FALSE,FALSE,FALSE,"Outside UTC session (08:00 - 16:00 UTC, Current: 21:45)","",0,0,0,0.00000,0.00000,0.00000,0.00000,"",0.00,0.00
2026.09.08 22:00:00,2026.09.08 22:00:00,2026.09.08 22:00:00,"10****84",XAUUSD,108151,2026.09.08 21:45:00,NONE,0.00000,0.00000,0.00,0.00000,0.00000,0.00000,0.00000,0.00000,0.00000,0.00000,0.00000,0.00000,0.00,0.00,0.00,0.00,0.00,0.00,0.00,"","","","","OutsideUTCWindow",TRUE,TRUE,FALSE,FALSE,FALSE,FALSE,FALSE,FALSE,FALSE,FALSE,FALSE,FALSE,FALSE,FALSE,FALSE,FALSE,FALSE,FALSE,FALSE,"Outside UTC session (08:00 - 16:00 UTC, Current: 22:00)","",0,0,0,0.00000,0.00000,0.00000,0.00000,"",0.00,0.00
2026.09.08 22:15:00,2026.09.08 22:15:00,2026.09.08 22:15:00,"10****84",XAUUSD,108151,2026.09.08 22:00:00,NONE,0.00000,0.00000,0.00,0.00000,0.00000,0.00000,0.00000,0.00000,0.00000,0.00000,0.00000,0.00000,0.00,0.00,0.00,0.00,0.00,0.00,0.00,"","","","","OutsideUTCWindow",TRUE,TRUE,FALSE,FALSE,FALSE,FALSE,FALSE,FALSE,FALSE,FALSE,FALSE,FALSE,FALSE,FALSE,FALSE,FALSE,FALSE,FALSE,FALSE,"Outside UTC session (08:00 - 16:00 UTC, Current: 22:15)","",0,0,0,0.00000,0.00000,0.00000,0.00000,"",0.00,0.00
2026.09.08 22:30:00,2026.09.08 22:30:00,2026.09.08 22:30:00,"10****84",XAUUSD,108151,2026.09.08 22:15:00,NONE,0.00000,0.00000,0.00,0.00000,0.00000,0.00000,0.00000,0.00000,0.00000,0.00000,0.00000,0.00000,0.00,0.00,0.00,0.00,0.00,0.00,0.00,"","","","","OutsideUTCWindow",TRUE,TRUE,FALSE,FALSE,FALSE,FALSE,FALSE,FALSE,FALSE,FALSE,FALSE,FALSE,FALSE,FALSE,FALSE,FALSE,FALSE,FALSE,FALSE,"Outside UTC session (08:00 - 16:00 UTC, Current: 22:30)","",0,0,0,0.00000,0.00000,0.00000,0.00000,"",0.00,0.00
2026.09.08 22:45:00,2026.09.08 22:45:00,2026.09.08 22:45:00,"10****84",XAUUSD,108151,2026.09.08 22:30:00,NONE,0.00000,0.00000,0.00,0.00000,0.00000,0.00000,0.00000,0.00000,0.00000,0.00000,0.00000,0.00000,0.00,0.00,0.00,0.00,0.00,0.00,0.00,"","","","","OutsideUTCWindow",TRUE,TRUE,FALSE,FALSE,FALSE,FALSE,FALSE,FALSE,FALSE,FALSE,FALSE,FALSE,FALSE,FALSE,FALSE,FALSE,FALSE,FALSE,FALSE,"Outside UTC session (08:00 - 16:00 UTC, Current: 22:45)","",0,0,0,0.00000,0.00000,0.00000,0.00000,"",0.00,0.00
2026.09.09 01:00:00,2026.09.09 01:00:00,2026.09.09 01:00:00,"10****84",XAUUSD,108151,2026.09.08 22:45:00,NONE,0.00000,0.00000,0.00,0.00000,0.00000,0.00000,0.00000,0.00000,0.00000,0.00000,0.00000,0.00000,0.00,0.00,0.00,0.00,0.00,0.00,0.00,"","","","","OutsideUTCWindow",TRUE,TRUE,FALSE,FALSE,FALSE,FALSE,FALSE,FALSE,FALSE,FALSE,FALSE,FALSE,FALSE,FALSE,FALSE,FALSE,FALSE,FALSE,FALSE,"Outside UTC session (08:00 - 16:00 UTC, Current: 01:00)","",0,0,0,0.00000,0.00000,0.00000,0.00000,"",0.00,0.00
2026.09.09 01:15:00,2026.09.09 01:15:00,2026.09.09 01:15:00,"10****84",XAUUSD,108151,2026.09.09 01:00:00,NONE,0.00000,0.00000,0.00,0.00000,0.00000,0.00000,0.00000,0.00000,0.00000,0.00000,0.00000,0.00000,0.00,0.00,0.00,0.00,0.00,0.00,0.00,"","","","","OutsideUTCWindow",TRUE,TRUE,FALSE,FALSE,FALSE,FALSE,FALSE,FALSE,FALSE,FALSE,FALSE,FALSE,FALSE,FALSE,FALSE,FALSE,FALSE,FALSE,FALSE,"Outside UTC session (08:00 - 16:00 UTC, Current: 01:15)","",0,0,0,0.00000,0.00000,0.00000,0.00000,"",0.00,0.00
2026.09.09 01:30:00,2026.09.09 01:30:00,2026.09.09 01:30:00,"10****84",XAUUSD,108151,2026.09.09 01:15:00,NONE,0.00000,0.00000,0.00,0.00000,0.00000,0.00000,0.00000,0.00000,0.00000,0.00000,0.00000,0.00000,0.00,0.00,0.00,0.00,0.00,0.00,0.00,"","","","","OutsideUTCWindow",TRUE,TRUE,FALSE,FALSE,FALSE,FALSE,FALSE,FALSE,FALSE,FALSE,FALSE,FALSE,FALSE,FALSE,FALSE,FALSE,FALSE,FALSE,FALSE,"Outside UTC session (08:00 - 16:00 UTC, Current: 01:30)","",0,0,0,0.00000,0.00000,0.00000,0.00000,"",0.00,0.00
2026.09.09 01:45:00,2026.09.09 01:45:00,2026.09.09 01:45:00,"10****84",XAUUSD,108151,2026.09.09 01:30:00,NONE,0.00000,0.00000,0.00,0.00000,0.00000,0.00000,0.00000,0.00000,0.00000,0.00000,0.00000,0.00000,0.00,0.00,0.00,0.00,0.00,0.00,0.00,"","","","","OutsideUTCWindow",TRUE,TRUE,FALSE,FALSE,FALSE,FALSE,FALSE,FALSE,FALSE,FALSE,FALSE,FALSE,FALSE,FALSE,FALSE,FALSE,FALSE,FALSE,FALSE,"Outside UTC session (08:00 - 16:00 UTC, Current: 01:45)","",0,0,0,0.00000,0.00000,0.00000,0.00000,"",0.00,0.00
2026.09.09 02:00:00,2026.09.09 02:00:00,2026.09.09 02:00:00,"10****84",XAUUSD,108151,2026.09.09 01:45:00,NONE,0.00000,0.00000,0.00,0.00000,0.00000,0.00000,0.00000,0.00000,0.00000,0.00000,0.00000,0.00000,0.00,0.00,0.00,0.00,0.00,0.00,0.00,"","","","","OutsideUTCWindow",TRUE,TRUE,FALSE,FALSE,FALSE,FALSE,FALSE,FALSE,FALSE,FALSE,FALSE,FALSE,FALSE,FALSE,FALSE,FALSE,FALSE,FALSE,FALSE,"Outside UTC session (08:00 - 16:00 UTC, Current: 02:00)","",0,0,0,0.00000,0.00000,0.00000,0.00000,"",0.00,0.00
2026.09.09 02:15:00,2026.09.09 02:15:00,2026.09.09 02:15:00,"10****84",XAUUSD,108151,2026.09.09 02:00:00,NONE,0.00000,0.00000,0.00,0.00000,0.00000,0.00000,0.00000,0.00000,0.00000,0.00000,0.00000,0.00000,0.00,0.00,0.00,0.00,0.00,0.00,0.00,"","","","","OutsideUTCWindow",TRUE,TRUE,FALSE,FALSE,FALSE,FALSE,FALSE,FALSE,FALSE,FALSE,FALSE,FALSE,FALSE,FALSE,FALSE,FALSE,FALSE,FALSE,FALSE,"Outside UTC session (08:00 - 16:00 UTC, Current: 02:15)","",0,0,0,0.00000,0.00000,0.00000,0.00000,"",0.00,0.00
2026.09.09 02:30:00,2026.09.09 02:30:00,2026.09.09 02:30:00,"10****84",XAUUSD,108151,2026.09.09 02:15:00,NONE,0.00000,0.00000,0.00,0.00000,0.00000,0.00000,0.00000,0.00000,0.00000,0.00000,0.00000,0.00000,0.00,0.00,0.00,0.00,0.00,0.00,0.00,"","","","","OutsideUTCWindow",TRUE,TRUE,FALSE,FALSE,FALSE,FALSE,FALSE,FALSE,FALSE,FALSE,FALSE,FALSE,FALSE,FALSE,FALSE,FALSE,FALSE,FALSE,FALSE,"Outside UTC session (08:00 - 16:00 UTC, Current: 02:30)","",0,0,0,0.00000,0.00000,0.00000,0.00000,"",0.00,0.00
2026.09.09 02:45:00,2026.09.09 02:45:00,2026.09.09 02:45:00,"10****84",XAUUSD,108151,2026.09.09 02:30:00,NONE,0.00000,0.00000,0.00,0.00000,0.00000,0.00000,0.00000,0.00000,0.00000,0.00000,0.00000,0.00000,0.00,0.00,0.00,0.00,0.00,0.00,0.00,"","","","","OutsideUTCWindow",TRUE,TRUE,FALSE,FALSE,FALSE,FALSE,FALSE,FALSE,FALSE,FALSE,FALSE,FALSE,FALSE,FALSE,FALSE,FALSE,FALSE,FALSE,FALSE,"Outside UTC session (08:00 - 16:00 UTC, Current: 02:45)","",0,0,0,0.00000,0.00000,0.00000,0.00000,"",0.00,0.00
2026.09.09 03:00:00,2026.09.09 03:00:00,2026.09.09 03:00:00,"10****84",XAUUSD,108151,2026.09.09 02:45:00,NONE,0.00000,0.00000,0.00,0.00000,0.00000,0.00000,0.00000,0.00000,0.00000,0.00000,0.00000,0.00000,0.00,0.00,0.00,0.00,0.00,0.00,0.00,"","","","","OutsideUTCWindow",TRUE,TRUE,FALSE,FALSE,FALSE,FALSE,FALSE,FALSE,FALSE,FALSE,FALSE,FALSE,FALSE,FALSE,FALSE,FALSE,FALSE,FALSE,FALSE,"Outside UTC session (08:00 - 16:00 UTC, Current: 03:00)","",0,0,0,0.00000,0.00000,0.00000,0.00000,"",0.00,0.00
2026.09.09 03:15:00,2026.09.09 03:15:00,2026.09.09 03:15:00,"10****84",XAUUSD,108151,2026.09.09 03:00:00,NONE,0.00000,0.00000,0.00,0.00000,0.00000,0.00000,0.00000,0.00000,0.00000,0.00000,0.00000,0.00000,0.00,0.00,0.00,0.00,0.00,0.00,0.00,"","","","","OutsideUTCWindow",TRUE,TRUE,FALSE,FALSE,FALSE,FALSE,FALSE,FALSE,FALSE,FALSE,FALSE,FALSE,FALSE,FALSE,FALSE,FALSE,FALSE,FALSE,FALSE,"Outside UTC session (08:00 - 16:00 UTC, Current: 03:15)","",0,0,0,0.00000,0.00000,0.00000,0.00000,"",0.00,0.00
2026.09.09 03:30:00,2026.09.09 03:30:00,2026.09.09 03:30:00,"10****84",XAUUSD,108151,2026.09.09 03:15:00,NONE,0.00000,0.00000,0.00,0.00000,0.00000,0.00000,0.00000,0.00000,0.00000,0.00000,0.00000,0.00000,0.00,0.00,0.00,0.00,0.00,0.00,0.00,"","","","","OutsideUTCWindow",TRUE,TRUE,FALSE,FALSE,FALSE,FALSE,FALSE,FALSE,FALSE,FALSE,FALSE,FALSE,FALSE,FALSE,FALSE,FALSE,FALSE,FALSE,FALSE,"Outside UTC session (08:00 - 16:00 UTC, Current: 03:30)","",0,0,0,0.00000,0.00000,0.00000,0.00000,"",0.00,0.00
2026.09.09 03:45:00,2026.09.09 03:45:00,2026.09.09 03:45:00,"10****84",XAUUSD,108151,2026.09.09 03:30:00,NONE,0.00000,0.00000,0.00,0.00000,0.00000,0.00000,0.00000,0.00000,0.00000,0.00000,0.00000,0.00000,0.00,0.00,0.00,0.00,0.00,0.00,0.00,"","","","","OutsideUTCWindow",TRUE,TRUE,FALSE,FALSE,FALSE,FALSE,FALSE,FALSE,FALSE,FALSE,FALSE,FALSE,FALSE,FALSE,FALSE,FALSE,FALSE,FALSE,FALSE,"Outside UTC session (08:00 - 16:00 UTC, Current: 03:45)","",0,0,0,0.00000,0.00000,0.00000,0.00000,"",0.00,0.00
2026.09.09 04:00:00,2026.09.09 04:00:00,2026.09.09 04:00:00,"10****84",XAUUSD,108151,2026.09.09 03:45:00,NONE,0.00000,0.00000,0.00,0.00000,0.00000,0.00000,0.00000,0.00000,0.00000,0.00000,0.00000,0.00000,0.00,0.00,0.00,0.00,0.00,0.00,0.00,"","","","","OutsideUTCWindow",TRUE,TRUE,FALSE,FALSE,FALSE,FALSE,FALSE,FALSE,FALSE,FALSE,FALSE,FALSE,FALSE,FALSE,FALSE,FALSE,FALSE,FALSE,FALSE,"Outside UTC session (08:00 - 16:00 UTC, Current: 04:00)","",0,0,0,0.00000,0.00000,0.00000,0.00000,"",0.00,0.00
2026.09.09 04:15:00,2026.09.09 04:15:00,2026.09.09 04:15:00,"10****84",XAUUSD,108151,2026.09.09 04:00:00,NONE,0.00000,0.00000,0.00,0.00000,0.00000,0.00000,0.00000,0.00000,0.00000,0.00000,0.00000,0.00000,0.00,0.00,0.00,0.00,0.00,0.00,0.00,"","","","","OutsideUTCWindow",TRUE,TRUE,FALSE,FALSE,FALSE,FALSE,FALSE,FALSE,FALSE,FALSE,FALSE,FALSE,FALSE,FALSE,FALSE,FALSE,FALSE,FALSE,FALSE,"Outside UTC session (08:00 - 16:00 UTC, Current: 04:15)","",0,0,0,0.00000,0.00000,0.00000,0.00000,"",0.00,0.00
2026.09.09 04:30:00,2026.09.09 04:30:00,2026.09.09 04:30:00,"10****84",XAUUSD,108151,2026.09.09 04:15:00,NONE,0.00000,0.00000,0.00,0.00000,0.00000,0.00000,0.00000,0.00000,0.00000,0.00000,0.00000,0.00000,0.00,0.00,0.00,0.00,0.00,0.00,0.00,"","","","","OutsideUTCWindow",TRUE,TRUE,FALSE,FALSE,FALSE,FALSE,FALSE,FALSE,FALSE,FALSE,FALSE,FALSE,FALSE,FALSE,FALSE,FALSE,FALSE,FALSE,FALSE,"Outside UTC session (08:00 - 16:00 UTC, Current: 04:30)","",0,0,0,0.00000,0.00000,0.00000,0.00000,"",0.00,0.00
2026.09.09 04:45:00,2026.09.09 04:45:00,2026.09.09 04:45:00,"10****84",XAUUSD,108151,2026.09.09 04:30:00,NONE,0.00000,0.00000,0.00,0.00000,0.00000,0.00000,0.00000,0.00000,0.00000,0.00000,0.00000,0.00000,0.00,0.00,0.00,0.00,0.00,0.00,0.00,"","","","","OutsideUTCWindow",TRUE,TRUE,FALSE,FALSE,FALSE,FALSE,FALSE,FALSE,FALSE,FALSE,FALSE,FALSE,FALSE,FALSE,FALSE,FALSE,FALSE,FALSE,FALSE,"Outside UTC session (08:00 - 16:00 UTC, Current: 04:45)","",0,0,0,0.00000,0.00000,0.00000,0.00000,"",0.00,0.00
2026.09.09 05:00:00,2026.09.09 05:00:00,2026.09.09 05:00:00,"10****84",XAUUSD,108151,2026.09.09 04:45:00,NONE,0.00000,0.00000,0.00,0.00000,0.00000,0.00000,0.00000,0.00000,0.00000,0.00000,0.00000,0.00000,0.00,0.00,0.00,0.00,0.00,0.00,0.00,"","","","","OutsideUTCWindow",TRUE,TRUE,FALSE,FALSE,FALSE,FALSE,FALSE,FALSE,FALSE,FALSE,FALSE,FALSE,FALSE,FALSE,FALSE,FALSE,FALSE,FALSE,FALSE,"Outside UTC session (08:00 - 16:00 UTC, Current: 05:00)","",0,0,0,0.00000,0.00000,0.00000,0.00000,"",0.00,0.00
2026.09.09 05:15:00,2026.09.09 05:15:00,2026.09.09 05:15:00,"10****84",XAUUSD,108151,2026.09.09 05:00:00,NONE,0.00000,0.00000,0.00,0.00000,0.00000,0.00000,0.00000,0.00000,0.00000,0.00000,0.00000,0.00000,0.00,0.00,0.00,0.00,0.00,0.00,0.00,"","","","","OutsideUTCWindow",TRUE,TRUE,FALSE,FALSE,FALSE,FALSE,FALSE,FALSE,FALSE,FALSE,FALSE,FALSE,FALSE,FALSE,FALSE,FALSE,FALSE,FALSE,FALSE,"Outside UTC session (08:00 - 16:00 UTC, Current: 05:15)","",0,0,0,0.00000,0.00000,0.00000,0.00000,"",0.00,0.00
2026.09.09 05:30:00,2026.09.09 05:30:00,2026.09.09 05:30:00,"10****84",XAUUSD,108151,2026.09.09 05:15:00,NONE,0.00000,0.00000,0.00,0.00000,0.00000,0.00000,0.00000,0.00000,0.00000,0.00000,0.00000,0.00000,0.00,0.00,0.00,0.00,0.00,0.00,0.00,"","","","","OutsideUTCWindow",TRUE,TRUE,FALSE,FALSE,FALSE,FALSE,FALSE,FALSE,FALSE,FALSE,FALSE,FALSE,FALSE,FALSE,FALSE,FALSE,FALSE,FALSE,FALSE,"Outside UTC session (08:00 - 16:00 UTC, Current: 05:30)","",0,0,0,0.00000,0.00000,0.00000,0.00000,"",0.00,0.00
2026.09.09 05:45:00,2026.09.09 05:45:00,2026.09.09 05:45:00,"10****84",XAUUSD,108151,2026.09.09 05:30:00,NONE,0.00000,0.00000,0.00,0.00000,0.00000,0.00000,0.00000,0.00000,0.00000,0.00000,0.00000,0.00000,0.00,0.00,0.00,0.00,0.00,0.00,0.00,"","","","","OutsideUTCWindow",TRUE,TRUE,FALSE,FALSE,FALSE,FALSE,FALSE,FALSE,FALSE,FALSE,FALSE,FALSE,FALSE,FALSE,FALSE,FALSE,FALSE,FALSE,FALSE,"Outside UTC session (08:00 - 16:00 UTC, Current: 05:45)","",0,0,0,0.00000,0.00000,0.00000,0.00000,"",0.00,0.00
2026.09.09 06:00:00,2026.09.09 06:00:00,2026.09.09 06:00:00,"10****84",XAUUSD,108151,2026.09.09 05:45:00,NONE,0.00000,0.00000,0.00,0.00000,0.00000,0.00000,0.00000,0.00000,0.00000,0.00000,0.00000,0.00000,0.00,0.00,0.00,0.00,0.00,0.00,0.00,"","","","","OutsideUTCWindow",TRUE,TRUE,FALSE,FALSE,FALSE,FALSE,FALSE,FALSE,FALSE,FALSE,FALSE,FALSE,FALSE,FALSE,FALSE,FALSE,FALSE,FALSE,FALSE,"Outside UTC session (08:00 - 16:00 UTC, Current: 06:00)","",0,0,0,0.00000,0.00000,0.00000,0.00000,"",0.00,0.00
2026.09.09 06:15:00,2026.09.09 06:15:00,2026.09.09 06:15:00,"10****84",XAUUSD,108151,2026.09.09 06:00:00,NONE,0.00000,0.00000,0.00,0.00000,0.00000,0.00000,0.00000,0.00000,0.00000,0.00000,0.00000,0.00000,0.00,0.00,0.00,0.00,0.00,0.00,0.00,"","","","","OutsideUTCWindow",TRUE,TRUE,FALSE,FALSE,FALSE,FALSE,FALSE,FALSE,FALSE,FALSE,FALSE,FALSE,FALSE,FALSE,FALSE,FALSE,FALSE,FALSE,FALSE,"Outside UTC session (08:00 - 16:00 UTC, Current: 06:15)","",0,0,0,0.00000,0.00000,0.00000,0.00000,"",0.00,0.00
2026.09.09 06:30:00,2026.09.09 06:30:00,2026.09.09 06:30:00,"10****84",XAUUSD,108151,2026.09.09 06:15:00,NONE,0.00000,0.00000,0.00,0.00000,0.00000,0.00000,0.00000,0.00000,0.00000,0.00000,0.00000,0.00000,0.00,0.00,0.00,0.00,0.00,0.00,0.00,"","","","","OutsideUTCWindow",TRUE,TRUE,FALSE,FALSE,FALSE,FALSE,FALSE,FALSE,FALSE,FALSE,FALSE,FALSE,FALSE,FALSE,FALSE,FALSE,FALSE,FALSE,FALSE,"Outside UTC session (08:00 - 16:00 UTC, Current: 06:30)","",0,0,0,0.00000,0.00000,0.00000,0.00000,"",0.00,0.00
2026.09.09 06:45:00,2026.09.09 06:45:00,2026.09.09 06:45:00,"10****84",XAUUSD,108151,2026.09.09 06:30:00,NONE,0.00000,0.00000,0.00,0.00000,0.00000,0.00000,0.00000,0.00000,0.00000,0.00000,0.00000,0.00000,0.00,0.00,0.00,0.00,0.00,0.00,0.00,"","","","","OutsideUTCWindow",TRUE,TRUE,FALSE,FALSE,FALSE,FALSE,FALSE,FALSE,FALSE,FALSE,FALSE,FALSE,FALSE,FALSE,FALSE,FALSE,FALSE,FALSE,FALSE,"Outside UTC session (08:00 - 16:00 UTC, Current: 06:45)","",0,0,0,0.00000,0.00000,0.00000,0.00000,"",0.00,0.00
2026.09.09 07:00:00,2026.09.09 07:00:00,2026.09.09 07:00:00,"10****84",XAUUSD,108151,2026.09.09 06:45:00,NONE,0.00000,0.00000,0.00,0.00000,0.00000,0.00000,0.00000,0.00000,0.00000,0.00000,0.00000,0.00000,0.00,0.00,0.00,0.00,0.00,0.00,0.00,"","","","","OutsideUTCWindow",TRUE,TRUE,FALSE,FALSE,FALSE,FALSE,FALSE,FALSE,FALSE,FALSE,FALSE,FALSE,FALSE,FALSE,FALSE,FALSE,FALSE,FALSE,FALSE,"Outside UTC session (08:00 - 16:00 UTC, Current: 07:00)","",0,0,0,0.00000,0.00000,0.00000,0.00000,"",0.00,0.00
2026.09.09 07:15:00,2026.09.09 07:15:00,2026.09.09 07:15:00,"10****84",XAUUSD,108151,2026.09.09 07:00:00,NONE,0.00000,0.00000,0.00,0.00000,0.00000,0.00000,0.00000,0.00000,0.00000,0.00000,0.00000,0.00000,0.00,0.00,0.00,0.00,0.00,0.00,0.00,"","","","","OutsideUTCWindow",TRUE,TRUE,FALSE,FALSE,FALSE,FALSE,FALSE,FALSE,FALSE,FALSE,FALSE,FALSE,FALSE,FALSE,FALSE,FALSE,FALSE,FALSE,FALSE,"Outside UTC session (08:00 - 16:00 UTC, Current: 07:15)","",0,0,0,0.00000,0.00000,0.00000,0.00000,"",0.00,0.00
2026.09.09 07:30:00,2026.09.09 07:30:00,2026.09.09 07:30:00,"10****84",XAUUSD,108151,2026.09.09 07:15:00,NONE,0.00000,0.00000,0.00,0.00000,0.00000,0.00000,0.00000,0.00000,0.00000,0.00000,0.00000,0.00000,0.00,0.00,0.00,0.00,0.00,0.00,0.00,"","","","","OutsideUTCWindow",TRUE,TRUE,FALSE,FALSE,FALSE,FALSE,FALSE,FALSE,FALSE,FALSE,FALSE,FALSE,FALSE,FALSE,FALSE,FALSE,FALSE,FALSE,FALSE,"Outside UTC session (08:00 - 16:00 UTC, Current: 07:30)","",0,0,0,0.00000,0.00000,0.00000,0.00000,"",0.00,0.00
2026.09.09 07:45:00,2026.09.09 07:45:00,2026.09.09 07:45:00,"10****84",XAUUSD,108151,2026.09.09 07:30:00,NONE,0.00000,0.00000,0.00,0.00000,0.00000,0.00000,0.00000,0.00000,0.00000,0.00000,0.00000,0.00000,0.00,0.00,0.00,0.00,0.00,0.00,0.00,"","","","","OutsideUTCWindow",TRUE,TRUE,FALSE,FALSE,FALSE,FALSE,FALSE,FALSE,FALSE,FALSE,FALSE,FALSE,FALSE,FALSE,FALSE,FALSE,FALSE,FALSE,FALSE,"Outside UTC session (08:00 - 16:00 UTC, Current: 07:45)","",0,0,0,0.00000,0.00000,0.00000,0.00000,"",0.00,0.00
2026.09.09 08:00:00,2026.09.09 08:00:00,2026.09.09 08:00:00,"10****84",XAUUSD,108151,2026.09.09 07:45:00,SELL,4399.41284,4436.15250,30.15,4374.17843,6.00786,8.73929,0.00000,4381.45000,0.00000,0.00000,0.00000,0.00000,0.00,0.00,0.00,0.00,0.00,0.00,0.00,"Loss: $0.00 (Max $50.00) | Losses: 0/Max 2","Loss: 1.46% / Max: 20.00%","DD: 13.03% / Max: 20.00% (HWM: $522.02)","BypassedInTester","ActiveSession",TRUE,TRUE,TRUE,TRUE,TRUE,TRUE,TRUE,TRUE,TRUE,TRUE,FALSE,TRUE,FALSE,FALSE,FALSE,FALSE,FALSE,FALSE,FALSE,"Close[1] (4381.45000) did not close below Low[2] (4376.20000)","",0,0,0,0.00000,0.00000,0.00000,0.00000,"",0.00,0.00
2026.09.09 08:15:00,2026.09.09 08:15:00,2026.09.09 08:15:00,"10****84",XAUUSD,108151,2026.09.09 08:00:00,SELL,4399.41284,4436.15250,30.15,4375.45572,6.01857,8.69821,0.00000,4387.59000,0.00000,0.00000,0.00000,0.00000,0.00,0.00,0.00,0.00,0.00,0.00,0.00,"Loss: $0.00 (Max $50.00) | Losses: 0/Max 2","Loss: 1.46% / Max: 20.00%","DD: 13.03% / Max: 20.00% (HWM: $522.02)","BypassedInTester","ActiveSession",TRUE,TRUE,TRUE,TRUE,TRUE,TRUE,TRUE,TRUE,TRUE,TRUE,FALSE,TRUE,FALSE,FALSE,FALSE,FALSE,FALSE,FALSE,FALSE,"Close[1] (4387.59000) did not close below Low[2] (4377.42000)","",0,0,0,0.00000,0.00000,0.00000,0.00000,"",0.00,0.00
2026.09.09 08:30:00,2026.09.09 08:30:00,2026.09.09 08:30:00,"10****84",XAUUSD,108151,2026.09.09 08:15:00,SELL,4399.41284,4436.15250,30.15,4376.35898,5.87929,8.69571,0.00000,4384.94000,0.00000,0.00000,0.00000,0.00000,0.00,0.00,0.00,0.00,0.00,0.00,0.00,"Loss: $0.00 (Max $50.00) | Losses: 0/Max 2","Loss: 1.46% / Max: 20.00%","DD: 13.03% / Max: 20.00% (HWM: $522.02)","BypassedInTester","ActiveSession",TRUE,TRUE,TRUE,TRUE,TRUE,TRUE,TRUE,TRUE,TRUE,TRUE,FALSE,TRUE,FALSE,FALSE,FALSE,FALSE,FALSE,FALSE,FALSE,"Close[1] (4384.94000) did not close below Low[2] (4380.33000)","",0,0,0,0.00000,0.00000,0.00000,0.00000,"",0.00,0.00
2026.09.09 08:45:00,2026.09.09 08:45:00,2026.09.09 08:45:00,"10****84",XAUUSD,108151,2026.09.09 08:30:00,SELL,4399.41284,4436.15250,30.15,4378.17718,6.33000,8.64036,0.00000,4395.45000,0.00000,0.00000,0.00000,0.00000,0.00,0.00,0.00,0.00,0.00,0.00,0.00,"Loss: $0.00 (Max $50.00) | Losses: 0/Max 2","Loss: 1.46% / Max: 20.00%","DD: 13.03% / Max: 20.00% (HWM: $522.02)","BypassedInTester","ActiveSession",TRUE,TRUE,TRUE,TRUE,TRUE,TRUE,TRUE,TRUE,TRUE,TRUE,FALSE,TRUE,FALSE,FALSE,FALSE,FALSE,FALSE,FALSE,FALSE,"Close[1] (4395.45000) did not close below Low[2] (4383.17000)","",0,0,0,0.00000,0.00000,0.00000,0.00000,"",0.00,0.00
2026.09.09 09:00:00,2026.09.09 09:00:00,2026.09.09 09:00:00,"10****84",XAUUSD,108151,2026.09.09 08:45:00,SELL,4399.38567,4435.78003,27.44,4380.13364,6.55214,8.57536,0.00000,4398.72000,0.00000,0.00000,0.00000,0.00000,0.00,0.00,0.00,0.00,0.00,0.00,0.00,"Loss: $0.00 (Max $50.00) | Losses: 0/Max 2","Loss: 1.46% / Max: 20.00%","DD: 13.03% / Max: 20.00% (HWM: $522.02)","BypassedInTester","ActiveSession",TRUE,TRUE,TRUE,TRUE,TRUE,TRUE,TRUE,TRUE,TRUE,TRUE,FALSE,TRUE,FALSE,FALSE,FALSE,FALSE,FALSE,FALSE,FALSE,"Close[1] (4398.72000) did not close below Low[2] (4384.16000)","",0,0,0,0.00000,0.00000,0.00000,0.00000,"",0.00,0.00
2026.09.09 09:15:00,2026.09.09 09:15:00,2026.09.09 09:15:00,"10****84",XAUUSD,108151,2026.09.09 09:00:00,SELL,4399.38567,4435.78003,27.44,4382.14758,6.52500,8.56500,0.00000,4401.28000,0.00000,0.00000,0.00000,0.00000,0.00,0.00,0.00,0.00,0.00,0.00,0.00,"Loss: $0.00 (Max $50.00) | Losses: 0/Max 2","Loss: 1.46% / Max: 20.00%","DD: 13.03% / Max: 20.00% (HWM: $522.02)","BypassedInTester","ActiveSession",TRUE,TRUE,TRUE,TRUE,TRUE,TRUE,TRUE,TRUE,TRUE,TRUE,FALSE,TRUE,FALSE,FALSE,FALSE,FALSE,FALSE,FALSE,FALSE,"Close[1] (4401.28000) did not close below Low[2] (4392.43000)","",0,0,0,0.00000,0.00000,0.00000,0.00000,"",0.00,0.00
2026.09.09 09:30:00,2026.09.09 09:30:00,2026.09.09 09:30:00,"10****84",XAUUSD,108151,2026.09.09 09:15:00,SELL,4399.38567,4435.78003,27.44,4383.66209,6.28857,8.52893,0.00000,4398.05000,0.00000,0.00000,0.00000,0.00000,0.00,0.00,0.00,0.00,0.00,0.00,0.00,"Loss: $0.00 (Max $50.00) | Losses: 0/Max 2","Loss: 1.46% / Max: 20.00%","DD: 13.03% / Max: 20.00% (HWM: $522.02)","BypassedInTester","ActiveSession",TRUE,TRUE,TRUE,TRUE,TRUE,TRUE,TRUE,TRUE,TRUE,TRUE,FALSE,TRUE,FALSE,FALSE,FALSE,FALSE,FALSE,FALSE,FALSE,"Close[1] (4398.05000) did not close below EMA20[1] (4383.66209)","",0,0,0,0.00000,0.00000,0.00000,0.00000,"",0.00,0.00
2026.09.09 09:45:00,2026.09.09 09:45:00,2026.09.09 09:45:00,"10****84",XAUUSD,108151,2026.09.09 09:30:00,SELL,4399.38567,4435.78003,27.44,4385.24570,6.58357,8.48857,0.00000,4400.29000,0.00000,0.00000,0.00000,0.00000,0.00,0.00,0.00,0.00,0.00,0.00,0.00,"Loss: $0.00 (Max $50.00) | Losses: 0/Max 2","Loss: 1.46% / Max: 20.00%","DD: 13.03% / Max: 20.00% (HWM: $522.02)","BypassedInTester","ActiveSession",TRUE,TRUE,TRUE,TRUE,TRUE,TRUE,TRUE,TRUE,TRUE,TRUE,FALSE,TRUE,FALSE,FALSE,FALSE,FALSE,FALSE,FALSE,FALSE,"Close[1] (4400.29000) did not close below Low[2] (4395.13000)","",0,0,0,0.00000,0.00000,0.00000,0.00000,"",0.00,0.00
2026.09.09 10:00:00,2026.09.09 10:00:00,2026.09.09 10:00:00,"10****84",XAUUSD,108151,2026.09.09 09:45:00,NONE,4399.42858,4435.42879,26.84,4386.69659,6.50929,8.46643,0.00000,4400.48000,0.00000,0.00000,0.00000,0.00000,0.00,0.00,0.00,0.00,0.00,0.00,0.00,"Loss: $0.00 (Max $50.00) | Losses: 0/Max 2","Loss: 1.46% / Max: 20.00%","DD: 13.03% / Max: 20.00% (HWM: $522.02)","BypassedInTester","ActiveSession",TRUE,TRUE,TRUE,TRUE,TRUE,TRUE,TRUE,TRUE,FALSE,FALSE,FALSE,TRUE,FALSE,FALSE,FALSE,FALSE,FALSE,FALSE,FALSE,"No valid H1 trend alignment (EMA50 vs EMA200 or Close vs EMA50)","",0,0,0,0.00000,0.00000,0.00000,0.00000,"",0.00,0.00
2026.09.09 10:15:00,2026.09.09 10:15:00,2026.09.09 10:15:00,"10****84",XAUUSD,108151,2026.09.09 10:00:00,NONE,4399.42858,4435.42879,26.84,4388.58263,6.79214,8.40964,0.00000,4406.50000,0.00000,0.00000,0.00000,0.00000,0.00,0.00,0.00,0.00,0.00,0.00,0.00,"Loss: $0.00 (Max $50.00) | Losses: 0/Max 2","Loss: 1.46% / Max: 20.00%","DD: 13.03% / Max: 20.00% (HWM: $522.02)","BypassedInTester","ActiveSession",TRUE,TRUE,TRUE,TRUE,TRUE,TRUE,TRUE,TRUE,FALSE,FALSE,FALSE,TRUE,FALSE,FALSE,FALSE,FALSE,FALSE,FALSE,FALSE,"No valid H1 trend alignment (EMA50 vs EMA200 or Close vs EMA50)","",0,0,0,0.00000,0.00000,0.00000,0.00000,"",0.00,0.00
2026.09.09 10:30:00,2026.09.09 10:30:00,2026.09.09 10:30:00,"10****84",XAUUSD,108151,2026.09.09 10:15:00,NONE,4399.42858,4435.42879,26.84,4390.39761,6.93500,8.31536,0.00000,4407.64000,0.00000,0.00000,0.00000,0.00000,0.00,0.00,0.00,0.00,0.00,0.00,0.00,"Loss: $0.00 (Max $50.00) | Losses: 0/Max 2","Loss: 1.46% / Max: 20.00%","DD: 13.03% / Max: 20.00% (HWM: $522.02)","BypassedInTester","ActiveSession",TRUE,TRUE,TRUE,TRUE,TRUE,TRUE,TRUE,TRUE,FALSE,FALSE,FALSE,TRUE,FALSE,FALSE,FALSE,FALSE,FALSE,FALSE,FALSE,"No valid H1 trend alignment (EMA50 vs EMA200 or Close vs EMA50)","",0,0,0,0.00000,0.00000,0.00000,0.00000,"",0.00,0.00
2026.09.09 10:45:00,2026.09.09 10:45:00,2026.09.09 10:45:00,"10****84",XAUUSD,108151,2026.09.09 10:30:00,NONE,4399.42858,4435.42879,26.84,4392.29498,6.83571,8.25786,0.00000,4410.32000,0.00000,0.00000,0.00000,0.00000,0.00,0.00,0.00,0.00,0.00,0.00,0.00,"Loss: $0.00 (Max $50.00) | Losses: 0/Max 2","Loss: 1.46% / Max: 20.00%","DD: 13.03% / Max: 20.00% (HWM: $522.02)","BypassedInTester","ActiveSession",TRUE,TRUE,TRUE,TRUE,TRUE,TRUE,TRUE,TRUE,FALSE,FALSE,FALSE,TRUE,FALSE,FALSE,FALSE,FALSE,FALSE,FALSE,FALSE,"No valid H1 trend alignment (EMA50 vs EMA200 or Close vs EMA50)","",0,0,0,0.00000,0.00000,0.00000,0.00000,"",0.00,0.00
2026.09.09 11:00:00,2026.09.09 11:00:00,2026.09.09 11:00:00,"10****84",XAUUSD,108151,2026.09.09 10:45:00,NONE,4399.80668,4435.16651,27.88,4393.89261,6.54500,8.24179,0.00000,4409.07000,0.00000,0.00000,0.00000,0.00000,0.00,0.00,0.00,0.00,0.00,0.00,0.00,"Loss: $0.00 (Max $50.00) | Losses: 0/Max 2","Loss: 1.46% / Max: 20.00%","DD: 13.03% / Max: 20.00% (HWM: $522.02)","BypassedInTester","ActiveSession",TRUE,TRUE,TRUE,TRUE,TRUE,TRUE,TRUE,TRUE,FALSE,FALSE,FALSE,TRUE,FALSE,FALSE,FALSE,FALSE,FALSE,FALSE,FALSE,"No valid H1 trend alignment (EMA50 vs EMA200 or Close vs EMA50)","",0,0,0,0.00000,0.00000,0.00000,0.00000,"",0.00,0.00
2026.09.09 11:15:00,2026.09.09 11:15:00,2026.09.09 11:15:00,"10****84",XAUUSD,108151,2026.09.09 11:00:00,NONE,4399.80668,4435.16651,27.88,4394.83331,6.86071,8.21821,0.00000,4403.77000,0.00000,0.00000,0.00000,0.00000,0.00,0.00,0.00,0.00,0.00,0.00,0.00,"Loss: $0.00 (Max $50.00) | Losses: 0/Max 2","Loss: 1.46% / Max: 20.00%","DD: 13.03% / Max: 20.00% (HWM: $522.02)","BypassedInTester","ActiveSession",TRUE,TRUE,TRUE,TRUE,TRUE,TRUE,TRUE,TRUE,FALSE,FALSE,FALSE,TRUE,FALSE,FALSE,FALSE,FALSE,FALSE,FALSE,FALSE,"No valid H1 trend alignment (EMA50 vs EMA200 or Close vs EMA50)","",0,0,0,0.00000,0.00000,0.00000,0.00000,"",0.00,0.00
2026.09.09 11:30:00,2026.09.09 11:30:00,2026.09.09 11:30:00,"10****84",XAUUSD,108151,2026.09.09 11:15:00,NONE,4399.80668,4435.16651,27.88,4395.29585,6.88429,8.13821,0.00000,4399.69000,0.00000,0.00000,0.00000,0.00000,0.00,0.00,0.00,0.00,0.00,0.00,0.00,"Loss: $0.00 (Max $50.00) | Losses: 0/Max 2","Loss: 1.46% / Max: 20.00%","DD: 13.03% / Max: 20.00% (HWM: $522.02)","BypassedInTester","ActiveSession",TRUE,TRUE,TRUE,TRUE,TRUE,TRUE,TRUE,TRUE,FALSE,FALSE,FALSE,TRUE,FALSE,FALSE,FALSE,FALSE,FALSE,FALSE,FALSE,"No valid H1 trend alignment (EMA50 vs EMA200 or Close vs EMA50)","",0,0,0,0.00000,0.00000,0.00000,0.00000,"",0.00,0.00
2026.09.09 11:45:00,2026.09.09 11:45:00,2026.09.09 11:45:00,"10****84",XAUUSD,108151,2026.09.09 11:30:00,NONE,4399.80668,4435.16651,27.88,4395.73434,6.67286,8.01357,0.00000,4399.90000,0.00000,0.00000,0.00000,0.00000,0.00,0.00,0.00,0.00,0.00,0.00,0.00,"Loss: $0.00 (Max $50.00) | Losses: 0/Max 2","Loss: 1.46% / Max: 20.00%","DD: 13.03% / Max: 20.00% (HWM: $522.02)","BypassedInTester","ActiveSession",TRUE,TRUE,TRUE,TRUE,TRUE,TRUE,TRUE,TRUE,FALSE,FALSE,FALSE,TRUE,FALSE,FALSE,FALSE,FALSE,FALSE,FALSE,FALSE,"No valid H1 trend alignment (EMA50 vs EMA200 or Close vs EMA50)","",0,0,0,0.00000,0.00000,0.00000,0.00000,"",0.00,0.00
2026.09.09 12:00:00,2026.09.09 12:00:00,2026.09.09 12:00:00,"10****84",XAUUSD,108151,2026.09.09 11:45:00,NONE,4399.84014,4434.82316,28.66,4396.20345,6.59643,7.94036,0.00000,4400.66000,0.00000,0.00000,0.00000,0.00000,0.00,0.00,0.00,0.00,0.00,0.00,0.00,"Loss: $0.00 (Max $50.00) | Losses: 0/Max 2","Loss: 1.46% / Max: 20.00%","DD: 13.03% / Max: 20.00% (HWM: $522.02)","BypassedInTester","ActiveSession",TRUE,TRUE,TRUE,TRUE,TRUE,TRUE,TRUE,TRUE,FALSE,FALSE,FALSE,TRUE,FALSE,FALSE,FALSE,FALSE,FALSE,FALSE,FALSE,"No valid H1 trend alignment (EMA50 vs EMA200 or Close vs EMA50)","",0,0,0,0.00000,0.00000,0.00000,0.00000,"",0.00,0.00
2026.09.09 12:15:00,2026.09.09 12:15:00,2026.09.09 12:15:00,"10****84",XAUUSD,108151,2026.09.09 12:00:00,NONE,4399.84014,4434.82316,28.66,4396.40979,6.09714,7.89071,0.00000,4398.37000,0.00000,0.00000,0.00000,0.00000,0.00,0.00,0.00,0.00,0.00,0.00,0.00,"Loss: $0.00 (Max $50.00) | Losses: 0/Max 2","Loss: 1.46% / Max: 20.00%","DD: 13.03% / Max: 20.00% (HWM: $522.02)","BypassedInTester","ActiveSession",TRUE,TRUE,TRUE,TRUE,TRUE,TRUE,TRUE,TRUE,FALSE,FALSE,FALSE,TRUE,FALSE,FALSE,FALSE,FALSE,FALSE,FALSE,FALSE,"No valid H1 trend alignment (EMA50 vs EMA200 or Close vs EMA50)","",0,0,0,0.00000,0.00000,0.00000,0.00000,"",0.00,0.00
2026.09.09 12:30:00,2026.09.09 12:30:00,2026.09.09 12:30:00,"10****84",XAUUSD,108151,2026.09.09 12:15:00,NONE,4399.84014,4434.82316,28.66,4396.59838,5.72071,7.89071,0.00000,4398.39000,0.00000,0.00000,0.00000,0.00000,0.00,0.00,0.00,0.00,0.00,0.00,0.00,"Loss: $0.00 (Max $50.00) | Losses: 0/Max 2","Loss: 1.46% / Max: 20.00%","DD: 13.03% / Max: 20.00% (HWM: $522.02)","BypassedInTester","ActiveSession",TRUE,TRUE,TRUE,TRUE,TRUE,TRUE,TRUE,TRUE,FALSE,FALSE,FALSE,TRUE,FALSE,FALSE,FALSE,FALSE,FALSE,FALSE,FALSE,"No valid H1 trend alignment (EMA50 vs EMA200 or Close vs EMA50)","",0,0,0,0.00000,0.00000,0.00000,0.00000,"",0.00,0.00
2026.09.09 12:45:00,2026.09.09 12:45:00,2026.09.09 12:45:00,"10****84",XAUUSD,108151,2026.09.09 12:30:00,NONE,4399.84014,4434.82316,28.66,4396.56711,5.46571,7.84964,0.00000,4396.27000,0.00000,0.00000,0.00000,0.00000,0.00,0.00,0.00,0.00,0.00,0.00,0.00,"Loss: $0.00 (Max $50.00) | Losses: 0/Max 2","Loss: 1.46% / Max: 20.00%","DD: 13.03% / Max: 20.00% (HWM: $522.02)","BypassedInTester","ActiveSession",TRUE,TRUE,TRUE,TRUE,TRUE,TRUE,TRUE,TRUE,FALSE,FALSE,FALSE,TRUE,FALSE,FALSE,FALSE,FALSE,FALSE,FALSE,FALSE,"No valid H1 trend alignment (EMA50 vs EMA200 or Close vs EMA50)","",0,0,0,0.00000,0.00000,0.00000,0.00000,"",0.00,0.00
2026.09.09 13:00:00,2026.09.09 13:00:00,2026.09.09 13:00:00,"10****84",XAUUSD,108151,2026.09.09 12:45:00,SELL,4399.47818,4434.38323,25.15,4395.99976,5.44429,7.79357,0.13000,4390.61000,4390.61000,4403.78000,4337.93000,13.17000,0.25,50.00,0.04,0.03,0.01,0.01,131.72,"Loss: $0.00 (Max $50.00) | Losses: 0/Max 2","Loss: 1.46% / Max: 20.00%","DD: 13.03% / Max: 20.00% (HWM: $522.02)","BypassedInTester","ActiveSession",TRUE,TRUE,TRUE,TRUE,TRUE,TRUE,TRUE,TRUE,TRUE,TRUE,TRUE,TRUE,TRUE,TRUE,TRUE,TRUE,TRUE,FALSE,FALSE,"Required margin $131.72 exceeds 20% of equity ($90.80)","",0,0,0,0.00000,0.00000,0.00000,0.00000,"",0.00,0.00
2026.09.09 13:15:00,2026.09.09 13:15:00,2026.09.09 13:15:00,"10****84",XAUUSD,108151,2026.09.09 13:00:00,SELL,4399.47818,4434.38323,25.15,4395.53502,5.33214,7.67393,0.00000,4391.12000,0.00000,0.00000,0.00000,0.00000,0.00,0.00,0.00,0.00,0.00,0.00,0.00,"Loss: $0.00 (Max $50.00) | Losses: 0/Max 2","Loss: 1.46% / Max: 20.00%","DD: 13.03% / Max: 20.00% (HWM: $522.02)","BypassedInTester","ActiveSession",TRUE,TRUE,TRUE,TRUE,TRUE,TRUE,TRUE,TRUE,TRUE,TRUE,FALSE,TRUE,FALSE,FALSE,FALSE,FALSE,FALSE,FALSE,FALSE,"Close[1] (4391.12000) did not close below Low[2] (4388.47000)","",0,0,0,0.00000,0.00000,0.00000,0.00000,"",0.00,0.00
2026.09.09 13:30:00,2026.09.09 13:30:00,2026.09.09 13:30:00,"10****84",XAUUSD,108151,2026.09.09 13:15:00,SELL,4399.47818,4434.38323,25.15,4395.41550,5.61429,7.52429,0.00000,4394.28000,0.00000,0.00000,0.00000,0.00000,0.00,0.00,0.00,0.00,0.00,0.00,0.00,"Loss: $0.00 (Max $50.00) | Losses: 0/Max 2","Loss: 1.46% / Max: 20.00%","DD: 13.03% / Max: 20.00% (HWM: $522.02)","BypassedInTester","ActiveSession",TRUE,TRUE,TRUE,TRUE,TRUE,TRUE,TRUE,TRUE,TRUE,TRUE,FALSE,TRUE,FALSE,FALSE,FALSE,FALSE,FALSE,FALSE,FALSE,"Close[1] (4394.28000) did not close below Low[2] (4386.10000)","",0,0,0,0.00000,0.00000,0.00000,0.00000,"",0.00,0.00
2026.09.09 13:45:00,2026.09.09 13:45:00,2026.09.09 13:45:00,"10****84",XAUUSD,108151,2026.09.09 13:30:00,SELL,4399.47818,4434.38323,25.15,4395.36545,5.42357,7.29536,0.00000,4394.89000,0.00000,0.00000,0.00000,0.00000,0.00,0.00,0.00,0.00,0.00,0.00,0.00,"Loss: $0.00 (Max $50.00) | Losses: 0/Max 2","Loss: 1.46% / Max: 20.00%","DD: 13.03% / Max: 20.00% (HWM: $522.02)","BypassedInTester","ActiveSession",TRUE,TRUE,TRUE,TRUE,TRUE,TRUE,TRUE,TRUE,TRUE,TRUE,FALSE,TRUE,FALSE,FALSE,FALSE,FALSE,FALSE,FALSE,FALSE,"Close[1] (4394.89000) did not close below Low[2] (4389.18000)","",0,0,0,0.00000,0.00000,0.00000,0.00000,"",0.00,0.00
2026.09.09 14:00:00,2026.09.09 14:00:00,2026.09.09 14:00:00,"10****84",XAUUSD,108151,2026.09.09 13:45:00,NONE,4399.48138,4434.03673,22.13,4395.76493,5.60071,7.03857,0.00000,4399.56000,0.00000,0.00000,0.00000,0.00000,0.00,0.00,0.00,0.00,0.00,0.00,0.00,"Loss: $0.00 (Max $50.00) | Losses: 0/Max 2","Loss: 1.46% / Max: 20.00%","DD: 13.03% / Max: 20.00% (HWM: $522.02)","BypassedInTester","ActiveSession",TRUE,TRUE,TRUE,TRUE,TRUE,TRUE,TRUE,TRUE,FALSE,FALSE,FALSE,TRUE,FALSE,FALSE,FALSE,FALSE,FALSE,FALSE,FALSE,"No valid H1 trend alignment (EMA50 vs EMA200 or Close vs EMA50)","",0,0,0,0.00000,0.00000,0.00000,0.00000,"",0.00,0.00
2026.09.09 14:15:00,2026.09.09 14:15:00,2026.09.09 14:15:00,"10****84",XAUUSD,108151,2026.09.09 14:00:00,NONE,4399.48138,4434.03673,22.13,4396.50541,5.66214,6.90964,0.00000,4403.54000,0.00000,0.00000,0.00000,0.00000,0.00,0.00,0.00,0.00,0.00,0.00,0.00,"Loss: $0.00 (Max $50.00) | Losses: 0/Max 2","Loss: 1.46% / Max: 20.00%","DD: 13.03% / Max: 20.00% (HWM: $522.02)","BypassedInTester","ActiveSession",TRUE,TRUE,TRUE,TRUE,TRUE,TRUE,TRUE,TRUE,FALSE,FALSE,FALSE,TRUE,FALSE,FALSE,FALSE,FALSE,FALSE,FALSE,FALSE,"No valid H1 trend alignment (EMA50 vs EMA200 or Close vs EMA50)","",0,0,0,0.00000,0.00000,0.00000,0.00000,"",0.00,0.00
2026.09.09 14:30:00,2026.09.09 14:30:00,2026.09.09 14:30:00,"10****84",XAUUSD,108151,2026.09.09 14:15:00,NONE,4399.48138,4434.03673,22.13,4397.62776,5.89714,6.87250,0.00000,4408.29000,0.00000,0.00000,0.00000,0.00000,0.00,0.00,0.00,0.00,0.00,0.00,0.00,"Loss: $0.00 (Max $50.00) | Losses: 0/Max 2","Loss: 1.46% / Max: 20.00%","DD: 13.03% / Max: 20.00% (HWM: $522.02)","BypassedInTester","ActiveSession",TRUE,TRUE,TRUE,TRUE,TRUE,TRUE,TRUE,TRUE,FALSE,FALSE,FALSE,TRUE,FALSE,FALSE,FALSE,FALSE,FALSE,FALSE,FALSE,"No valid H1 trend alignment (EMA50 vs EMA200 or Close vs EMA50)","",0,0,0,0.00000,0.00000,0.00000,0.00000,"",0.00,0.00
2026.09.09 14:45:00,2026.09.09 14:45:00,2026.09.09 14:45:00,"10****84",XAUUSD,108151,2026.09.09 14:30:00,NONE,4399.48138,4434.03673,22.13,4398.37559,5.65929,6.84821,0.00000,4405.48000,0.00000,0.00000,0.00000,0.00000,0.00,0.00,0.00,0.00,0.00,0.00,0.00,"Loss: $0.00 (Max $50.00) | Losses: 0/Max 2","Loss: 1.46% / Max: 20.00%","DD: 13.03% / Max: 20.00% (HWM: $522.02)","BypassedInTester","ActiveSession",TRUE,TRUE,TRUE,TRUE,TRUE,TRUE,TRUE,TRUE,FALSE,FALSE,FALSE,TRUE,FALSE,FALSE,FALSE,FALSE,FALSE,FALSE,FALSE,"No valid H1 trend alignment (EMA50 vs EMA200 or Close vs EMA50)","",0,0,0,0.00000,0.00000,0.00000,0.00000,"",0.00,0.00
2026.09.09 15:00:00,2026.09.09 15:00:00,2026.09.09 15:00:00,"10****84",XAUUSD,108151,2026.09.09 14:45:00,NONE,4399.78486,4433.76990,22.05,4399.21791,6.12357,6.81393,0.00000,4407.22000,0.00000,0.00000,0.00000,0.00000,0.00,0.00,0.00,0.00,0.00,0.00,0.00,"Loss: $0.00 (Max $50.00) | Losses: 0/Max 2","Loss: 1.46% / Max: 20.00%","DD: 13.03% / Max: 20.00% (HWM: $522.02)","BypassedInTester","ActiveSession",TRUE,TRUE,TRUE,TRUE,TRUE,TRUE,TRUE,TRUE,FALSE,FALSE,FALSE,TRUE,FALSE,FALSE,FALSE,FALSE,FALSE,FALSE,FALSE,"No valid H1 trend alignment (EMA50 vs EMA200 or Close vs EMA50)","",0,0,0,0.00000,0.00000,0.00000,0.00000,"",0.00,0.00
2026.09.09 15:15:00,2026.09.09 15:15:00,2026.09.09 15:15:00,"10****84",XAUUSD,108151,2026.09.09 15:00:00,NONE,4399.78486,4433.76990,22.05,4399.21145,6.54357,6.73250,0.00000,4399.15000,0.00000,0.00000,0.00000,0.00000,0.00,0.00,0.00,0.00,0.00,0.00,0.00,"Loss: $0.00 (Max $50.00) | Losses: 0/Max 2","Loss: 1.46% / Max: 20.00%","DD: 13.03% / Max: 20.00% (HWM: $522.02)","BypassedInTester","ActiveSession",TRUE,TRUE,TRUE,TRUE,TRUE,TRUE,TRUE,TRUE,FALSE,FALSE,FALSE,TRUE,FALSE,FALSE,FALSE,FALSE,FALSE,FALSE,FALSE,"No valid H1 trend alignment (EMA50 vs EMA200 or Close vs EMA50)","",0,0,0,0.00000,0.00000,0.00000,0.00000,"",0.00,0.00
2026.09.09 15:30:00,2026.09.09 15:30:00,2026.09.09 15:30:00,"10****84",XAUUSD,108151,2026.09.09 15:15:00,NONE,4399.78486,4433.76990,22.05,4398.68178,6.71214,6.63464,0.00000,4393.65000,0.00000,0.00000,0.00000,0.00000,0.00,0.00,0.00,0.00,0.00,0.00,0.00,"Loss: $0.00 (Max $50.00) | Losses: 0/Max 2","Loss: 1.46% / Max: 20.00%","DD: 13.03% / Max: 20.00% (HWM: $522.02)","BypassedInTester","ActiveSession",TRUE,TRUE,TRUE,TRUE,TRUE,TRUE,TRUE,TRUE,FALSE,FALSE,FALSE,TRUE,FALSE,FALSE,FALSE,FALSE,FALSE,FALSE,FALSE,"No valid H1 trend alignment (EMA50 vs EMA200 or Close vs EMA50)","",0,0,0,0.00000,0.00000,0.00000,0.00000,"",0.00,0.00
2026.09.09 15:45:00,2026.09.09 15:45:00,2026.09.09 15:45:00,"10****84",XAUUSD,108151,2026.09.09 15:30:00,NONE,4399.78486,4433.76990,22.05,4398.36352,6.87786,6.63464,0.00000,4395.34000,0.00000,0.00000,0.00000,0.00000,0.00,0.00,0.00,0.00,0.00,0.00,0.00,"Loss: $0.00 (Max $50.00) | Losses: 0/Max 2","Loss: 1.46% / Max: 20.00%","DD: 13.03% / Max: 20.00% (HWM: $522.02)","BypassedInTester","ActiveSession",TRUE,TRUE,TRUE,TRUE,TRUE,TRUE,TRUE,TRUE,FALSE,FALSE,FALSE,TRUE,FALSE,FALSE,FALSE,FALSE,FALSE,FALSE,FALSE,"No valid H1 trend alignment (EMA50 vs EMA200 or Close vs EMA50)","",0,0,0,0.00000,0.00000,0.00000,0.00000,"",0.00,0.00
2026.09.09 16:00:00,2026.09.09 16:00:00,2026.09.09 16:00:00,"10****84",XAUUSD,108151,2026.09.09 15:45:00,NONE,0.00000,0.00000,0.00,0.00000,0.00000,0.00000,0.00000,0.00000,0.00000,0.00000,0.00000,0.00000,0.00,0.00,0.00,0.00,0.00,0.00,0.00,"","","","","OutsideUTCWindow",TRUE,TRUE,FALSE,FALSE,FALSE,FALSE,FALSE,FALSE,FALSE,FALSE,FALSE,FALSE,FALSE,FALSE,FALSE,FALSE,FALSE,FALSE,FALSE,"Outside UTC session (08:00 - 16:00 UTC, Current: 16:00)","",0,0,0,0.00000,0.00000,0.00000,0.00000,"",0.00,0.00
2026.09.09 16:15:00,2026.09.09 16:15:00,2026.09.09 16:15:00,"10****84",XAUUSD,108151,2026.09.09 16:00:00,NONE,0.00000,0.00000,0.00,0.00000,0.00000,0.00000,0.00000,0.00000,0.00000,0.00000,0.00000,0.00000,0.00,0.00,0.00,0.00,0.00,0.00,0.00,"","","","","OutsideUTCWindow",TRUE,TRUE,FALSE,FALSE,FALSE,FALSE,FALSE,FALSE,FALSE,FALSE,FALSE,FALSE,FALSE,FALSE,FALSE,FALSE,FALSE,FALSE,FALSE,"Outside UTC session (08:00 - 16:00 UTC, Current: 16:15)","",0,0,0,0.00000,0.00000,0.00000,0.00000,"",0.00,0.00
2026.09.09 16:30:00,2026.09.09 16:30:00,2026.09.09 16:30:00,"10****84",XAUUSD,108151,2026.09.09 16:15:00,NONE,0.00000,0.00000,0.00,0.00000,0.00000,0.00000,0.00000,0.00000,0.00000,0.00000,0.00000,0.00000,0.00,0.00,0.00,0.00,0.00,0.00,0.00,"","","","","OutsideUTCWindow",TRUE,TRUE,FALSE,FALSE,FALSE,FALSE,FALSE,FALSE,FALSE,FALSE,FALSE,FALSE,FALSE,FALSE,FALSE,FALSE,FALSE,FALSE,FALSE,"Outside UTC session (08:00 - 16:00 UTC, Current: 16:30)","",0,0,0,0.00000,0.00000,0.00000,0.00000,"",0.00,0.00
2026.09.09 16:45:00,2026.09.09 16:45:00,2026.09.09 16:45:00,"10****84",XAUUSD,108151,2026.09.09 16:30:00,NONE,0.00000,0.00000,0.00,0.00000,0.00000,0.00000,0.00000,0.00000,0.00000,0.00000,0.00000,0.00000,0.00,0.00,0.00,0.00,0.00,0.00,0.00,"","","","","OutsideUTCWindow",TRUE,TRUE,FALSE,FALSE,FALSE,FALSE,FALSE,FALSE,FALSE,FALSE,FALSE,FALSE,FALSE,FALSE,FALSE,FALSE,FALSE,FALSE,FALSE,"Outside UTC session (08:00 - 16:00 UTC, Current: 16:45)","",0,0,0,0.00000,0.00000,0.00000,0.00000,"",0.00,0.00
2026.09.09 17:00:00,2026.09.09 17:00:00,2026.09.09 17:00:00,"10****84",XAUUSD,108151,2026.09.09 16:45:00,NONE,0.00000,0.00000,0.00,0.00000,0.00000,0.00000,0.00000,0.00000,0.00000,0.00000,0.00000,0.00000,0.00,0.00,0.00,0.00,0.00,0.00,0.00,"","","","","OutsideUTCWindow",TRUE,TRUE,FALSE,FALSE,FALSE,FALSE,FALSE,FALSE,FALSE,FALSE,FALSE,FALSE,FALSE,FALSE,FALSE,FALSE,FALSE,FALSE,FALSE,"Outside UTC session (08:00 - 16:00 UTC, Current: 17:00)","",0,0,0,0.00000,0.00000,0.00000,0.00000,"",0.00,0.00
2026.09.09 17:15:00,2026.09.09 17:15:00,2026.09.09 17:15:00,"10****84",XAUUSD,108151,2026.09.09 17:00:00,NONE,0.00000,0.00000,0.00,0.00000,0.00000,0.00000,0.00000,0.00000,0.00000,0.00000,0.00000,0.00000,0.00,0.00,0.00,0.00,0.00,0.00,0.00,"","","","","OutsideUTCWindow",TRUE,TRUE,FALSE,FALSE,FALSE,FALSE,FALSE,FALSE,FALSE,FALSE,FALSE,FALSE,FALSE,FALSE,FALSE,FALSE,FALSE,FALSE,FALSE,"Outside UTC session (08:00 - 16:00 UTC, Current: 17:15)","",0,0,0,0.00000,0.00000,0.00000,0.00000,"",0.00,0.00
2026.09.09 17:30:00,2026.09.09 17:30:00,2026.09.09 17:30:00,"10****84",XAUUSD,108151,2026.09.09 17:15:00,NONE,0.00000,0.00000,0.00,0.00000,0.00000,0.00000,0.00000,0.00000,0.00000,0.00000,0.00000,0.00000,0.00,0.00,0.00,0.00,0.00,0.00,0.00,"","","","","OutsideUTCWindow",TRUE,TRUE,FALSE,FALSE,FALSE,FALSE,FALSE,FALSE,FALSE,FALSE,FALSE,FALSE,FALSE,FALSE,FALSE,FALSE,FALSE,FALSE,FALSE,"Outside UTC session (08:00 - 16:00 UTC, Current: 17:30)","",0,0,0,0.00000,0.00000,0.00000,0.00000,"",0.00,0.00
2026.09.09 17:45:00,2026.09.09 17:45:00,2026.09.09 17:45:00,"10****84",XAUUSD,108151,2026.09.09 17:30:00,NONE,0.00000,0.00000,0.00,0.00000,0.00000,0.00000,0.00000,0.00000,0.00000,0.00000,0.00000,0.00000,0.00,0.00,0.00,0.00,0.00,0.00,0.00,"","","","","OutsideUTCWindow",TRUE,TRUE,FALSE,FALSE,FALSE,FALSE,FALSE,FALSE,FALSE,FALSE,FALSE,FALSE,FALSE,FALSE,FALSE,FALSE,FALSE,FALSE,FALSE,"Outside UTC session (08:00 - 16:00 UTC, Current: 17:45)","",0,0,0,0.00000,0.00000,0.00000,0.00000,"",0.00,0.00
2026.09.09 18:00:00,2026.09.09 18:00:00,2026.09.09 18:00:00,"10****84",XAUUSD,108151,2026.09.09 17:45:00,NONE,0.00000,0.00000,0.00,0.00000,0.00000,0.00000,0.00000,0.00000,0.00000,0.00000,0.00000,0.00000,0.00,0.00,0.00,0.00,0.00,0.00,0.00,"","","","","OutsideUTCWindow",TRUE,TRUE,FALSE,FALSE,FALSE,FALSE,FALSE,FALSE,FALSE,FALSE,FALSE,FALSE,FALSE,FALSE,FALSE,FALSE,FALSE,FALSE,FALSE,"Outside UTC session (08:00 - 16:00 UTC, Current: 18:00)","",0,0,0,0.00000,0.00000,0.00000,0.00000,"",0.00,0.00
2026.09.09 18:15:00,2026.09.09 18:15:00,2026.09.09 18:15:00,"10****84",XAUUSD,108151,2026.09.09 18:00:00,NONE,0.00000,0.00000,0.00,0.00000,0.00000,0.00000,0.00000,0.00000,0.00000,0.00000,0.00000,0.00000,0.00,0.00,0.00,0.00,0.00,0.00,0.00,"","","","","OutsideUTCWindow",TRUE,TRUE,FALSE,FALSE,FALSE,FALSE,FALSE,FALSE,FALSE,FALSE,FALSE,FALSE,FALSE,FALSE,FALSE,FALSE,FALSE,FALSE,FALSE,"Outside UTC session (08:00 - 16:00 UTC, Current: 18:15)","",0,0,0,0.00000,0.00000,0.00000,0.00000,"",0.00,0.00
2026.09.09 18:30:00,2026.09.09 18:30:00,2026.09.09 18:30:00,"10****84",XAUUSD,108151,2026.09.09 18:15:00,NONE,0.00000,0.00000,0.00,0.00000,0.00000,0.00000,0.00000,0.00000,0.00000,0.00000,0.00000,0.00000,0.00,0.00,0.00,0.00,0.00,0.00,0.00,"","","","","OutsideUTCWindow",TRUE,TRUE,FALSE,FALSE,FALSE,FALSE,FALSE,FALSE,FALSE,FALSE,FALSE,FALSE,FALSE,FALSE,FALSE,FALSE,FALSE,FALSE,FALSE,"Outside UTC session (08:00 - 16:00 UTC, Current: 18:30)","",0,0,0,0.00000,0.00000,0.00000,0.00000,"",0.00,0.00
2026.09.09 18:45:00,2026.09.09 18:45:00,2026.09.09 18:45:00,"10****84",XAUUSD,108151,2026.09.09 18:30:00,NONE,0.00000,0.00000,0.00,0.00000,0.00000,0.00000,0.00000,0.00000,0.00000,0.00000,0.00000,0.00000,0.00,0.00,0.00,0.00,0.00,0.00,0.00,"","","","","OutsideUTCWindow",TRUE,TRUE,FALSE,FALSE,FALSE,FALSE,FALSE,FALSE,FALSE,FALSE,FALSE,FALSE,FALSE,FALSE,FALSE,FALSE,FALSE,FALSE,FALSE,"Outside UTC session (08:00 - 16:00 UTC, Current: 18:45)","",0,0,0,0.00000,0.00000,0.00000,0.00000,"",0.00,0.00
2026.09.09 19:00:00,2026.09.09 19:00:00,2026.09.09 19:00:00,"10****84",XAUUSD,108151,2026.09.09 18:45:00,NONE,0.00000,0.00000,0.00,0.00000,0.00000,0.00000,0.00000,0.00000,0.00000,0.00000,0.00000,0.00000,0.00,0.00,0.00,0.00,0.00,0.00,0.00,"","","","","OutsideUTCWindow",TRUE,TRUE,FALSE,FALSE,FALSE,FALSE,FALSE,FALSE,FALSE,FALSE,FALSE,FALSE,FALSE,FALSE,FALSE,FALSE,FALSE,FALSE,FALSE,"Outside UTC session (08:00 - 16:00 UTC, Current: 19:00)","",0,0,0,0.00000,0.00000,0.00000,0.00000,"",0.00,0.00
2026.09.09 19:15:00,2026.09.09 19:15:00,2026.09.09 19:15:00,"10****84",XAUUSD,108151,2026.09.09 19:00:00,NONE,0.00000,0.00000,0.00,0.00000,0.00000,0.00000,0.00000,0.00000,0.00000,0.00000,0.00000,0.00000,0.00,0.00,0.00,0.00,0.00,0.00,0.00,"","","","","OutsideUTCWindow",TRUE,TRUE,FALSE,FALSE,FALSE,FALSE,FALSE,FALSE,FALSE,FALSE,FALSE,FALSE,FALSE,FALSE,FALSE,FALSE,FALSE,FALSE,FALSE,"Outside UTC session (08:00 - 16:00 UTC, Current: 19:15)","",0,0,0,0.00000,0.00000,0.00000,0.00000,"",0.00,0.00
2026.09.09 19:30:00,2026.09.09 19:30:00,2026.09.09 19:30:00,"10****84",XAUUSD,108151,2026.09.09 19:15:00,NONE,0.00000,0.00000,0.00,0.00000,0.00000,0.00000,0.00000,0.00000,0.00000,0.00000,0.00000,0.00000,0.00,0.00,0.00,0.00,0.00,0.00,0.00,"","","","","OutsideUTCWindow",TRUE,TRUE,FALSE,FALSE,FALSE,FALSE,FALSE,FALSE,FALSE,FALSE,FALSE,FALSE,FALSE,FALSE,FALSE,FALSE,FALSE,FALSE,FALSE,"Outside UTC session (08:00 - 16:00 UTC, Current: 19:30)","",0,0,0,0.00000,0.00000,0.00000,0.00000,"",0.00,0.00
2026.09.09 19:45:00,2026.09.09 19:45:00,2026.09.09 19:45:00,"10****84",XAUUSD,108151,2026.09.09 19:30:00,NONE,0.00000,0.00000,0.00,0.00000,0.00000,0.00000,0.00000,0.00000,0.00000,0.00000,0.00000,0.00000,0.00,0.00,0.00,0.00,0.00,0.00,0.00,"","","","","OutsideUTCWindow",TRUE,TRUE,FALSE,FALSE,FALSE,FALSE,FALSE,FALSE,FALSE,FALSE,FALSE,FALSE,FALSE,FALSE,FALSE,FALSE,FALSE,FALSE,FALSE,"Outside UTC session (08:00 - 16:00 UTC, Current: 19:45)","",0,0,0,0.00000,0.00000,0.00000,0.00000,"",0.00,0.00
2026.09.09 20:00:00,2026.09.09 20:00:00,2026.09.09 20:00:00,"10****84",XAUUSD,108151,2026.09.09 19:45:00,NONE,0.00000,0.00000,0.00,0.00000,0.00000,0.00000,0.00000,0.00000,0.00000,0.00000,0.00000,0.00000,0.00,0.00,0.00,0.00,0.00,0.00,0.00,"","","","","OutsideUTCWindow",TRUE,TRUE,FALSE,FALSE,FALSE,FALSE,FALSE,FALSE,FALSE,FALSE,FALSE,FALSE,FALSE,FALSE,FALSE,FALSE,FALSE,FALSE,FALSE,"Outside UTC session (08:00 - 16:00 UTC, Current: 20:00)","",0,0,0,0.00000,0.00000,0.00000,0.00000,"",0.00,0.00
2026.09.09 20:15:00,2026.09.09 20:15:00,2026.09.09 20:15:00,"10****84",XAUUSD,108151,2026.09.09 20:00:00,NONE,0.00000,0.00000,0.00,0.00000,0.00000,0.00000,0.00000,0.00000,0.00000,0.00000,0.00000,0.00000,0.00,0.00,0.00,0.00,0.00,0.00,0.00,"","","","","OutsideUTCWindow",TRUE,TRUE,FALSE,FALSE,FALSE,FALSE,FALSE,FALSE,FALSE,FALSE,FALSE,FALSE,FALSE,FALSE,FALSE,FALSE,FALSE,FALSE,FALSE,"Outside UTC session (08:00 - 16:00 UTC, Current: 20:15)","",0,0,0,0.00000,0.00000,0.00000,0.00000,"",0.00,0.00
2026.09.09 20:30:00,2026.09.09 20:30:00,2026.09.09 20:30:00,"10****84",XAUUSD,108151,2026.09.09 20:15:00,NONE,0.00000,0.00000,0.00,0.00000,0.00000,0.00000,0.00000,0.00000,0.00000,0.00000,0.00000,0.00000,0.00,0.00,0.00,0.00,0.00,0.00,0.00,"","","","","OutsideUTCWindow",TRUE,TRUE,FALSE,FALSE,FALSE,FALSE,FALSE,FALSE,FALSE,FALSE,FALSE,FALSE,FALSE,FALSE,FALSE,FALSE,FALSE,FALSE,FALSE,"Outside UTC session (08:00 - 16:00 UTC, Current: 20:30)","",0,0,0,0.00000,0.00000,0.00000,0.00000,"",0.00,0.00
2026.09.09 20:45:00,2026.09.09 20:45:00,2026.09.09 20:45:00,"10****84",XAUUSD,108151,2026.09.09 20:30:00,NONE,0.00000,0.00000,0.00,0.00000,0.00000,0.00000,0.00000,0.00000,0.00000,0.00000,0.00000,0.00000,0.00,0.00,0.00,0.00,0.00,0.00,0.00,"","","","","OutsideUTCWindow",TRUE,TRUE,FALSE,FALSE,FALSE,FALSE,FALSE,FALSE,FALSE,FALSE,FALSE,FALSE,FALSE,FALSE,FALSE,FALSE,FALSE,FALSE,FALSE,"Outside UTC session (08:00 - 16:00 UTC, Current: 20:45)","",0,0,0,0.00000,0.00000,0.00000,0.00000,"",0.00,0.00
2026.09.09 21:00:00,2026.09.09 21:00:00,2026.09.09 21:00:00,"10****84",XAUUSD,108151,2026.09.09 20:45:00,NONE,0.00000,0.00000,0.00,0.00000,0.00000,0.00000,0.00000,0.00000,0.00000,0.00000,0.00000,0.00000,0.00,0.00,0.00,0.00,0.00,0.00,0.00,"","","","","OutsideUTCWindow",TRUE,TRUE,FALSE,FALSE,FALSE,FALSE,FALSE,FALSE,FALSE,FALSE,FALSE,FALSE,FALSE,FALSE,FALSE,FALSE,FALSE,FALSE,FALSE,"Outside UTC session (08:00 - 16:00 UTC, Current: 21:00)","",0,0,0,0.00000,0.00000,0.00000,0.00000,"",0.00,0.00
2026.09.09 21:15:00,2026.09.09 21:15:00,2026.09.09 21:15:00,"10****84",XAUUSD,108151,2026.09.09 21:00:00,NONE,0.00000,0.00000,0.00,0.00000,0.00000,0.00000,0.00000,0.00000,0.00000,0.00000,0.00000,0.00000,0.00,0.00,0.00,0.00,0.00,0.00,0.00,"","","","","OutsideUTCWindow",TRUE,TRUE,FALSE,FALSE,FALSE,FALSE,FALSE,FALSE,FALSE,FALSE,FALSE,FALSE,FALSE,FALSE,FALSE,FALSE,FALSE,FALSE,FALSE,"Outside UTC session (08:00 - 16:00 UTC, Current: 21:15)","",0,0,0,0.00000,0.00000,0.00000,0.00000,"",0.00,0.00
2026.09.09 21:30:00,2026.09.09 21:30:00,2026.09.09 21:30:00,"10****84",XAUUSD,108151,2026.09.09 21:15:00,NONE,0.00000,0.00000,0.00,0.00000,0.00000,0.00000,0.00000,0.00000,0.00000,0.00000,0.00000,0.00000,0.00,0.00,0.00,0.00,0.00,0.00,0.00,"","","","","OutsideUTCWindow",TRUE,TRUE,FALSE,FALSE,FALSE,FALSE,FALSE,FALSE,FALSE,FALSE,FALSE,FALSE,FALSE,FALSE,FALSE,FALSE,FALSE,FALSE,FALSE,"Outside UTC session (08:00 - 16:00 UTC, Current: 21:30)","",0,0,0,0.00000,0.00000,0.00000,0.00000,"",0.00,0.00
2026.09.09 21:45:00,2026.09.09 21:45:00,2026.09.09 21:45:00,"10****84",XAUUSD,108151,2026.09.09 21:30:00,NONE,0.00000,0.00000,0.00,0.00000,0.00000,0.00000,0.00000,0.00000,0.00000,0.00000,0.00000,0.00000,0.00,0.00,0.00,0.00,0.00,0.00,0.00,"","","","","OutsideUTCWindow",TRUE,TRUE,FALSE,FALSE,FALSE,FALSE,FALSE,FALSE,FALSE,FALSE,FALSE,FALSE,FALSE,FALSE,FALSE,FALSE,FALSE,FALSE,FALSE,"Outside UTC session (08:00 - 16:00 UTC, Current: 21:45)","",0,0,0,0.00000,0.00000,0.00000,0.00000,"",0.00,0.00
2026.09.09 22:00:00,2026.09.09 22:00:00,2026.09.09 22:00:00,"10****84",XAUUSD,108151,2026.09.09 21:45:00,NONE,0.00000,0.00000,0.00,0.00000,0.00000,0.00000,0.00000,0.00000,0.00000,0.00000,0.00000,0.00000,0.00,0.00,0.00,0.00,0.00,0.00,0.00,"","","","","OutsideUTCWindow",TRUE,TRUE,FALSE,FALSE,FALSE,FALSE,FALSE,FALSE,FALSE,FALSE,FALSE,FALSE,FALSE,FALSE,FALSE,FALSE,FALSE,FALSE,FALSE,"Outside UTC session (08:00 - 16:00 UTC, Current: 22:00)","",0,0,0,0.00000,0.00000,0.00000,0.00000,"",0.00,0.00
2026.09.09 22:15:00,2026.09.09 22:15:00,2026.09.09 22:15:00,"10****84",XAUUSD,108151,2026.09.09 22:00:00,NONE,0.00000,0.00000,0.00,0.00000,0.00000,0.00000,0.00000,0.00000,0.00000,0.00000,0.00000,0.00000,0.00,0.00,0.00,0.00,0.00,0.00,0.00,"","","","","OutsideUTCWindow",TRUE,TRUE,FALSE,FALSE,FALSE,FALSE,FALSE,FALSE,FALSE,FALSE,FALSE,FALSE,FALSE,FALSE,FALSE,FALSE,FALSE,FALSE,FALSE,"Outside UTC session (08:00 - 16:00 UTC, Current: 22:15)","",0,0,0,0.00000,0.00000,0.00000,0.00000,"",0.00,0.00
2026.09.09 22:30:00,2026.09.09 22:30:00,2026.09.09 22:30:00,"10****84",XAUUSD,108151,2026.09.09 22:15:00,NONE,0.00000,0.00000,0.00,0.00000,0.00000,0.00000,0.00000,0.00000,0.00000,0.00000,0.00000,0.00000,0.00,0.00,0.00,0.00,0.00,0.00,0.00,"","","","","OutsideUTCWindow",TRUE,TRUE,FALSE,FALSE,FALSE,FALSE,FALSE,FALSE,FALSE,FALSE,FALSE,FALSE,FALSE,FALSE,FALSE,FALSE,FALSE,FALSE,FALSE,"Outside UTC session (08:00 - 16:00 UTC, Current: 22:30)","",0,0,0,0.00000,0.00000,0.00000,0.00000,"",0.00,0.00
2026.09.09 22:45:00,2026.09.09 22:45:00,2026.09.09 22:45:00,"10****84",XAUUSD,108151,2026.09.09 22:30:00,NONE,0.00000,0.00000,0.00,0.00000,0.00000,0.00000,0.00000,0.00000,0.00000,0.00000,0.00000,0.00000,0.00,0.00,0.00,0.00,0.00,0.00,0.00,"","","","","OutsideUTCWindow",TRUE,TRUE,FALSE,FALSE,FALSE,FALSE,FALSE,FALSE,FALSE,FALSE,FALSE,FALSE,FALSE,FALSE,FALSE,FALSE,FALSE,FALSE,FALSE,"Outside UTC session (08:00 - 16:00 UTC, Current: 22:45)","",0,0,0,0.00000,0.00000,0.00000,0.00000,"",0.00,0.00
2026.09.10 01:00:00,2026.09.10 01:00:00,2026.09.10 01:00:00,"10****84",XAUUSD,108151,2026.09.09 22:45:00,NONE,0.00000,0.00000,0.00,0.00000,0.00000,0.00000,0.00000,0.00000,0.00000,0.00000,0.00000,0.00000,0.00,0.00,0.00,0.00,0.00,0.00,0.00,"","","","","OutsideUTCWindow",TRUE,TRUE,FALSE,FALSE,FALSE,FALSE,FALSE,FALSE,FALSE,FALSE,FALSE,FALSE,FALSE,FALSE,FALSE,FALSE,FALSE,FALSE,FALSE,"Outside UTC session (08:00 - 16:00 UTC, Current: 01:00)","",0,0,0,0.00000,0.00000,0.00000,0.00000,"",0.00,0.00
2026.09.10 01:15:00,2026.09.10 01:15:00,2026.09.10 01:15:00,"10****84",XAUUSD,108151,2026.09.10 01:00:00,NONE,0.00000,0.00000,0.00,0.00000,0.00000,0.00000,0.00000,0.00000,0.00000,0.00000,0.00000,0.00000,0.00,0.00,0.00,0.00,0.00,0.00,0.00,"","","","","OutsideUTCWindow",TRUE,TRUE,FALSE,FALSE,FALSE,FALSE,FALSE,FALSE,FALSE,FALSE,FALSE,FALSE,FALSE,FALSE,FALSE,FALSE,FALSE,FALSE,FALSE,"Outside UTC session (08:00 - 16:00 UTC, Current: 01:15)","",0,0,0,0.00000,0.00000,0.00000,0.00000,"",0.00,0.00
2026.09.10 01:30:00,2026.09.10 01:30:00,2026.09.10 01:30:00,"10****84",XAUUSD,108151,2026.09.10 01:15:00,NONE,0.00000,0.00000,0.00,0.00000,0.00000,0.00000,0.00000,0.00000,0.00000,0.00000,0.00000,0.00000,0.00,0.00,0.00,0.00,0.00,0.00,0.00,"","","","","OutsideUTCWindow",TRUE,TRUE,FALSE,FALSE,FALSE,FALSE,FALSE,FALSE,FALSE,FALSE,FALSE,FALSE,FALSE,FALSE,FALSE,FALSE,FALSE,FALSE,FALSE,"Outside UTC session (08:00 - 16:00 UTC, Current: 01:30)","",0,0,0,0.00000,0.00000,0.00000,0.00000,"",0.00,0.00
2026.09.10 01:45:00,2026.09.10 01:45:00,2026.09.10 01:45:00,"10****84",XAUUSD,108151,2026.09.10 01:30:00,NONE,0.00000,0.00000,0.00,0.00000,0.00000,0.00000,0.00000,0.00000,0.00000,0.00000,0.00000,0.00000,0.00,0.00,0.00,0.00,0.00,0.00,0.00,"","","","","OutsideUTCWindow",TRUE,TRUE,FALSE,FALSE,FALSE,FALSE,FALSE,FALSE,FALSE,FALSE,FALSE,FALSE,FALSE,FALSE,FALSE,FALSE,FALSE,FALSE,FALSE,"Outside UTC session (08:00 - 16:00 UTC, Current: 01:45)","",0,0,0,0.00000,0.00000,0.00000,0.00000,"",0.00,0.00
2026.09.10 02:00:00,2026.09.10 02:00:00,2026.09.10 02:00:00,"10****84",XAUUSD,108151,2026.09.10 01:45:00,NONE,0.00000,0.00000,0.00,0.00000,0.00000,0.00000,0.00000,0.00000,0.00000,0.00000,0.00000,0.00000,0.00,0.00,0.00,0.00,0.00,0.00,0.00,"","","","","OutsideUTCWindow",TRUE,TRUE,FALSE,FALSE,FALSE,FALSE,FALSE,FALSE,FALSE,FALSE,FALSE,FALSE,FALSE,FALSE,FALSE,FALSE,FALSE,FALSE,FALSE,"Outside UTC session (08:00 - 16:00 UTC, Current: 02:00)","",0,0,0,0.00000,0.00000,0.00000,0.00000,"",0.00,0.00
2026.09.10 02:15:00,2026.09.10 02:15:00,2026.09.10 02:15:00,"10****84",XAUUSD,108151,2026.09.10 02:00:00,NONE,0.00000,0.00000,0.00,0.00000,0.00000,0.00000,0.00000,0.00000,0.00000,0.00000,0.00000,0.00000,0.00,0.00,0.00,0.00,0.00,0.00,0.00,"","","","","OutsideUTCWindow",TRUE,TRUE,FALSE,FALSE,FALSE,FALSE,FALSE,FALSE,FALSE,FALSE,FALSE,FALSE,FALSE,FALSE,FALSE,FALSE,FALSE,FALSE,FALSE,"Outside UTC session (08:00 - 16:00 UTC, Current: 02:15)","",0,0,0,0.00000,0.00000,0.00000,0.00000,"",0.00,0.00
2026.09.10 02:30:00,2026.09.10 02:30:00,2026.09.10 02:30:00,"10****84",XAUUSD,108151,2026.09.10 02:15:00,NONE,0.00000,0.00000,0.00,0.00000,0.00000,0.00000,0.00000,0.00000,0.00000,0.00000,0.00000,0.00000,0.00,0.00,0.00,0.00,0.00,0.00,0.00,"","","","","OutsideUTCWindow",TRUE,TRUE,FALSE,FALSE,FALSE,FALSE,FALSE,FALSE,FALSE,FALSE,FALSE,FALSE,FALSE,FALSE,FALSE,FALSE,FALSE,FALSE,FALSE,"Outside UTC session (08:00 - 16:00 UTC, Current: 02:30)","",0,0,0,0.00000,0.00000,0.00000,0.00000,"",0.00,0.00
2026.09.10 02:45:00,2026.09.10 02:45:00,2026.09.10 02:45:00,"10****84",XAUUSD,108151,2026.09.10 02:30:00,NONE,0.00000,0.00000,0.00,0.00000,0.00000,0.00000,0.00000,0.00000,0.00000,0.00000,0.00000,0.00000,0.00,0.00,0.00,0.00,0.00,0.00,0.00,"","","","","OutsideUTCWindow",TRUE,TRUE,FALSE,FALSE,FALSE,FALSE,FALSE,FALSE,FALSE,FALSE,FALSE,FALSE,FALSE,FALSE,FALSE,FALSE,FALSE,FALSE,FALSE,"Outside UTC session (08:00 - 16:00 UTC, Current: 02:45)","",0,0,0,0.00000,0.00000,0.00000,0.00000,"",0.00,0.00
2026.09.10 03:00:00,2026.09.10 03:00:00,2026.09.10 03:00:00,"10****84",XAUUSD,108151,2026.09.10 02:45:00,NONE,0.00000,0.00000,0.00,0.00000,0.00000,0.00000,0.00000,0.00000,0.00000,0.00000,0.00000,0.00000,0.00,0.00,0.00,0.00,0.00,0.00,0.00,"","","","","OutsideUTCWindow",TRUE,TRUE,FALSE,FALSE,FALSE,FALSE,FALSE,FALSE,FALSE,FALSE,FALSE,FALSE,FALSE,FALSE,FALSE,FALSE,FALSE,FALSE,FALSE,"Outside UTC session (08:00 - 16:00 UTC, Current: 03:00)","",0,0,0,0.00000,0.00000,0.00000,0.00000,"",0.00,0.00
2026.09.10 03:15:00,2026.09.10 03:15:00,2026.09.10 03:15:00,"10****84",XAUUSD,108151,2026.09.10 03:00:00,NONE,0.00000,0.00000,0.00,0.00000,0.00000,0.00000,0.00000,0.00000,0.00000,0.00000,0.00000,0.00000,0.00,0.00,0.00,0.00,0.00,0.00,0.00,"","","","","OutsideUTCWindow",TRUE,TRUE,FALSE,FALSE,FALSE,FALSE,FALSE,FALSE,FALSE,FALSE,FALSE,FALSE,FALSE,FALSE,FALSE,FALSE,FALSE,FALSE,FALSE,"Outside UTC session (08:00 - 16:00 UTC, Current: 03:15)","",0,0,0,0.00000,0.00000,0.00000,0.00000,"",0.00,0.00
2026.09.10 03:30:00,2026.09.10 03:30:00,2026.09.10 03:30:00,"10****84",XAUUSD,108151,2026.09.10 03:15:00,NONE,0.00000,0.00000,0.00,0.00000,0.00000,0.00000,0.00000,0.00000,0.00000,0.00000,0.00000,0.00000,0.00,0.00,0.00,0.00,0.00,0.00,0.00,"","","","","OutsideUTCWindow",TRUE,TRUE,FALSE,FALSE,FALSE,FALSE,FALSE,FALSE,FALSE,FALSE,FALSE,FALSE,FALSE,FALSE,FALSE,FALSE,FALSE,FALSE,FALSE,"Outside UTC session (08:00 - 16:00 UTC, Current: 03:30)","",0,0,0,0.00000,0.00000,0.00000,0.00000,"",0.00,0.00
2026.09.10 03:45:00,2026.09.10 03:45:00,2026.09.10 03:45:00,"10****84",XAUUSD,108151,2026.09.10 03:30:00,NONE,0.00000,0.00000,0.00,0.00000,0.00000,0.00000,0.00000,0.00000,0.00000,0.00000,0.00000,0.00000,0.00,0.00,0.00,0.00,0.00,0.00,0.00,"","","","","OutsideUTCWindow",TRUE,TRUE,FALSE,FALSE,FALSE,FALSE,FALSE,FALSE,FALSE,FALSE,FALSE,FALSE,FALSE,FALSE,FALSE,FALSE,FALSE,FALSE,FALSE,"Outside UTC session (08:00 - 16:00 UTC, Current: 03:45)","",0,0,0,0.00000,0.00000,0.00000,0.00000,"",0.00,0.00
2026.09.10 04:00:00,2026.09.10 04:00:00,2026.09.10 04:00:00,"10****84",XAUUSD,108151,2026.09.10 03:45:00,NONE,0.00000,0.00000,0.00,0.00000,0.00000,0.00000,0.00000,0.00000,0.00000,0.00000,0.00000,0.00000,0.00,0.00,0.00,0.00,0.00,0.00,0.00,"","","","","OutsideUTCWindow",TRUE,TRUE,FALSE,FALSE,FALSE,FALSE,FALSE,FALSE,FALSE,FALSE,FALSE,FALSE,FALSE,FALSE,FALSE,FALSE,FALSE,FALSE,FALSE,"Outside UTC session (08:00 - 16:00 UTC, Current: 04:00)","",0,0,0,0.00000,0.00000,0.00000,0.00000,"",0.00,0.00
2026.09.10 04:15:00,2026.09.10 04:15:00,2026.09.10 04:15:00,"10****84",XAUUSD,108151,2026.09.10 04:00:00,NONE,0.00000,0.00000,0.00,0.00000,0.00000,0.00000,0.00000,0.00000,0.00000,0.00000,0.00000,0.00000,0.00,0.00,0.00,0.00,0.00,0.00,0.00,"","","","","OutsideUTCWindow",TRUE,TRUE,FALSE,FALSE,FALSE,FALSE,FALSE,FALSE,FALSE,FALSE,FALSE,FALSE,FALSE,FALSE,FALSE,FALSE,FALSE,FALSE,FALSE,"Outside UTC session (08:00 - 16:00 UTC, Current: 04:15)","",0,0,0,0.00000,0.00000,0.00000,0.00000,"",0.00,0.00
2026.09.10 04:30:00,2026.09.10 04:30:00,2026.09.10 04:30:00,"10****84",XAUUSD,108151,2026.09.10 04:15:00,NONE,0.00000,0.00000,0.00,0.00000,0.00000,0.00000,0.00000,0.00000,0.00000,0.00000,0.00000,0.00000,0.00,0.00,0.00,0.00,0.00,0.00,0.00,"","","","","OutsideUTCWindow",TRUE,TRUE,FALSE,FALSE,FALSE,FALSE,FALSE,FALSE,FALSE,FALSE,FALSE,FALSE,FALSE,FALSE,FALSE,FALSE,FALSE,FALSE,FALSE,"Outside UTC session (08:00 - 16:00 UTC, Current: 04:30)","",0,0,0,0.00000,0.00000,0.00000,0.00000,"",0.00,0.00
2026.09.10 04:45:00,2026.09.10 04:45:00,2026.09.10 04:45:00,"10****84",XAUUSD,108151,2026.09.10 04:30:00,NONE,0.00000,0.00000,0.00,0.00000,0.00000,0.00000,0.00000,0.00000,0.00000,0.00000,0.00000,0.00000,0.00,0.00,0.00,0.00,0.00,0.00,0.00,"","","","","OutsideUTCWindow",TRUE,TRUE,FALSE,FALSE,FALSE,FALSE,FALSE,FALSE,FALSE,FALSE,FALSE,FALSE,FALSE,FALSE,FALSE,FALSE,FALSE,FALSE,FALSE,"Outside UTC session (08:00 - 16:00 UTC, Current: 04:45)","",0,0,0,0.00000,0.00000,0.00000,0.00000,"",0.00,0.00
2026.09.10 05:00:00,2026.09.10 05:00:00,2026.09.10 05:00:00,"10****84",XAUUSD,108151,2026.09.10 04:45:00,NONE,0.00000,0.00000,0.00,0.00000,0.00000,0.00000,0.00000,0.00000,0.00000,0.00000,0.00000,0.00000,0.00,0.00,0.00,0.00,0.00,0.00,0.00,"","","","","OutsideUTCWindow",TRUE,TRUE,FALSE,FALSE,FALSE,FALSE,FALSE,FALSE,FALSE,FALSE,FALSE,FALSE,FALSE,FALSE,FALSE,FALSE,FALSE,FALSE,FALSE,"Outside UTC session (08:00 - 16:00 UTC, Current: 05:00)","",0,0,0,0.00000,0.00000,0.00000,0.00000,"",0.00,0.00
2026.09.10 05:15:00,2026.09.10 05:15:00,2026.09.10 05:15:00,"10****84",XAUUSD,108151,2026.09.10 05:00:00,NONE,0.00000,0.00000,0.00,0.00000,0.00000,0.00000,0.00000,0.00000,0.00000,0.00000,0.00000,0.00000,0.00,0.00,0.00,0.00,0.00,0.00,0.00,"","","","","OutsideUTCWindow",TRUE,TRUE,FALSE,FALSE,FALSE,FALSE,FALSE,FALSE,FALSE,FALSE,FALSE,FALSE,FALSE,FALSE,FALSE,FALSE,FALSE,FALSE,FALSE,"Outside UTC session (08:00 - 16:00 UTC, Current: 05:15)","",0,0,0,0.00000,0.00000,0.00000,0.00000,"",0.00,0.00
2026.09.10 05:30:00,2026.09.10 05:30:00,2026.09.10 05:30:00,"10****84",XAUUSD,108151,2026.09.10 05:15:00,NONE,0.00000,0.00000,0.00,0.00000,0.00000,0.00000,0.00000,0.00000,0.00000,0.00000,0.00000,0.00000,0.00,0.00,0.00,0.00,0.00,0.00,0.00,"","","","","OutsideUTCWindow",TRUE,TRUE,FALSE,FALSE,FALSE,FALSE,FALSE,FALSE,FALSE,FALSE,FALSE,FALSE,FALSE,FALSE,FALSE,FALSE,FALSE,FALSE,FALSE,"Outside UTC session (08:00 - 16:00 UTC, Current: 05:30)","",0,0,0,0.00000,0.00000,0.00000,0.00000,"",0.00,0.00
2026.09.10 05:45:00,2026.09.10 05:45:00,2026.09.10 05:45:00,"10****84",XAUUSD,108151,2026.09.10 05:30:00,NONE,0.00000,0.00000,0.00,0.00000,0.00000,0.00000,0.00000,0.00000,0.00000,0.00000,0.00000,0.00000,0.00,0.00,0.00,0.00,0.00,0.00,0.00,"","","","","OutsideUTCWindow",TRUE,TRUE,FALSE,FALSE,FALSE,FALSE,FALSE,FALSE,FALSE,FALSE,FALSE,FALSE,FALSE,FALSE,FALSE,FALSE,FALSE,FALSE,FALSE,"Outside UTC session (08:00 - 16:00 UTC, Current: 05:45)","",0,0,0,0.00000,0.00000,0.00000,0.00000,"",0.00,0.00
2026.09.10 06:00:00,2026.09.10 06:00:00,2026.09.10 06:00:00,"10****84",XAUUSD,108151,2026.09.10 05:45:00,NONE,0.00000,0.00000,0.00,0.00000,0.00000,0.00000,0.00000,0.00000,0.00000,0.00000,0.00000,0.00000,0.00,0.00,0.00,0.00,0.00,0.00,0.00,"","","","","OutsideUTCWindow",TRUE,TRUE,FALSE,FALSE,FALSE,FALSE,FALSE,FALSE,FALSE,FALSE,FALSE,FALSE,FALSE,FALSE,FALSE,FALSE,FALSE,FALSE,FALSE,"Outside UTC session (08:00 - 16:00 UTC, Current: 06:00)","",0,0,0,0.00000,0.00000,0.00000,0.00000,"",0.00,0.00
2026.09.10 06:15:00,2026.09.10 06:15:00,2026.09.10 06:15:00,"10****84",XAUUSD,108151,2026.09.10 06:00:00,NONE,0.00000,0.00000,0.00,0.00000,0.00000,0.00000,0.00000,0.00000,0.00000,0.00000,0.00000,0.00000,0.00,0.00,0.00,0.00,0.00,0.00,0.00,"","","","","OutsideUTCWindow",TRUE,TRUE,FALSE,FALSE,FALSE,FALSE,FALSE,FALSE,FALSE,FALSE,FALSE,FALSE,FALSE,FALSE,FALSE,FALSE,FALSE,FALSE,FALSE,"Outside UTC session (08:00 - 16:00 UTC, Current: 06:15)","",0,0,0,0.00000,0.00000,0.00000,0.00000,"",0.00,0.00
2026.09.10 06:30:00,2026.09.10 06:30:00,2026.09.10 06:30:00,"10****84",XAUUSD,108151,2026.09.10 06:15:00,NONE,0.00000,0.00000,0.00,0.00000,0.00000,0.00000,0.00000,0.00000,0.00000,0.00000,0.00000,0.00000,0.00,0.00,0.00,0.00,0.00,0.00,0.00,"","","","","OutsideUTCWindow",TRUE,TRUE,FALSE,FALSE,FALSE,FALSE,FALSE,FALSE,FALSE,FALSE,FALSE,FALSE,FALSE,FALSE,FALSE,FALSE,FALSE,FALSE,FALSE,"Outside UTC session (08:00 - 16:00 UTC, Current: 06:30)","",0,0,0,0.00000,0.00000,0.00000,0.00000,"",0.00,0.00
2026.09.10 06:45:00,2026.09.10 06:45:00,2026.09.10 06:45:00,"10****84",XAUUSD,108151,2026.09.10 06:30:00,NONE,0.00000,0.00000,0.00,0.00000,0.00000,0.00000,0.00000,0.00000,0.00000,0.00000,0.00000,0.00000,0.00,0.00,0.00,0.00,0.00,0.00,0.00,"","","","","OutsideUTCWindow",TRUE,TRUE,FALSE,FALSE,FALSE,FALSE,FALSE,FALSE,FALSE,FALSE,FALSE,FALSE,FALSE,FALSE,FALSE,FALSE,FALSE,FALSE,FALSE,"Outside UTC session (08:00 - 16:00 UTC, Current: 06:45)","",0,0,0,0.00000,0.00000,0.00000,0.00000,"",0.00,0.00
2026.09.10 07:00:00,2026.09.10 07:00:00,2026.09.10 07:00:00,"10****84",XAUUSD,108151,2026.09.10 06:45:00,NONE,0.00000,0.00000,0.00,0.00000,0.00000,0.00000,0.00000,0.00000,0.00000,0.00000,0.00000,0.00000,0.00,0.00,0.00,0.00,0.00,0.00,0.00,"","","","","OutsideUTCWindow",TRUE,TRUE,FALSE,FALSE,FALSE,FALSE,FALSE,FALSE,FALSE,FALSE,FALSE,FALSE,FALSE,FALSE,FALSE,FALSE,FALSE,FALSE,FALSE,"Outside UTC session (08:00 - 16:00 UTC, Current: 07:00)","",0,0,0,0.00000,0.00000,0.00000,0.00000,"",0.00,0.00
2026.09.10 07:15:00,2026.09.10 07:15:00,2026.09.10 07:15:00,"10****84",XAUUSD,108151,2026.09.10 07:00:00,NONE,0.00000,0.00000,0.00,0.00000,0.00000,0.00000,0.00000,0.00000,0.00000,0.00000,0.00000,0.00000,0.00,0.00,0.00,0.00,0.00,0.00,0.00,"","","","","OutsideUTCWindow",TRUE,TRUE,FALSE,FALSE,FALSE,FALSE,FALSE,FALSE,FALSE,FALSE,FALSE,FALSE,FALSE,FALSE,FALSE,FALSE,FALSE,FALSE,FALSE,"Outside UTC session (08:00 - 16:00 UTC, Current: 07:15)","",0,0,0,0.00000,0.00000,0.00000,0.00000,"",0.00,0.00
2026.09.10 07:30:00,2026.09.10 07:30:00,2026.09.10 07:30:00,"10****84",XAUUSD,108151,2026.09.10 07:15:00,NONE,0.00000,0.00000,0.00,0.00000,0.00000,0.00000,0.00000,0.00000,0.00000,0.00000,0.00000,0.00000,0.00,0.00,0.00,0.00,0.00,0.00,0.00,"","","","","OutsideUTCWindow",TRUE,TRUE,FALSE,FALSE,FALSE,FALSE,FALSE,FALSE,FALSE,FALSE,FALSE,FALSE,FALSE,FALSE,FALSE,FALSE,FALSE,FALSE,FALSE,"Outside UTC session (08:00 - 16:00 UTC, Current: 07:30)","",0,0,0,0.00000,0.00000,0.00000,0.00000,"",0.00,0.00
2026.09.10 07:45:00,2026.09.10 07:45:00,2026.09.10 07:45:00,"10****84",XAUUSD,108151,2026.09.10 07:30:00,NONE,0.00000,0.00000,0.00,0.00000,0.00000,0.00000,0.00000,0.00000,0.00000,0.00000,0.00000,0.00000,0.00,0.00,0.00,0.00,0.00,0.00,0.00,"","","","","OutsideUTCWindow",TRUE,TRUE,FALSE,FALSE,FALSE,FALSE,FALSE,FALSE,FALSE,FALSE,FALSE,FALSE,FALSE,FALSE,FALSE,FALSE,FALSE,FALSE,FALSE,"Outside UTC session (08:00 - 16:00 UTC, Current: 07:45)","",0,0,0,0.00000,0.00000,0.00000,0.00000,"",0.00,0.00
2026.09.10 08:00:00,2026.09.10 08:00:00,2026.09.10 08:00:00,"10****84",XAUUSD,108151,2026.09.10 07:45:00,NONE,4403.00779,4430.02454,10.58,4409.15936,6.59357,7.62821,0.00000,4408.38000,0.00000,0.00000,0.00000,0.00000,0.00,0.00,0.00,0.00,0.00,0.00,0.00,"Loss: $0.00 (Max $50.00) | Losses: 0/Max 2","Loss: 1.46% / Max: 20.00%","DD: 13.03% / Max: 20.00% (HWM: $522.02)","BypassedInTester","ActiveSession",TRUE,TRUE,TRUE,TRUE,TRUE,TRUE,TRUE,TRUE,FALSE,FALSE,FALSE,TRUE,FALSE,FALSE,FALSE,FALSE,FALSE,FALSE,FALSE,"No valid H1 trend alignment (EMA50 vs EMA200 or Close vs EMA50)","",0,0,0,0.00000,0.00000,0.00000,0.00000,"",0.00,0.00
2026.09.10 08:15:00,2026.09.10 08:15:00,2026.09.10 08:15:00,"10****84",XAUUSD,108151,2026.09.10 08:00:00,NONE,4403.00779,4430.02454,10.58,4410.07561,6.95000,7.52429,0.00000,4418.78000,0.00000,0.00000,0.00000,0.00000,0.00,0.00,0.00,0.00,0.00,0.00,0.00,"Loss: $0.00 (Max $50.00) | Losses: 0/Max 2","Loss: 1.46% / Max: 20.00%","DD: 13.03% / Max: 20.00% (HWM: $522.02)","BypassedInTester","ActiveSession",TRUE,TRUE,TRUE,TRUE,TRUE,TRUE,TRUE,TRUE,FALSE,FALSE,FALSE,TRUE,FALSE,FALSE,FALSE,FALSE,FALSE,FALSE,FALSE,"No valid H1 trend alignment (EMA50 vs EMA200 or Close vs EMA50)","",0,0,0,0.00000,0.00000,0.00000,0.00000,"",0.00,0.00
2026.09.10 08:30:00,2026.09.10 08:30:00,2026.09.10 08:30:00,"10****84",XAUUSD,108151,2026.09.10 08:15:00,NONE,4403.00779,4430.02454,10.58,4411.08079,6.75357,7.45179,0.00000,4420.63000,0.00000,0.00000,0.00000,0.00000,0.00,0.00,0.00,0.00,0.00,0.00,0.00,"Loss: $0.00 (Max $50.00) | Losses: 0/Max 2","Loss: 1.46% / Max: 20.00%","DD: 13.03% / Max: 20.00% (HWM: $522.02)","BypassedInTester","ActiveSession",TRUE,TRUE,TRUE,TRUE,TRUE,TRUE,TRUE,TRUE,FALSE,FALSE,FALSE,TRUE,FALSE,FALSE,FALSE,FALSE,FALSE,FALSE,FALSE,"No valid H1 trend alignment (EMA50 vs EMA200 or Close vs EMA50)","",0,0,0,0.00000,0.00000,0.00000,0.00000,"",0.00,0.00
2026.09.10 08:45:00,2026.09.10 08:45:00,2026.09.10 08:45:00,"10****84",XAUUSD,108151,2026.09.10 08:30:00,NONE,4403.00779,4430.02454,10.58,4412.70548,7.11071,7.41786,0.00000,4428.14000,0.00000,0.00000,0.00000,0.00000,0.00,0.00,0.00,0.00,0.00,0.00,0.00,"Loss: $0.00 (Max $50.00) | Losses: 0/Max 2","Loss: 1.46% / Max: 20.00%","DD: 13.03% / Max: 20.00% (HWM: $522.02)","BypassedInTester","ActiveSession",TRUE,TRUE,TRUE,TRUE,TRUE,TRUE,TRUE,TRUE,FALSE,FALSE,FALSE,TRUE,FALSE,FALSE,FALSE,FALSE,FALSE,FALSE,FALSE,"No valid H1 trend alignment (EMA50 vs EMA200 or Close vs EMA50)","",0,0,0,0.00000,0.00000,0.00000,0.00000,"",0.00,0.00
2026.09.10 09:00:00,2026.09.10 09:00:00,2026.09.10 09:00:00,"10****84",XAUUSD,108151,2026.09.10 08:45:00,NONE,4404.10787,4430.03485,12.37,4414.45353,6.96000,7.31536,0.00000,4431.06000,0.00000,0.00000,0.00000,0.00000,0.00,0.00,0.00,0.00,0.00,0.00,0.00,"Loss: $0.00 (Max $50.00) | Losses: 0/Max 2","Loss: 1.46% / Max: 20.00%","DD: 13.03% / Max: 20.00% (HWM: $522.02)","BypassedInTester","ActiveSession",TRUE,TRUE,TRUE,TRUE,TRUE,TRUE,TRUE,TRUE,FALSE,FALSE,FALSE,TRUE,FALSE,FALSE,FALSE,FALSE,FALSE,FALSE,FALSE,"No valid H1 trend alignment (EMA50 vs EMA200 or Close vs EMA50)","",0,0,0,0.00000,0.00000,0.00000,0.00000,"",0.00,0.00
2026.09.10 09:15:00,2026.09.10 09:15:00,2026.09.10 09:15:00,"10****84",XAUUSD,108151,2026.09.10 09:00:00,NONE,4404.10787,4430.03485,12.37,4414.62367,7.60000,7.16250,0.00000,4416.24000,0.00000,0.00000,0.00000,0.00000,0.00,0.00,0.00,0.00,0.00,0.00,0.00,"Loss: $0.00 (Max $50.00) | Losses: 0/Max 2","Loss: 1.46% / Max: 20.00%","DD: 13.03% / Max: 20.00% (HWM: $522.02)","BypassedInTester","ActiveSession",TRUE,TRUE,TRUE,TRUE,TRUE,TRUE,TRUE,TRUE,FALSE,FALSE,FALSE,TRUE,FALSE,FALSE,FALSE,FALSE,FALSE,FALSE,FALSE,"No valid H1 trend alignment (EMA50 vs EMA200 or Close vs EMA50)","",0,0,0,0.00000,0.00000,0.00000,0.00000,"",0.00,0.00
2026.09.10 09:30:00,2026.09.10 09:30:00,2026.09.10 09:30:00,"10****84",XAUUSD,108151,2026.09.10 09:15:00,NONE,4404.10787,4430.03485,12.37,4414.89856,7.74857,7.16250,0.00000,4417.51000,0.00000,0.00000,0.00000,0.00000,0.00,0.00,0.00,0.00,0.00,0.00,0.00,"Loss: $0.00 (Max $50.00) | Losses: 0/Max 2","Loss: 1.46% / Max: 20.00%","DD: 13.03% / Max: 20.00% (HWM: $522.02)","BypassedInTester","ActiveSession",TRUE,TRUE,TRUE,TRUE,TRUE,TRUE,TRUE,TRUE,FALSE,FALSE,FALSE,TRUE,FALSE,FALSE,FALSE,FALSE,FALSE,FALSE,FALSE,"No valid H1 trend alignment (EMA50 vs EMA200 or Close vs EMA50)","",0,0,0,0.00000,0.00000,0.00000,0.00000,"",0.00,0.00
2026.09.10 09:45:00,2026.09.10 09:45:00,2026.09.10 09:45:00,"10****84",XAUUSD,108151,2026.09.10 09:30:00,NONE,4404.10787,4430.03485,12.37,4416.03108,8.04286,7.16250,0.00000,4426.79000,0.00000,0.00000,0.00000,0.00000,0.00,0.00,0.00,0.00,0.00,0.00,0.00,"Loss: $0.00 (Max $50.00) | Losses: 0/Max 2","Loss: 1.46% / Max: 20.00%","DD: 13.03% / Max: 20.00% (HWM: $522.02)","BypassedInTester","ActiveSession",TRUE,TRUE,TRUE,TRUE,TRUE,TRUE,TRUE,TRUE,FALSE,FALSE,FALSE,TRUE,FALSE,FALSE,FALSE,FALSE,FALSE,FALSE,FALSE,"No valid H1 trend alignment (EMA50 vs EMA200 or Close vs EMA50)","",0,0,0,0.00000,0.00000,0.00000,0.00000,"",0.00,0.00
2026.09.10 10:00:00,2026.09.10 10:00:00,2026.09.10 10:00:00,"10****84",XAUUSD,108151,2026.09.10 09:45:00,NONE,4404.93462,4429.98664,14.47,4416.90336,8.01786,7.16250,0.00000,4425.19000,0.00000,0.00000,0.00000,0.00000,0.00,0.00,0.00,0.00,0.00,0.00,0.00,"Loss: $0.00 (Max $50.00) | Losses: 0/Max 2","Loss: 1.46% / Max: 20.00%","DD: 13.03% / Max: 20.00% (HWM: $522.02)","BypassedInTester","ActiveSession",TRUE,TRUE,TRUE,TRUE,TRUE,TRUE,TRUE,TRUE,FALSE,FALSE,FALSE,TRUE,FALSE,FALSE,FALSE,FALSE,FALSE,FALSE,FALSE,"No valid H1 trend alignment (EMA50 vs EMA200 or Close vs EMA50)","",0,0,0,0.00000,0.00000,0.00000,0.00000,"",0.00,0.00
2026.09.10 10:15:00,2026.09.10 10:15:00,2026.09.10 10:15:00,"10****84",XAUUSD,108151,2026.09.10 10:00:00,NONE,4404.93462,4429.98664,14.47,4416.55065,8.51000,7.16250,0.00000,4413.20000,0.00000,0.00000,0.00000,0.00000,0.00,0.00,0.00,0.00,0.00,0.00,0.00,"Loss: $0.00 (Max $50.00) | Losses: 0/Max 2","Loss: 1.46% / Max: 20.00%","DD: 13.03% / Max: 20.00% (HWM: $522.02)","BypassedInTester","ActiveSession",TRUE,TRUE,TRUE,TRUE,TRUE,TRUE,TRUE,TRUE,FALSE,FALSE,FALSE,TRUE,FALSE,FALSE,FALSE,FALSE,FALSE,FALSE,FALSE,"No valid H1 trend alignment (EMA50 vs EMA200 or Close vs EMA50)","",0,0,0,0.00000,0.00000,0.00000,0.00000,"",0.00,0.00
2026.09.10 10:30:00,2026.09.10 10:30:00,2026.09.10 10:30:00,"10****84",XAUUSD,108151,2026.09.10 10:15:00,NONE,4404.93462,4429.98664,14.47,4415.77250,8.78214,7.16250,0.00000,4408.38000,0.00000,0.00000,0.00000,0.00000,0.00,0.00,0.00,0.00,0.00,0.00,0.00,"Loss: $0.00 (Max $50.00) | Losses: 0/Max 2","Loss: 1.46% / Max: 20.00%","DD: 13.03% / Max: 20.00% (HWM: $522.02)","BypassedInTester","ActiveSession",TRUE,TRUE,TRUE,TRUE,TRUE,TRUE,TRUE,TRUE,FALSE,FALSE,FALSE,TRUE,FALSE,FALSE,FALSE,FALSE,FALSE,FALSE,FALSE,"No valid H1 trend alignment (EMA50 vs EMA200 or Close vs EMA50)","",0,0,0,0.00000,0.00000,0.00000,0.00000,"",0.00,0.00
2026.09.10 10:45:00,2026.09.10 10:45:00,2026.09.10 10:45:00,"10****84",XAUUSD,108151,2026.09.10 10:30:00,NONE,4404.93462,4429.98664,14.47,4415.19131,8.80000,7.16250,0.00000,4409.67000,0.00000,0.00000,0.00000,0.00000,0.00,0.00,0.00,0.00,0.00,0.00,0.00,"Loss: $0.00 (Max $50.00) | Losses: 0/Max 2","Loss: 1.46% / Max: 20.00%","DD: 13.03% / Max: 20.00% (HWM: $522.02)","BypassedInTester","ActiveSession",TRUE,TRUE,TRUE,TRUE,TRUE,TRUE,TRUE,TRUE,FALSE,FALSE,FALSE,TRUE,FALSE,FALSE,FALSE,FALSE,FALSE,FALSE,FALSE,"No valid H1 trend alignment (EMA50 vs EMA200 or Close vs EMA50)","",0,0,0,0.00000,0.00000,0.00000,0.00000,"",0.00,0.00
2026.09.10 11:00:00,2026.09.10 11:00:00,2026.09.10 11:00:00,"10****84",XAUUSD,108151,2026.09.10 10:45:00,NONE,4405.20307,4429.80548,14.16,4414.86642,8.91714,7.16250,0.00000,4411.78000,0.00000,0.00000,0.00000,0.00000,0.00,0.00,0.00,0.00,0.00,0.00,0.00,"Loss: $0.00 (Max $50.00) | Losses: 0/Max 2","Loss: 1.46% / Max: 20.00%","DD: 13.03% / Max: 20.00% (HWM: $522.02)","BypassedInTester","ActiveSession",TRUE,TRUE,TRUE,TRUE,TRUE,TRUE,TRUE,TRUE,FALSE,FALSE,FALSE,TRUE,FALSE,FALSE,FALSE,FALSE,FALSE,FALSE,FALSE,"No valid H1 trend alignment (EMA50 vs EMA200 or Close vs EMA50)","",0,0,0,0.00000,0.00000,0.00000,0.00000,"",0.00,0.00
2026.09.10 11:15:00,2026.09.10 11:15:00,2026.09.10 11:15:00,"10****84",XAUUSD,108151,2026.09.10 11:00:00,NONE,4405.20307,4429.80548,14.16,4413.98390,8.91714,7.16250,0.00000,4405.60000,0.00000,0.00000,0.00000,0.00000,0.00,0.00,0.00,0.00,0.00,0.00,0.00,"Loss: $0.00 (Max $50.00) | Losses: 0/Max 2","Loss: 1.46% / Max: 20.00%","DD: 13.03% / Max: 20.00% (HWM: $522.02)","BypassedInTester","ActiveSession",TRUE,TRUE,TRUE,TRUE,TRUE,TRUE,TRUE,TRUE,FALSE,FALSE,FALSE,TRUE,FALSE,FALSE,FALSE,FALSE,FALSE,FALSE,FALSE,"No valid H1 trend alignment (EMA50 vs EMA200 or Close vs EMA50)","",0,0,0,0.00000,0.00000,0.00000,0.00000,"",0.00,0.00
2026.09.10 11:30:00,2026.09.10 11:30:00,2026.09.10 11:30:00,"10****84",XAUUSD,108151,2026.09.10 11:15:00,NONE,4405.20307,4429.80548,14.16,4413.18639,8.80500,7.16250,0.00000,4405.61000,0.00000,0.00000,0.00000,0.00000,0.00,0.00,0.00,0.00,0.00,0.00,0.00,"Loss: $0.00 (Max $50.00) | Losses: 0/Max 2","Loss: 1.46% / Max: 20.00%","DD: 13.03% / Max: 20.00% (HWM: $522.02)","BypassedInTester","ActiveSession",TRUE,TRUE,TRUE,TRUE,TRUE,TRUE,TRUE,TRUE,FALSE,FALSE,FALSE,TRUE,FALSE,FALSE,FALSE,FALSE,FALSE,FALSE,FALSE,"No valid H1 trend alignment (EMA50 vs EMA200 or Close vs EMA50)","",0,0,0,0.00000,0.00000,0.00000,0.00000,"",0.00,0.00
2026.09.10 11:45:00,2026.09.10 11:45:00,2026.09.10 11:45:00,"10****84",XAUUSD,108151,2026.09.10 11:30:00,NONE,4405.20307,4429.80548,14.16,4411.53530,8.83857,7.16250,0.00000,4395.85000,0.00000,0.00000,0.00000,0.00000,0.00,0.00,0.00,0.00,0.00,0.00,0.00,"Loss: $0.00 (Max $50.00) | Losses: 0/Max 2","Loss: 1.46% / Max: 20.00%","DD: 13.03% / Max: 20.00% (HWM: $522.02)","BypassedInTester","ActiveSession",TRUE,TRUE,TRUE,TRUE,TRUE,TRUE,TRUE,TRUE,FALSE,FALSE,FALSE,TRUE,FALSE,FALSE,FALSE,FALSE,FALSE,FALSE,FALSE,"No valid H1 trend alignment (EMA50 vs EMA200 or Close vs EMA50)","",0,0,0,0.00000,0.00000,0.00000,0.00000,"",0.00,0.00
2026.09.10 12:00:00,2026.09.10 12:00:00,2026.09.10 12:00:00,"10****84",XAUUSD,108151,2026.09.10 11:45:00,NONE,4404.79628,4429.45746,13.69,4409.94432,8.99214,7.16250,0.00000,4394.83000,0.00000,0.00000,0.00000,0.00000,0.00,0.00,0.00,0.00,0.00,0.00,0.00,"Loss: $0.00 (Max $50.00) | Losses: 0/Max 2","Loss: 1.46% / Max: 20.00%","DD: 13.03% / Max: 20.00% (HWM: $522.02)","BypassedInTester","ActiveSession",TRUE,TRUE,TRUE,TRUE,TRUE,TRUE,TRUE,TRUE,FALSE,FALSE,FALSE,TRUE,FALSE,FALSE,FALSE,FALSE,FALSE,FALSE,FALSE,"Short trend exists but H1 ADX (13.69) < MinADX (20.00)","",0,0,0,0.00000,0.00000,0.00000,0.00000,"",0.00,0.00
2026.09.10 12:15:00,2026.09.10 12:15:00,2026.09.10 12:15:00,"10****84",XAUUSD,108151,2026.09.10 12:00:00,NONE,4404.79628,4429.45746,13.69,4408.50772,8.62071,7.16250,0.00000,4394.86000,0.00000,0.00000,0.00000,0.00000,0.00,0.00,0.00,0.00,0.00,0.00,0.00,"Loss: $0.00 (Max $50.00) | Losses: 0/Max 2","Loss: 1.46% / Max: 20.00%","DD: 13.03% / Max: 20.00% (HWM: $522.02)","BypassedInTester","ActiveSession",TRUE,TRUE,TRUE,TRUE,TRUE,TRUE,TRUE,TRUE,FALSE,FALSE,FALSE,TRUE,FALSE,FALSE,FALSE,FALSE,FALSE,FALSE,FALSE,"Short trend exists but H1 ADX (13.69) < MinADX (20.00)","",0,0,0,0.00000,0.00000,0.00000,0.00000,"",0.00,0.00
2026.09.10 12:30:00,2026.09.10 12:30:00,2026.09.10 12:30:00,"10****84",XAUUSD,108151,2026.09.10 12:15:00,NONE,4404.79628,4429.45746,13.69,4407.01841,8.44714,7.16250,0.00000,4392.87000,0.00000,0.00000,0.00000,0.00000,0.00,0.00,0.00,0.00,0.00,0.00,0.00,"Loss: $0.00 (Max $50.00) | Losses: 0/Max 2","Loss: 1.46% / Max: 20.00%","DD: 13.03% / Max: 20.00% (HWM: $522.02)","BypassedInTester","ActiveSession",TRUE,TRUE,TRUE,TRUE,TRUE,TRUE,TRUE,TRUE,FALSE,FALSE,FALSE,TRUE,FALSE,FALSE,FALSE,FALSE,FALSE,FALSE,FALSE,"Short trend exists but H1 ADX (13.69) < MinADX (20.00)","",0,0,0,0.00000,0.00000,0.00000,0.00000,"",0.00,0.00
2026.09.10 12:45:00,2026.09.10 12:45:00,2026.09.10 12:45:00,"10****84",XAUUSD,108151,2026.09.10 12:30:00,NONE,4404.79628,4429.45746,13.69,4405.68238,7.45357,7.16250,0.00000,4392.99000,0.00000,0.00000,0.00000,0.00000,0.00,0.00,0.00,0.00,0.00,0.00,0.00,"Loss: $0.00 (Max $50.00) | Losses: 0/Max 2","Loss: 1.46% / Max: 20.00%","DD: 13.03% / Max: 20.00% (HWM: $522.02)","BypassedInTester","ActiveSession",TRUE,TRUE,TRUE,TRUE,TRUE,TRUE,TRUE,TRUE,FALSE,FALSE,FALSE,TRUE,FALSE,FALSE,FALSE,FALSE,FALSE,FALSE,FALSE,"Short trend exists but H1 ADX (13.69) < MinADX (20.00)","",0,0,0,0.00000,0.00000,0.00000,0.00000,"",0.00,0.00
2026.09.10 13:00:00,2026.09.10 13:00:00,2026.09.10 13:00:00,"10****84",XAUUSD,108151,2026.09.10 12:45:00,NONE,4404.37329,4429.10475,15.24,4404.57072,7.20643,7.16250,0.00000,4394.01000,0.00000,0.00000,0.00000,0.00000,0.00,0.00,0.00,0.00,0.00,0.00,0.00,"Loss: $0.00 (Max $50.00) | Losses: 0/Max 2","Loss: 1.46% / Max: 20.00%","DD: 13.03% / Max: 20.00% (HWM: $522.02)","BypassedInTester","ActiveSession",TRUE,TRUE,TRUE,TRUE,TRUE,TRUE,TRUE,TRUE,FALSE,FALSE,FALSE,TRUE,FALSE,FALSE,FALSE,FALSE,FALSE,FALSE,FALSE,"Short trend exists but H1 ADX (15.24) < MinADX (20.00)","",0,0,0,0.00000,0.00000,0.00000,0.00000,"",0.00,0.00
2026.09.10 13:15:00,2026.09.10 13:15:00,2026.09.10 13:15:00,"10****84",XAUUSD,108151,2026.09.10 13:00:00,NONE,4404.37329,4429.10475,15.24,4403.67065,6.95286,7.15857,0.00000,4395.12000,0.00000,0.00000,0.00000,0.00000,0.00,0.00,0.00,0.00,0.00,0.00,0.00,"Loss: $0.00 (Max $50.00) | Losses: 0/Max 2","Loss: 1.46% / Max: 20.00%","DD: 13.03% / Max: 20.00% (HWM: $522.02)","BypassedInTester","ActiveSession",TRUE,TRUE,TRUE,TRUE,TRUE,TRUE,TRUE,TRUE,FALSE,FALSE,FALSE,TRUE,FALSE,FALSE,FALSE,FALSE,FALSE,FALSE,FALSE,"Short trend exists but H1 ADX (15.24) < MinADX (20.00)","",0,0,0,0.00000,0.00000,0.00000,0.00000,"",0.00,0.00
2026.09.10 13:30:00,2026.09.10 13:30:00,2026.09.10 13:30:00,"10****84",XAUUSD,108151,2026.09.10 13:15:00,NONE,4404.37329,4429.10475,15.24,4402.75154,7.05071,7.15857,0.00000,4394.02000,0.00000,0.00000,0.00000,0.00000,0.00,0.00,0.00,0.00,0.00,0.00,0.00,"Loss: $0.00 (Max $50.00) | Losses: 0/Max 2","Loss: 1.46% / Max: 20.00%","DD: 13.03% / Max: 20.00% (HWM: $522.02)","BypassedInTester","ActiveSession",TRUE,TRUE,TRUE,TRUE,TRUE,TRUE,TRUE,TRUE,FALSE,FALSE,FALSE,TRUE,FALSE,FALSE,FALSE,FALSE,FALSE,FALSE,FALSE,"Short trend exists but H1 ADX (15.24) < MinADX (20.00)","",0,0,0,0.00000,0.00000,0.00000,0.00000,"",0.00,0.00
2026.09.10 13:45:00,2026.09.10 13:45:00,2026.09.10 13:45:00,"10****84",XAUUSD,108151,2026.09.10 13:30:00,NONE,4404.37329,4429.10475,15.24,4400.93616,7.37714,7.15857,0.00000,4383.69000,0.00000,0.00000,0.00000,0.00000,0.00,0.00,0.00,0.00,0.00,0.00,0.00,"Loss: $0.00 (Max $50.00) | Losses: 0/Max 2","Loss: 1.46% / Max: 20.00%","DD: 13.03% / Max: 20.00% (HWM: $522.02)","BypassedInTester","ActiveSession",TRUE,TRUE,TRUE,TRUE,TRUE,TRUE,TRUE,TRUE,FALSE,FALSE,FALSE,TRUE,FALSE,FALSE,FALSE,FALSE,FALSE,FALSE,FALSE,"Short trend exists but H1 ADX (15.24) < MinADX (20.00)","",0,0,0,0.00000,0.00000,0.00000,0.00000,"",0.00,0.00
2026.09.10 14:00:00,2026.09.10 14:00:00,2026.09.10 14:00:00,"10****84",XAUUSD,108151,2026.09.10 13:45:00,NONE,4403.37316,4428.60490,18.32,4398.83462,7.80500,7.29179,0.00000,4378.87000,0.00000,0.00000,0.00000,0.00000,0.00,0.00,0.00,0.00,0.00,0.00,0.00,"Loss: $0.00 (Max $50.00) | Losses: 0/Max 2","Loss: 1.46% / Max: 20.00%","DD: 13.03% / Max: 20.00% (HWM: $522.02)","BypassedInTester","ActiveSession",TRUE,TRUE,TRUE,TRUE,TRUE,TRUE,TRUE,TRUE,FALSE,FALSE,FALSE,TRUE,FALSE,FALSE,FALSE,FALSE,FALSE,FALSE,FALSE,"Short trend exists but H1 ADX (18.32) < MinADX (20.00)","",0,0,0,0.00000,0.00000,0.00000,0.00000,"",0.00,0.00
2026.09.10 14:15:00,2026.09.10 14:15:00,2026.09.10 14:15:00,"10****84",XAUUSD,108151,2026.09.10 14:00:00,NONE,4403.37316,4428.60490,18.32,4397.37418,7.98857,7.39679,0.00000,4383.50000,0.00000,0.00000,0.00000,0.00000,0.00,0.00,0.00,0.00,0.00,0.00,0.00,"Loss: $0.00 (Max $50.00) | Losses: 0/Max 2","Loss: 1.46% / Max: 20.00%","DD: 13.03% / Max: 20.00% (HWM: $522.02)","BypassedInTester","ActiveSession",TRUE,TRUE,TRUE,TRUE,TRUE,TRUE,TRUE,TRUE,FALSE,FALSE,FALSE,TRUE,FALSE,FALSE,FALSE,FALSE,FALSE,FALSE,FALSE,"Short trend exists but H1 ADX (18.32) < MinADX (20.00)","",0,0,0,0.00000,0.00000,0.00000,0.00000,"",0.00,0.00
2026.09.10 14:30:00,2026.09.10 14:30:00,2026.09.10 14:30:00,"10****84",XAUUSD,108151,2026.09.10 14:15:00,NONE,4403.37316,4428.60490,18.32,4396.28140,8.15643,7.43500,0.00000,4385.90000,0.00000,0.00000,0.00000,0.00000,0.00,0.00,0.00,0.00,0.00,0.00,0.00,"Loss: $0.00 (Max $50.00) | Losses: 0/Max 2","Loss: 1.46% / Max: 20.00%","DD: 13.03% / Max: 20.00% (HWM: $522.02)","BypassedInTester","ActiveSession",TRUE,TRUE,TRUE,TRUE,TRUE,TRUE,TRUE,TRUE,FALSE,FALSE,FALSE,TRUE,FALSE,FALSE,FALSE,FALSE,FALSE,FALSE,FALSE,"Short trend exists but H1 ADX (18.32) < MinADX (20.00)","",0,0,0,0.00000,0.00000,0.00000,0.00000,"",0.00,0.00
2026.09.10 14:45:00,2026.09.10 14:45:00,2026.09.10 14:45:00,"10****84",XAUUSD,108151,2026.09.10 14:30:00,NONE,4403.37316,4428.60490,18.32,4395.16127,8.01857,7.46893,0.00000,4384.52000,0.00000,0.00000,0.00000,0.00000,0.00,0.00,0.00,0.00,0.00,0.00,0.00,"Loss: $0.00 (Max $50.00) | Losses: 0/Max 2","Loss: 1.46% / Max: 20.00%","DD: 13.03% / Max: 20.00% (HWM: $522.02)","BypassedInTester","ActiveSession",TRUE,TRUE,TRUE,TRUE,TRUE,TRUE,TRUE,TRUE,FALSE,FALSE,FALSE,TRUE,FALSE,FALSE,FALSE,FALSE,FALSE,FALSE,FALSE,"Short trend exists but H1 ADX (18.32) < MinADX (20.00)","",0,0,0,0.00000,0.00000,0.00000,0.00000,"",0.00,0.00
2026.09.10 15:00:00,2026.09.10 15:00:00,2026.09.10 15:00:00,"10****84",XAUUSD,108151,2026.09.10 14:45:00,SELL,4402.24167,4428.06675,21.26,4393.19543,8.59500,7.52429,0.00000,4374.52000,0.00000,0.00000,0.00000,0.00000,0.00,0.00,0.00,0.00,0.00,0.00,0.00,"Loss: $0.00 (Max $50.00) | Losses: 0/Max 2","Loss: 1.46% / Max: 20.00%","DD: 13.03% / Max: 20.00% (HWM: $522.02)","BypassedInTester","ActiveSession",TRUE,TRUE,TRUE,TRUE,TRUE,TRUE,TRUE,TRUE,TRUE,FALSE,FALSE,TRUE,FALSE,FALSE,FALSE,FALSE,FALSE,FALSE,FALSE,"No M15 candle in shifts 2-4 touched above EMA20","",0,0,0,0.00000,0.00000,0.00000,0.00000,"",0.00,0.00
2026.09.10 15:15:00,2026.09.10 15:15:00,2026.09.10 15:15:00,"10****84",XAUUSD,108151,2026.09.10 15:00:00,SELL,4402.24167,4428.06675,21.26,4391.48634,8.36357,7.58214,0.00000,4375.25000,0.00000,0.00000,0.00000,0.00000,0.00,0.00,0.00,0.00,0.00,0.00,0.00,"Loss: $0.00 (Max $50.00) | Losses: 0/Max 2","Loss: 1.46% / Max: 20.00%","DD: 13.03% / Max: 20.00% (HWM: $522.02)","BypassedInTester","ActiveSession",TRUE,TRUE,TRUE,TRUE,TRUE,TRUE,TRUE,TRUE,TRUE,FALSE,FALSE,TRUE,FALSE,FALSE,FALSE,FALSE,FALSE,FALSE,FALSE,"No M15 candle in shifts 2-4 touched above EMA20","",0,0,0,0.00000,0.00000,0.00000,0.00000,"",0.00,0.00
2026.09.10 15:30:00,2026.09.10 15:30:00,2026.09.10 15:30:00,"10****84",XAUUSD,108151,2026.09.10 15:15:00,SELL,4402.24167,4428.06675,21.26,4388.81336,9.02929,7.64607,0.00000,4363.42000,0.00000,0.00000,0.00000,0.00000,0.00,0.00,0.00,0.00,0.00,0.00,0.00,"Loss: $0.00 (Max $50.00) | Losses: 0/Max 2","Loss: 1.46% / Max: 20.00%","DD: 13.03% / Max: 20.00% (HWM: $522.02)","BypassedInTester","ActiveSession",TRUE,TRUE,TRUE,TRUE,TRUE,TRUE,TRUE,TRUE,TRUE,FALSE,FALSE,TRUE,FALSE,FALSE,FALSE,FALSE,FALSE,FALSE,FALSE,"No M15 candle in shifts 2-4 touched above EMA20","",0,0,0,0.00000,0.00000,0.00000,0.00000,"",0.00,0.00
2026.09.10 15:45:00,2026.09.10 15:45:00,2026.09.10 15:45:00,"10****84",XAUUSD,108151,2026.09.10 15:30:00,SELL,4402.24167,4428.06675,21.26,4384.24732,12.06643,7.72036,0.00000,4340.87000,0.00000,0.00000,0.00000,0.00000,0.00,0.00,0.00,0.00,0.00,0.00,0.00,"Loss: $0.00 (Max $50.00) | Losses: 0/Max 2","Loss: 1.46% / Max: 20.00%","DD: 13.03% / Max: 20.00% (HWM: $522.02)","BypassedInTester","ActiveSession",TRUE,TRUE,TRUE,TRUE,TRUE,TRUE,TRUE,TRUE,TRUE,FALSE,FALSE,TRUE,FALSE,FALSE,FALSE,FALSE,FALSE,FALSE,FALSE,"No M15 candle in shifts 2-4 touched above EMA20","",0,0,0,0.00000,0.00000,0.00000,0.00000,"",0.00,0.00
2026.09.10 16:00:00,2026.09.10 16:00:00,2026.09.10 16:00:00,"10****84",XAUUSD,108151,2026.09.10 15:45:00,NONE,0.00000,0.00000,0.00,0.00000,0.00000,0.00000,0.00000,0.00000,0.00000,0.00000,0.00000,0.00000,0.00,0.00,0.00,0.00,0.00,0.00,0.00,"","","","","OutsideUTCWindow",TRUE,TRUE,FALSE,FALSE,FALSE,FALSE,FALSE,FALSE,FALSE,FALSE,FALSE,FALSE,FALSE,FALSE,FALSE,FALSE,FALSE,FALSE,FALSE,"Outside UTC session (08:00 - 16:00 UTC, Current: 16:00)","",0,0,0,0.00000,0.00000,0.00000,0.00000,"",0.00,0.00
2026.09.10 16:15:00,2026.09.10 16:15:00,2026.09.10 16:15:00,"10****84",XAUUSD,108151,2026.09.10 16:00:00,NONE,0.00000,0.00000,0.00,0.00000,0.00000,0.00000,0.00000,0.00000,0.00000,0.00000,0.00000,0.00000,0.00,0.00,0.00,0.00,0.00,0.00,0.00,"","","","","OutsideUTCWindow",TRUE,TRUE,FALSE,FALSE,FALSE,FALSE,FALSE,FALSE,FALSE,FALSE,FALSE,FALSE,FALSE,FALSE,FALSE,FALSE,FALSE,FALSE,FALSE,"Outside UTC session (08:00 - 16:00 UTC, Current: 16:15)","",0,0,0,0.00000,0.00000,0.00000,0.00000,"",0.00,0.00
2026.09.10 16:30:00,2026.09.10 16:30:00,2026.09.10 16:30:00,"10****84",XAUUSD,108151,2026.09.10 16:15:00,NONE,0.00000,0.00000,0.00,0.00000,0.00000,0.00000,0.00000,0.00000,0.00000,0.00000,0.00000,0.00000,0.00,0.00,0.00,0.00,0.00,0.00,0.00,"","","","","OutsideUTCWindow",TRUE,TRUE,FALSE,FALSE,FALSE,FALSE,FALSE,FALSE,FALSE,FALSE,FALSE,FALSE,FALSE,FALSE,FALSE,FALSE,FALSE,FALSE,FALSE,"Outside UTC session (08:00 - 16:00 UTC, Current: 16:30)","",0,0,0,0.00000,0.00000,0.00000,0.00000,"",0.00,0.00
2026.09.10 16:45:00,2026.09.10 16:45:00,2026.09.10 16:45:00,"10****84",XAUUSD,108151,2026.09.10 16:30:00,NONE,0.00000,0.00000,0.00,0.00000,0.00000,0.00000,0.00000,0.00000,0.00000,0.00000,0.00000,0.00000,0.00,0.00,0.00,0.00,0.00,0.00,0.00,"","","","","OutsideUTCWindow",TRUE,TRUE,FALSE,FALSE,FALSE,FALSE,FALSE,FALSE,FALSE,FALSE,FALSE,FALSE,FALSE,FALSE,FALSE,FALSE,FALSE,FALSE,FALSE,"Outside UTC session (08:00 - 16:00 UTC, Current: 16:45)","",0,0,0,0.00000,0.00000,0.00000,0.00000,"",0.00,0.00
2026.09.10 17:00:00,2026.09.10 17:00:00,2026.09.10 17:00:00,"10****84",XAUUSD,108151,2026.09.10 16:45:00,NONE,0.00000,0.00000,0.00,0.00000,0.00000,0.00000,0.00000,0.00000,0.00000,0.00000,0.00000,0.00000,0.00,0.00,0.00,0.00,0.00,0.00,0.00,"","","","","OutsideUTCWindow",TRUE,TRUE,FALSE,FALSE,FALSE,FALSE,FALSE,FALSE,FALSE,FALSE,FALSE,FALSE,FALSE,FALSE,FALSE,FALSE,FALSE,FALSE,FALSE,"Outside UTC session (08:00 - 16:00 UTC, Current: 17:00)","",0,0,0,0.00000,0.00000,0.00000,0.00000,"",0.00,0.00
2026.09.10 17:15:00,2026.09.10 17:15:00,2026.09.10 17:15:00,"10****84",XAUUSD,108151,2026.09.10 17:00:00,NONE,0.00000,0.00000,0.00,0.00000,0.00000,0.00000,0.00000,0.00000,0.00000,0.00000,0.00000,0.00000,0.00,0.00,0.00,0.00,0.00,0.00,0.00,"","","","","OutsideUTCWindow",TRUE,TRUE,FALSE,FALSE,FALSE,FALSE,FALSE,FALSE,FALSE,FALSE,FALSE,FALSE,FALSE,FALSE,FALSE,FALSE,FALSE,FALSE,FALSE,"Outside UTC session (08:00 - 16:00 UTC, Current: 17:15)","",0,0,0,0.00000,0.00000,0.00000,0.00000,"",0.00,0.00
2026.09.10 17:30:00,2026.09.10 17:30:00,2026.09.10 17:30:00,"10****84",XAUUSD,108151,2026.09.10 17:15:00,NONE,0.00000,0.00000,0.00,0.00000,0.00000,0.00000,0.00000,0.00000,0.00000,0.00000,0.00000,0.00000,0.00,0.00,0.00,0.00,0.00,0.00,0.00,"","","","","OutsideUTCWindow",TRUE,TRUE,FALSE,FALSE,FALSE,FALSE,FALSE,FALSE,FALSE,FALSE,FALSE,FALSE,FALSE,FALSE,FALSE,FALSE,FALSE,FALSE,FALSE,"Outside UTC session (08:00 - 16:00 UTC, Current: 17:30)","",0,0,0,0.00000,0.00000,0.00000,0.00000,"",0.00,0.00
2026.09.10 17:45:00,2026.09.10 17:45:00,2026.09.10 17:45:00,"10****84",XAUUSD,108151,2026.09.10 17:30:00,NONE,0.00000,0.00000,0.00,0.00000,0.00000,0.00000,0.00000,0.00000,0.00000,0.00000,0.00000,0.00000,0.00,0.00,0.00,0.00,0.00,0.00,0.00,"","","","","OutsideUTCWindow",TRUE,TRUE,FALSE,FALSE,FALSE,FALSE,FALSE,FALSE,FALSE,FALSE,FALSE,FALSE,FALSE,FALSE,FALSE,FALSE,FALSE,FALSE,FALSE,"Outside UTC session (08:00 - 16:00 UTC, Current: 17:45)","",0,0,0,0.00000,0.00000,0.00000,0.00000,"",0.00,0.00
2026.09.10 18:00:00,2026.09.10 18:00:00,2026.09.10 18:00:00,"10****84",XAUUSD,108151,2026.09.10 17:45:00,NONE,0.00000,0.00000,0.00,0.00000,0.00000,0.00000,0.00000,0.00000,0.00000,0.00000,0.00000,0.00000,0.00,0.00,0.00,0.00,0.00,0.00,0.00,"","","","","OutsideUTCWindow",TRUE,TRUE,FALSE,FALSE,FALSE,FALSE,FALSE,FALSE,FALSE,FALSE,FALSE,FALSE,FALSE,FALSE,FALSE,FALSE,FALSE,FALSE,FALSE,"Outside UTC session (08:00 - 16:00 UTC, Current: 18:00)","",0,0,0,0.00000,0.00000,0.00000,0.00000,"",0.00,0.00
2026.09.10 18:15:00,2026.09.10 18:15:00,2026.09.10 18:15:00,"10****84",XAUUSD,108151,2026.09.10 18:00:00,NONE,0.00000,0.00000,0.00,0.00000,0.00000,0.00000,0.00000,0.00000,0.00000,0.00000,0.00000,0.00000,0.00,0.00,0.00,0.00,0.00,0.00,0.00,"","","","","OutsideUTCWindow",TRUE,TRUE,FALSE,FALSE,FALSE,FALSE,FALSE,FALSE,FALSE,FALSE,FALSE,FALSE,FALSE,FALSE,FALSE,FALSE,FALSE,FALSE,FALSE,"Outside UTC session (08:00 - 16:00 UTC, Current: 18:15)","",0,0,0,0.00000,0.00000,0.00000,0.00000,"",0.00,0.00
2026.09.10 18:30:00,2026.09.10 18:30:00,2026.09.10 18:30:00,"10****84",XAUUSD,108151,2026.09.10 18:15:00,NONE,0.00000,0.00000,0.00,0.00000,0.00000,0.00000,0.00000,0.00000,0.00000,0.00000,0.00000,0.00000,0.00,0.00,0.00,0.00,0.00,0.00,0.00,"","","","","OutsideUTCWindow",TRUE,TRUE,FALSE,FALSE,FALSE,FALSE,FALSE,FALSE,FALSE,FALSE,FALSE,FALSE,FALSE,FALSE,FALSE,FALSE,FALSE,FALSE,FALSE,"Outside UTC session (08:00 - 16:00 UTC, Current: 18:30)","",0,0,0,0.00000,0.00000,0.00000,0.00000,"",0.00,0.00
2026.09.10 18:45:00,2026.09.10 18:45:00,2026.09.10 18:45:00,"10****84",XAUUSD,108151,2026.09.10 18:30:00,NONE,0.00000,0.00000,0.00,0.00000,0.00000,0.00000,0.00000,0.00000,0.00000,0.00000,0.00000,0.00000,0.00,0.00,0.00,0.00,0.00,0.00,0.00,"","","","","OutsideUTCWindow",TRUE,TRUE,FALSE,FALSE,FALSE,FALSE,FALSE,FALSE,FALSE,FALSE,FALSE,FALSE,FALSE,FALSE,FALSE,FALSE,FALSE,FALSE,FALSE,"Outside UTC session (08:00 - 16:00 UTC, Current: 18:45)","",0,0,0,0.00000,0.00000,0.00000,0.00000,"",0.00,0.00
2026.09.10 19:00:00,2026.09.10 19:00:00,2026.09.10 19:00:00,"10****84",XAUUSD,108151,2026.09.10 18:45:00,NONE,0.00000,0.00000,0.00,0.00000,0.00000,0.00000,0.00000,0.00000,0.00000,0.00000,0.00000,0.00000,0.00,0.00,0.00,0.00,0.00,0.00,0.00,"","","","","OutsideUTCWindow",TRUE,TRUE,FALSE,FALSE,FALSE,FALSE,FALSE,FALSE,FALSE,FALSE,FALSE,FALSE,FALSE,FALSE,FALSE,FALSE,FALSE,FALSE,FALSE,"Outside UTC session (08:00 - 16:00 UTC, Current: 19:00)","",0,0,0,0.00000,0.00000,0.00000,0.00000,"",0.00,0.00
2026.09.10 19:15:00,2026.09.10 19:15:00,2026.09.10 19:15:00,"10****84",XAUUSD,108151,2026.09.10 19:00:00,NONE,0.00000,0.00000,0.00,0.00000,0.00000,0.00000,0.00000,0.00000,0.00000,0.00000,0.00000,0.00000,0.00,0.00,0.00,0.00,0.00,0.00,0.00,"","","","","OutsideUTCWindow",TRUE,TRUE,FALSE,FALSE,FALSE,FALSE,FALSE,FALSE,FALSE,FALSE,FALSE,FALSE,FALSE,FALSE,FALSE,FALSE,FALSE,FALSE,FALSE,"Outside UTC session (08:00 - 16:00 UTC, Current: 19:15)","",0,0,0,0.00000,0.00000,0.00000,0.00000,"",0.00,0.00
2026.09.10 19:30:00,2026.09.10 19:30:00,2026.09.10 19:30:00,"10****84",XAUUSD,108151,2026.09.10 19:15:00,NONE,0.00000,0.00000,0.00,0.00000,0.00000,0.00000,0.00000,0.00000,0.00000,0.00000,0.00000,0.00000,0.00,0.00,0.00,0.00,0.00,0.00,0.00,"","","","","OutsideUTCWindow",TRUE,TRUE,FALSE,FALSE,FALSE,FALSE,FALSE,FALSE,FALSE,FALSE,FALSE,FALSE,FALSE,FALSE,FALSE,FALSE,FALSE,FALSE,FALSE,"Outside UTC session (08:00 - 16:00 UTC, Current: 19:30)","",0,0,0,0.00000,0.00000,0.00000,0.00000,"",0.00,0.00
2026.09.10 19:45:00,2026.09.10 19:45:00,2026.09.10 19:45:00,"10****84",XAUUSD,108151,2026.09.10 19:30:00,NONE,0.00000,0.00000,0.00,0.00000,0.00000,0.00000,0.00000,0.00000,0.00000,0.00000,0.00000,0.00000,0.00,0.00,0.00,0.00,0.00,0.00,0.00,"","","","","OutsideUTCWindow",TRUE,TRUE,FALSE,FALSE,FALSE,FALSE,FALSE,FALSE,FALSE,FALSE,FALSE,FALSE,FALSE,FALSE,FALSE,FALSE,FALSE,FALSE,FALSE,"Outside UTC session (08:00 - 16:00 UTC, Current: 19:45)","",0,0,0,0.00000,0.00000,0.00000,0.00000,"",0.00,0.00
2026.09.10 20:00:00,2026.09.10 20:00:00,2026.09.10 20:00:00,"10****84",XAUUSD,108151,2026.09.10 19:45:00,NONE,0.00000,0.00000,0.00,0.00000,0.00000,0.00000,0.00000,0.00000,0.00000,0.00000,0.00000,0.00000,0.00,0.00,0.00,0.00,0.00,0.00,0.00,"","","","","OutsideUTCWindow",TRUE,TRUE,FALSE,FALSE,FALSE,FALSE,FALSE,FALSE,FALSE,FALSE,FALSE,FALSE,FALSE,FALSE,FALSE,FALSE,FALSE,FALSE,FALSE,"Outside UTC session (08:00 - 16:00 UTC, Current: 20:00)","",0,0,0,0.00000,0.00000,0.00000,0.00000,"",0.00,0.00
2026.09.10 20:15:00,2026.09.10 20:15:00,2026.09.10 20:15:00,"10****84",XAUUSD,108151,2026.09.10 20:00:00,NONE,0.00000,0.00000,0.00,0.00000,0.00000,0.00000,0.00000,0.00000,0.00000,0.00000,0.00000,0.00000,0.00,0.00,0.00,0.00,0.00,0.00,0.00,"","","","","OutsideUTCWindow",TRUE,TRUE,FALSE,FALSE,FALSE,FALSE,FALSE,FALSE,FALSE,FALSE,FALSE,FALSE,FALSE,FALSE,FALSE,FALSE,FALSE,FALSE,FALSE,"Outside UTC session (08:00 - 16:00 UTC, Current: 20:15)","",0,0,0,0.00000,0.00000,0.00000,0.00000,"",0.00,0.00
2026.09.10 20:30:00,2026.09.10 20:30:00,2026.09.10 20:30:00,"10****84",XAUUSD,108151,2026.09.10 20:15:00,NONE,0.00000,0.00000,0.00,0.00000,0.00000,0.00000,0.00000,0.00000,0.00000,0.00000,0.00000,0.00000,0.00,0.00,0.00,0.00,0.00,0.00,0.00,"","","","","OutsideUTCWindow",TRUE,TRUE,FALSE,FALSE,FALSE,FALSE,FALSE,FALSE,FALSE,FALSE,FALSE,FALSE,FALSE,FALSE,FALSE,FALSE,FALSE,FALSE,FALSE,"Outside UTC session (08:00 - 16:00 UTC, Current: 20:30)","",0,0,0,0.00000,0.00000,0.00000,0.00000,"",0.00,0.00
2026.09.10 20:45:00,2026.09.10 20:45:00,2026.09.10 20:45:00,"10****84",XAUUSD,108151,2026.09.10 20:30:00,NONE,0.00000,0.00000,0.00,0.00000,0.00000,0.00000,0.00000,0.00000,0.00000,0.00000,0.00000,0.00000,0.00,0.00,0.00,0.00,0.00,0.00,0.00,"","","","","OutsideUTCWindow",TRUE,TRUE,FALSE,FALSE,FALSE,FALSE,FALSE,FALSE,FALSE,FALSE,FALSE,FALSE,FALSE,FALSE,FALSE,FALSE,FALSE,FALSE,FALSE,"Outside UTC session (08:00 - 16:00 UTC, Current: 20:45)","",0,0,0,0.00000,0.00000,0.00000,0.00000,"",0.00,0.00
2026.09.10 21:00:00,2026.09.10 21:00:00,2026.09.10 21:00:00,"10****84",XAUUSD,108151,2026.09.10 20:45:00,NONE,0.00000,0.00000,0.00,0.00000,0.00000,0.00000,0.00000,0.00000,0.00000,0.00000,0.00000,0.00000,0.00,0.00,0.00,0.00,0.00,0.00,0.00,"","","","","OutsideUTCWindow",TRUE,TRUE,FALSE,FALSE,FALSE,FALSE,FALSE,FALSE,FALSE,FALSE,FALSE,FALSE,FALSE,FALSE,FALSE,FALSE,FALSE,FALSE,FALSE,"Outside UTC session (08:00 - 16:00 UTC, Current: 21:00)","",0,0,0,0.00000,0.00000,0.00000,0.00000,"",0.00,0.00
2026.09.10 21:15:00,2026.09.10 21:15:00,2026.09.10 21:15:00,"10****84",XAUUSD,108151,2026.09.10 21:00:00,NONE,0.00000,0.00000,0.00,0.00000,0.00000,0.00000,0.00000,0.00000,0.00000,0.00000,0.00000,0.00000,0.00,0.00,0.00,0.00,0.00,0.00,0.00,"","","","","OutsideUTCWindow",TRUE,TRUE,FALSE,FALSE,FALSE,FALSE,FALSE,FALSE,FALSE,FALSE,FALSE,FALSE,FALSE,FALSE,FALSE,FALSE,FALSE,FALSE,FALSE,"Outside UTC session (08:00 - 16:00 UTC, Current: 21:15)","",0,0,0,0.00000,0.00000,0.00000,0.00000,"",0.00,0.00
2026.09.10 21:30:00,2026.09.10 21:30:00,2026.09.10 21:30:00,"10****84",XAUUSD,108151,2026.09.10 21:15:00,NONE,0.00000,0.00000,0.00,0.00000,0.00000,0.00000,0.00000,0.00000,0.00000,0.00000,0.00000,0.00000,0.00,0.00,0.00,0.00,0.00,0.00,0.00,"","","","","OutsideUTCWindow",TRUE,TRUE,FALSE,FALSE,FALSE,FALSE,FALSE,FALSE,FALSE,FALSE,FALSE,FALSE,FALSE,FALSE,FALSE,FALSE,FALSE,FALSE,FALSE,"Outside UTC session (08:00 - 16:00 UTC, Current: 21:30)","",0,0,0,0.00000,0.00000,0.00000,0.00000,"",0.00,0.00
2026.09.10 21:45:00,2026.09.10 21:45:00,2026.09.10 21:45:00,"10****84",XAUUSD,108151,2026.09.10 21:30:00,NONE,0.00000,0.00000,0.00,0.00000,0.00000,0.00000,0.00000,0.00000,0.00000,0.00000,0.00000,0.00000,0.00,0.00,0.00,0.00,0.00,0.00,0.00,"","","","","OutsideUTCWindow",TRUE,TRUE,FALSE,FALSE,FALSE,FALSE,FALSE,FALSE,FALSE,FALSE,FALSE,FALSE,FALSE,FALSE,FALSE,FALSE,FALSE,FALSE,FALSE,"Outside UTC session (08:00 - 16:00 UTC, Current: 21:45)","",0,0,0,0.00000,0.00000,0.00000,0.00000,"",0.00,0.00
2026.09.10 22:00:00,2026.09.10 22:00:00,2026.09.10 22:00:00,"10****84",XAUUSD,108151,2026.09.10 21:45:00,NONE,0.00000,0.00000,0.00,0.00000,0.00000,0.00000,0.00000,0.00000,0.00000,0.00000,0.00000,0.00000,0.00,0.00,0.00,0.00,0.00,0.00,0.00,"","","","","OutsideUTCWindow",TRUE,TRUE,FALSE,FALSE,FALSE,FALSE,FALSE,FALSE,FALSE,FALSE,FALSE,FALSE,FALSE,FALSE,FALSE,FALSE,FALSE,FALSE,FALSE,"Outside UTC session (08:00 - 16:00 UTC, Current: 22:00)","",0,0,0,0.00000,0.00000,0.00000,0.00000,"",0.00,0.00
2026.09.10 22:15:00,2026.09.10 22:15:00,2026.09.10 22:15:00,"10****84",XAUUSD,108151,2026.09.10 22:00:00,NONE,0.00000,0.00000,0.00,0.00000,0.00000,0.00000,0.00000,0.00000,0.00000,0.00000,0.00000,0.00000,0.00,0.00,0.00,0.00,0.00,0.00,0.00,"","","","","OutsideUTCWindow",TRUE,TRUE,FALSE,FALSE,FALSE,FALSE,FALSE,FALSE,FALSE,FALSE,FALSE,FALSE,FALSE,FALSE,FALSE,FALSE,FALSE,FALSE,FALSE,"Outside UTC session (08:00 - 16:00 UTC, Current: 22:15)","",0,0,0,0.00000,0.00000,0.00000,0.00000,"",0.00,0.00
2026.09.10 22:30:00,2026.09.10 22:30:00,2026.09.10 22:30:00,"10****84",XAUUSD,108151,2026.09.10 22:15:00,NONE,0.00000,0.00000,0.00,0.00000,0.00000,0.00000,0.00000,0.00000,0.00000,0.00000,0.00000,0.00000,0.00,0.00,0.00,0.00,0.00,0.00,0.00,"","","","","OutsideUTCWindow",TRUE,TRUE,FALSE,FALSE,FALSE,FALSE,FALSE,FALSE,FALSE,FALSE,FALSE,FALSE,FALSE,FALSE,FALSE,FALSE,FALSE,FALSE,FALSE,"Outside UTC session (08:00 - 16:00 UTC, Current: 22:30)","",0,0,0,0.00000,0.00000,0.00000,0.00000,"",0.00,0.00
2026.09.10 22:45:00,2026.09.10 22:45:00,2026.09.10 22:45:00,"10****84",XAUUSD,108151,2026.09.10 22:30:00,NONE,0.00000,0.00000,0.00,0.00000,0.00000,0.00000,0.00000,0.00000,0.00000,0.00000,0.00000,0.00000,0.00,0.00,0.00,0.00,0.00,0.00,0.00,"","","","","OutsideUTCWindow",TRUE,TRUE,FALSE,FALSE,FALSE,FALSE,FALSE,FALSE,FALSE,FALSE,FALSE,FALSE,FALSE,FALSE,FALSE,FALSE,FALSE,FALSE,FALSE,"Outside UTC session (08:00 - 16:00 UTC, Current: 22:45)","",0,0,0,0.00000,0.00000,0.00000,0.00000,"",0.00,0.00
